:020000040800F2
:100000000080002019160008C9150008CB1500084B
:10001000CD150008CF150008D1150008000000001C
:10002000000000000000000000000000D3150008E0
:10003000D515000800000000D7150008D9150008E4
:100040006916000869160008691600086916000894
:100050006916000869160008691600086916000884
:100060006916000869160008691600086916000874
:100070006916000869160008691600086916000864
:1000800069160008000000006916000869160008DB
:100090006916000869160008691600086916000844
:1000A0006916000869160008691600086916000834
:1000B000691600086916000869160008DD150008B1
:1000C000E11500086916000869160008691600089D
:1000D0006916000869160008691600086916000804
:1000E00069160008691600086916000869160008F4
:1000F000691600086916000869160008000000006B
:1001000000000000691600080000000069160008E1
:10011000691600080000000069160008691600084A
:1001200069160008691600086916000869160008B3
:1001300069160008000000000000000069160008B1
:1001400069160008691600080000000000000000A1
:10015000000000000000000000000000000000009F
:100160000000000000000000000000006916000808
:1001700069160008000000000000000000000000F8
:1001800000000000691600080000000000000000E8
:10019000000000000000000000000000000000005F
:1001A0000000000000000000691600086916000841
:1001B00069160008691600086916000800000000AA
:1001C00000000000691600080000000000000000A8
:1001D00069160008691600080348044B834202D0E0
:1001E000034B03B118477047300000203000002057
:1001F000000000000548064B1B1AD90F01EBA301B4
:10020000491002D0034B03B118477047300000205B
:10021000300000200000000010B5064C237843B9E0
:10022000FFF7DAFF044B13B10448AFF3008001235A
:10023000237010BD3000002000000000C41600082C
:1002400008B5054B1BB105490548AFF30080BDE873
:100250000840FFF7CFBF00BF0000000034000020BF
:10026000C4160008034AD2F8883043F47003C2F879
:100270008830704700ED00E04FF0E02382B01B694A
:100280000193411C019B18BF01304FF0E0231A6914
:10029000D203FCD50138FAD102B07047014B186087
:1002A000704700BF00000020F0B522F0030605688B
:1002B0000B4697080E44B3420AD112F0030204D051
:1002C000012A11F8274014D12C7003681868F0BD7A
:1002D0005C7893F800C0240444EA0C6493F803C0EB
:1002E00044EA0C0493F802C044EA0C242C60043362
:1002F000E1E7597841EA04212980022A1CBF9B7852
:100300002B70E2E70068F0B5002355088E1C9D4273
:1003100006D1D30744BF31F8253003800068F0BD13
:1003200031F8237036F8234044EA0744046001336F
:10033000EDE7000010B5044608B9012010BD437F69
:1003400003F0FF0213B9027701F08CF80223637700
:100350002379E3B92368134A5A619A6822F0180294
:100360009A6062792368D2B94FF0FF321A619A68B5
:10037000616922F060020A439A609A68A16922F0DA
:1003800080020A439A60012363770020D6E7D4E90C
:100390000212204600F045F80028E2D0CDE722699D
:1003A000E4E700BFB71DC10438B5054698B1437FE7
:1003B000022BDCB20DD00223437703689A6842F027
:1003C00001029A6000245A685C6001F05FF86C7763
:1003D0002C77204638BD0124FBE7F8B50225457788
:1003E0000568AF6847F00107AF60076A022F04464F
:1003F00014D0032F05D0012F0DD0002001236377E7
:10040000F8BD01EB8206B14201D12868F6E751F848
:10041000043B2B60F7E7FFF747FFEFE7FFF772FFBB
:10042000ECE710B51E2321FA03F4E40708D5102ADF
:1004300018D0102A09D862B1082A15D0012010E07E
:10044000013BF0D2102AF4D1F8E7182AF6D1062B96
:10045000F4D800684161836823F018031343836074
:10046000002010BD072BF3E70F2BF1E770470000CA
:1004700010B5094B4FF0FF3200249A639C631A6455
:100480001C649A629C62DA62DC621A631C63FFF786
:10049000EDFF204610BD00BF0010024038B50F4BE5
:1004A0001A6805460AB9012038BD4FF47A73B3FBC8
:1004B000F2F30B4A1068B0FBF3F000F007FB0446C0
:1004C0000028F0D10F2DEED8024629464FF0FF301C
:1004D00000F0CEFA034B20461D60E5E70400002043
:1004E000000000200800002010B5032000F0AEFA44
:1004F0000F20FFF7D3FF044618B901F073F8204628
:1005000010BD0124FBE70000034A04491368096891
:100510000B441360704700BF4C0000200400002013
:10052000014B1868704700BF4C00002070B5294C83
:10053000FFF7F6FF236843F48073054623602368C2
:100540005B0531D5636843F080436360FFF7E8FFE4
:1005500001230646A36041F28835A36803F00C032B
:10056000042B29D11C4B1D4A1A601D4B1868FFF73C
:1005700095FF054660BB4FF4807323602360FFF74F
:10058000CFFF0646236813F000731BD14FF480524F
:10059000E260A3614FF0FF332362D4F8943043F458
:1005A0000003C4F8943005E0FFF7BAFF401B0228AF
:1005B000C5D90325284670BDFFF7B2FF801BA842AE
:1005C000CBD9F6E7FFF7ACFF801B0228DAD9F0E7BA
:1005D0000125EFE700100240000000200024F40095
:1005E00008000020094A536943F4802310B5536181
:1005F000EFF3108272B60023CC58C4500433B3F525
:10060000807FF9D182F3108810BD00BF0020024026
:10061000064B5A69002ABFBF054A9A6002F1883228
:100620009A60BABF5869C00F00207047002002408E
:1006300023016745044B5A6942F000425A615869E8
:10064000C043C00F704700BF0020024070B5054690
:10065000FFF766FF0F4C06462369DA030BD42369C4
:100660004CF2FA3213400DD00B494A681A434A60E3
:100670000120236170BDFFF753FF801BA842EBD917
:100680000320F7E72369DB0744BF01232361002030
:10069000F0E700BF002002400C0000202DE9F047E9
:1006A0001D4E98463378012B05460F46914631D0B2
:1006B0004FF0010A4FF47A7086F800A0FFF7C6FFEA
:1006C0000446B8B97060CDB9144B586940EA0A00C5
:1006D0005861C7F80090BFF36F8FC7F80480544685
:1006E0004FF47A70FFF7B2FF24B10C4A536923EA42
:1006F0000403536100233370BDE8F0876B1E012BA8
:10070000EED849463846FFF76DFFAB1E5D425D41AE
:10071000AC04E5E70220EFE70C00002000200240D7
:10072000064B10F0010F1EBF5A6942F004025A61D5
:100730005A6942F480325A61704700BF002002407B
:10074000084B5A69C00022F4FC7200F4FF601043A9
:1007500058615A6942F002025A615A6942F4803281
:100760005A617047002002401448027F02F0FD03E6
:10077000012B10D1124B196821F40071196019680E
:1007800041F400611960196821F400611960196869
:1007900041F400711960023A012A0CD8084B1A681A
:1007A00042F480521A601A6822F480521A601A6861
:1007B00042F480621A600023037770470C00002027
:1007C000002002402DE9F843314D2B78012B0646DD
:1007D00088465AD001274FF47A702F70FFF736FF02
:1007E000044610BB2B4B68601A6812F4007F1A682D
:1007F00020D0510506D51A6822F480621A600323BE
:100800002B7700E02F773368012B1DD17068FFF73D
:1008100087FF4FF47A70FFF719FF1E4A536923F0E0
:10082000040304465361FFF79FFF00232B7020460B
:10083000BDE8F883520505D51A6822F480621A6073
:100840000223DDE72877DEE74FF0FF33C8F80030FA
:10085000B768DFF84090D6E902321344BB42E2D9D0
:1008600071683846FFF76CFF4FF47A70FFF7EEFEC1
:10087000D9F8143023F4FD73C9F8143018B1C8F84E
:1008800000700446CFE70137E5E70224CFE700BF59
:100890000C000020002002402DE9F74FDFF8808196
:1008A0005D4C00220B6833FA02F502D103B0BDE8BB
:1008B000F08F012505FA02FE1EEA030300F09F8077
:1008C0004E68032706F003054FEA420C07FA0CF9BD
:1008D0006F1E012F34D8876827EA090ACF6807FA04
:1008E0000CF747EA0A078760476827EA0E0EC6F347
:1008F0000017974047EA0E074760C76827EA090EC6
:100900008F6807FA0CF747EA0E07022DC76019D166
:100910004FEAD20E00EB8E0E02F0070ADEF82070CE
:100920004FEA8A0A4FF00F0B0BFA0AFB27EA0B0B70
:100930000F6907FA0AF747EA0B07CEF8207001E0C3
:10094000032DDAD1076805FA0CF527EA09073D43BC
:1009500016F4403F056052D0D8F8605045F00105CC
:10096000C8F86050D8F8605022F0030707F18047BC
:1009700005F0010507F58037019502F0030C019D94
:10098000BD684FEA8C0C4FF00F0E0EFA0CFEB0F162
:10099000904F25EA0E0E34D0204DA84233D005F5F5
:1009A0008065A84231D005F58065A8422FD005F5B5
:1009B0008065A8422DD005F58065A84214BF0625A4
:1009C000052505FA0CF545EA0E05BD60A568F70298
:1009D00054BF9D431D43A560E568B70254BF9D43C6
:1009E0001D43E5606568B70354BF9D431D436560C3
:1009F0002568F60354BF25EA03032B432360013225
:100A000050E70025DDE70125DBE70225D9E70325CF
:100A1000D7E70425D5E700BF0004014000040048E3
:100A2000001002400369194214BF012000207047E2
:100A30000AB181617047816270470000024A936881
:100A400043F4804393607047007000400749CA68D0
:100A500022F4E0620302120403F4E063120C134375
:100A600043F0BF6343F40033CB60704700ED00E018
:100A7000144BDB68C3F3022330B5DD1E042D94BF95
:100A8000C3F1070304234FF0FF3488BF002504FAA5
:100A900003F321EA0301AC40002822EA040201FA30
:100AA00005F141EA0201AEBF00F16040064A00F0E4
:100AB0000F004FEA0113AABF00F56140135480F8FC
:100AC000003330BD00ED00E014ED00E00138B0F17E
:100AD000807F0BD24FF0E023054A5861F02182F865
:100AE00023100020072298611A6170470120704787
:100AF00000ED00E0154B98420BD103F5DE339A6B05
:100B000042F400129A639A6B22F400129A63002056
:100B100070470F4B984209D103F5DC339A6B42F4CE
:100B200080029A639A6B22F48002EFE7094B9842A5
:100B300009D103F5CC339A6B42F080429A639A6BE9
:100B400022F08042E2E70120704700BF00540040DD
:100B50000058004000780040036823F0010310B5FE
:100B60000360D1E90234026843EA042322F4F85214
:100B7000134303604B68036103680C6943F001038E
:100B80000360836823F40043836082688B696FF39A
:100B90000A022343134383601CB1836843F4004378
:100BA000836003680A6823F44013134303604368B7
:100BB0004A6923F4004313434360002010BD2DE92C
:100BC000F04702460D6895FAA5F44FF0010CB4FA0F
:100BD00084F4032735FA04F001D1BDE8F0870CFA5C
:100BE00004F32B4069D04868461E012E1ED8966833
:100BF00093FAA3FEBEFA8EFE4FEA4E0E07FA0EFEE1
:100C000026EA0E0893FAA3FE8E68BEFA8EFE4FEA1D
:100C10004E0E06FA0EF646EA08069660566826EA72
:100C2000050ECE686E434EEA06065660D66893FA05
:100C3000A3FEBEFA8EFE4FEA4E0E07FA0EFE26EA1D
:100C40000E0893FAA3FE0E69BEFA8EFE4FEA4E0E10
:100C500006FA0EF646EA08060228D6601AD1FF2BDD
:100C6000D1F814E02BD8D2F8208093FAA3F6B6FA84
:100C700086F64FF00F09B60009FA06F628EA0608CC
:100C800093FAA3F6B6FA86F6B6000EFA06F646EA28
:100C900008061662D2F800E093FAA3F6B6FA86F6D2
:100CA000760007FA06F62EEA060693FAA3F3B3FADD
:100CB00083F35B0098403043106001348AE7D2F838
:100CC00024801E0A96FAA6F9B9FA89F94FF00F0A9C
:100CD0004FEA89090AFA09F928EA090896FAA6F6F4
:100CE000B6FA86F6B6000EFA06FE4EEA0806566218
:100CF000D0E70000364BB3F8E0204FF6FF739A427E
:100D000070B50AD1334D2C6804F16043B3F5004F40
:100D10000DD9314B0C221A7070BD304BD3F8E02541
:100D20002F4B03EA8223B3F5EC3FEBD2F1E714F04B
:100D30000704EED16B68DA07EBD523F0010303F16A
:100D40007843A3F50053B3F5DC3FE2D2254B264AA6
:100D50002648D3F8FC672946FFF73FFBC04386428D
:100D6000D7D123486D68036823F008030360036844
:100D700023F001030360FFF7BDFE1C48FFF714FBDF
:100D80004FF0FF32A30003F1604303F561430134E8
:100D9000082CC3F88020C3F88021F3D1FFF7C6FBED
:100DA000FFF766FB4FF0E02300221A615A619A6157
:100DB000104A4FF020635360064B9360BFF34F8F90
:100DC000BFF36F8F1B6883F30888A847FEE700BF57
:100DD0000075FF1F00200008540000200070FF1F56
:100DE00000FCFF0300D00108FCB7010064080020EC
:100DF0000054004000ED00E0344B9A6930B515070F
:100E000013D50821D9611968314821F0060119600C
:100E1000196812F4803441F0200119603AD002219F
:100E20000170196841F00201196054070ED5274B73
:100E30002848596A048840F60705A4B2AC4237D85E
:100E400003889BB25C1C04802348C154900704D5DE
:100E5000224B1E491B78DBB28B62D10642BF1B4B73
:100E60001021D961930614D5184B3022DA611A6823
:100E700022F026021A60164A1178032920D115495A
:100E8000174809880180012111701A6822F00802B0
:100E90001A6030BD596821F4004159600D490C8039
:100EA00010490C7003210170196841F00401BBE77F
:100EB0000C4901200870596841F400415960C5E7A8
:100EC000002111701A6842F00802E1E70054004066
:100ED0005500002062080020560000205400002029
:100EE000600800205E0800200E4B0F491A6822F0AF
:100EF00001021A6043F63872DA611A6822F026029B
:100F00001A6000220A8009490A7009490A70094AD0
:100F1000012111701A680A431A601A6842F0080227
:100F20001A60704700540040620800205E080020EC
:100F3000550000205400002037B5414A136823F0C3
:100F40000F0343F004031360136803F00F03042B33
:100F5000FAD13C4A3C4CD2F8803023F48073C2F87A
:100F60008030236843F480732360FFF7D9FA00F1DF
:100F7000640523685A0506D4FFF7D2FA401B0028FF
:100F8000F7DB72B6FEE7636823F0FE4343F080436D
:100F90006360E2682D4B134043F4A85343F002030F
:100FA000E360E36843F08073E360236843F0807399
:100FB0002360FFF7B5FA00F1640523689B0106D4AE
:100FC000FFF7AEFA401B0028F7DB72B6FEE7A36816
:100FD00043F00303A360A36823F0F00343F080030E
:100FE000A360FFF79DFA00F16405A36803F00C030A
:100FF0000C2B18D155230193019BDBB9A36814482E
:1010000023F0F003A360A36823F4E063A360A36864
:1010100023F46053A360FFF741F90F20FFF73EFA76
:1010200058B172B6FEE7FFF77BFA401B0028DCDB05
:1010300072B6FEE7019B013BDDE703B030BD00BFA8
:101040000020024000700040001002400C80FFF9B8
:10105000007A030A2DE980488BB0FFF745FAFFF7C5
:101060006BFF00F07FF900F0DFF900F0ABF91E2014
:10107000FFF702F94FF400414FF09040FFF7D2FC28
:1010800000284BD1A8488021FFF7CCFC002845D18F
:10109000FFF746FA00F5FA70DFF8BCA2DFF8BC9261
:1010A000CAF8000000F000FAA04B1A6842F00102F2
:1010B0001A601A6842F080021A601A6842F0080248
:1010C0001A6099F800305BB1FFF72AFADAF80030BD
:1010D000C01A002804DB002389F80030FFF70AFE5D
:1010E000934B93F80080B8F1010FEAD1914B4FF088
:1010F0000042C3F88020BFF34F8FBFF36F8F8E4B3A
:101100008B491E888D4B1B780022B6B20A7003F003
:10111000FF0533B18A4B02221A706EE0FFF700FA26
:10112000BAE716B9864B0322F6E7864F3B78062BC3
:10113000DCB206D0772CF5D189F80050FFF7DAFD44
:101140005BE0FFF7EDF900F5F42000F59070CAF8C8
:1011500000001022294606A889F8008000F085FAD0
:10116000072E059540F2D780774BB3F8E0204FF675
:10117000FF739A4209D0754BD3F8E025744B03EA0C
:101180008223B3F5EC3FC0F0C8807878BD78FB7857
:101190003A79797997F8068048EA012808F1FF3111
:1011A000B1F5006FEDB2DBB2D2B280F0B88008F1D9
:1011B000080189B28E42C0F0B2802D0445EA006574
:1011C000154345EA032505F17843A3F50053B3F52C
:1011D000D83F00F2A680C5F30A0363B95D4CA3694A
:1011E0004CF2FA3643F04043A36132202661FFF708
:1011F0002DFA60B10724524B1C704C4A136843F01F
:10120000080313604B4B4FF000421A6059E7FFF799
:10121000FFF90028EED1012309930793EB0AA3F508
:101220008033069008934FF0030BA36943F04043CB
:10123000A36105A9266106A8FFF7C4FA40B10BF126
:10124000FF3B1BF0FF0BF0D1FFF7F4F90824D2E7C6
:1012500006464FF0FF0BA8EB06039BB2082B28BFF6
:101260000823DBB24FF0FF3206F10801019300249E
:10127000134602910198E1B2814217D3354988693A
:1012800040F0404088614CF2FA300861711900204A
:10129000CDE902320191FFF701FADDE90113039A6A
:1012A000044638B3FFF7C6F90924A4E7E000A0F12B
:1012B0002001C0F1200C2BFA0CFC0BFA01F141EAE1
:1012C0000C0123EA0101029B23440BFA00FC22EAF1
:1012D0000C0CFA5CA0F1200EC0F1200302FA0EFE05
:1012E00022FA03F34EEA0303824042EA0C020B4364
:1012F0000134BFE7D1E900018B4208BF824203D02D
:10130000FFF798F90A2476E70836B6B2B045A2D8B6
:10131000FFF790F96FE703246DE70B246BE70424D4
:1013200069E7052467E700BF000400480054004057
:101330005500002000E100E0600800205E08002069
:1013400054000020560000200075FF1F0070FF1F92
:1013500000FCFF0300200240500000202C00002071
:1013600072B6FEE700B589B01422002103A800F090
:101370007CF9124B1248DA6C42F00202DA64DA6C41
:1013800002F002020192019ADA6C42F00102DA6480
:10139000DB6C03F00103029300220221029BFFF7A2
:1013A00047FB02220123CDE903230548002303A9BB
:1013B000CDE90533FFF770FA09B000BD0010024017
:1013C0000004004800B5102289B00DEB0200002196
:1013D00000F04BF9124BDA6C42F00202DA64DA6C7C
:1013E00002F002020192019ADA6C42F00102DA6420
:1013F000DB6C03F001030293029B4FF40043039361
:1014000003A901234FF090400593FFF745FA80238D
:101410000448039303A9FFF73FFA09B000BD00BFDA
:1014200000100240000400480C4A08B50C4B136041
:101430004FF4807393804FF0FF312023C2E90413EF
:1014400080239361104601231362FEF773FF18B1E6
:10145000BDE80840FFF784BF08BD00BF6408002056
:10146000003002400268084B9A4282B00AD1A3F5CC
:1014700000539A6C42F480529A649B6C03F480533C
:101480000193019B02B07047003002400268044B98
:101490009A4201BF034A936C23F4805393647047CC
:1014A00000300240001002402DE9F04190B0404C65
:1014B0001C22002109A800F0D8F81822002103A856
:1014C00000F0D3F8D4F8883023F44053C4F88830BF
:1014D000E36C43F00103E364E36C03F00103029364
:1014E000029BE36C43F00203E364E36C03F002034A
:1014F000019301260025019B07964FF400434FF00E
:101500000208042703A94FF09040CDE90338CDE944
:1015100005560897FFF753FB802303A92548CDE91B
:101520000338CDE90556CDE90767FFF748FB224AA6
:10153000536843F400335360A36D204A43F400130F
:10154000A365A36D03F400130093009BD3681C4BA9
:1015500083F81F534FF000411960D26883F820537D
:101560005E60184B0995A4F5DE34CDE90A3509A96A
:10157000A8232046CDE90D350C950F95FFF7ECFA21
:10158000636843F000736360E3686FF34A03E360EA
:10159000E36823F40043E360236823F4002323601B
:1015A000236823F40033236010B0BDE8F08100BF4E
:1015B00000100240000400480000014000ED00E07F
:1015C00000E100E0651E5020FEE7FEE7FEE7FEE7D3
:1015D000FEE7704770477047FEF796BFFFF70CBCF9
:1015E000FFF782BC0B4B1A6E42F0010282B01A6602
:1015F0001A6E02F001020092009A9A6D42F0805237
:101600009A659B6D03F080530193019B02B0FFF735
:1016100015BA00BF001002400D4885460D480E491E
:101620000E4A002302E0D458C4500433C4188C423C
:10163000F9D30B4A0B4C002301E013600432A242A1
:10164000FBD3FEF70FFE00F019F8FFF703FDFEE7EE
:10165000008000200000002030000020E416000878
:101660003000002088080020FEE702440346934231
:1016700000D1704703F8011BF9E7000070B50D4B6E
:101680000D4C00261D1BB6EBA50F09D100F01AF872
:101690000A4C0B4B00261D1BB6EBA50F05D170BDE8
:1016A00054F8043B98470136EDE754F8043B98475B
:1016B0000136F1E7DC160008DC160008DC1600082D
:1016C000E0160008F8B500BFF8BC08BC9E4670479D
:1016D000F8B500BFF8BC08BC9E4670474102000840
:1016E000190200080024F4000100000010000000AE
:1016F00000000000000000000000000000000000EA
:1017000001000000000000000000000000000000D8
:1017100001000000FFFFFFFFFFFFFFFFFFFFFFFFD4
:10172000FFFFFFFFFFFFFFFFFFFFFFFFFFFFFFFFC9
:10173000FFFFFFFFFFFFFFFFFFFFFFFFFFFFFFFFB9
:10174000FFFFFFFFFFFFFFFFFFFFFFFFFFFFFFFFA9
:10175000FFFFFFFFFFFFFFFFFFFFFFFFFFFFFFFF99
:10176000FFFFFFFFFFFFFFFFFFFFFFFFFFFFFFFF89
:10177000FFFFFFFFFFFFFFFFFFFFFFFFFFFFFFFF79
:10178000FFFFFFFFFFFFFFFFFFFFFFFFFFFFFFFF69
:10179000FFFFFFFFFFFFFFFFFFFFFFFFFFFFFFFF59
:1017A000FFFFFFFFFFFFFFFFFFFFFFFFFFFFFFFF49
:1017B000FFFFFFFFFFFFFFFFFFFFFFFFFFFFFFFF39
:1017C000FFFFFFFFFFFFFFFFFFFFFFFFFFFFFFFF29
:1017D000FFFFFFFFFFFFFFFFFFFFFFFFFFFFFFFF19
:1017E000FFFFFFFFFFFFFFFFFFFFFFFFFFFFFFFF09
:1017F000FFFFFFFFFFFFFFFFFFFFFFFFFFFFFFFFF9
:10180000FFFFFFFFFFFFFFFFFFFFFFFFFFFFFFFFE8
:10181000FFFFFFFFFFFFFFFFFFFFFFFFFFFFFFFFD8
:10182000FFFFFFFFFFFFFFFFFFFFFFFFFFFFFFFFC8
:10183000FFFFFFFFFFFFFFFFFFFFFFFFFFFFFFFFB8
:10184000FFFFFFFFFFFFFFFFFFFFFFFFFFFFFFFFA8
:10185000FFFFFFFFFFFFFFFFFFFFFFFFFFFFFFFF98
:10186000FFFFFFFFFFFFFFFFFFFFFFFFFFFFFFFF88
:10187000FFFFFFFFFFFFFFFFFFFFFFFFFFFFFFFF78
:10188000FFFFFFFFFFFFFFFFFFFFFFFFFFFFFFFF68
:10189000FFFFFFFFFFFFFFFFFFFFFFFFFFFFFFFF58
:1018A000FFFFFFFFFFFFFFFFFFFFFFFFFFFFFFFF48
:1018B000FFFFFFFFFFFFFFFFFFFFFFFFFFFFFFFF38
:1018C000FFFFFFFFFFFFFFFFFFFFFFFFFFFFFFFF28
:1018D000FFFFFFFFFFFFFFFFFFFFFFFFFFFFFFFF18
:1018E000FFFFFFFFFFFFFFFFFFFFFFFFFFFFFFFF08
:1018F000FFFFFFFFFFFFFFFFFFFFFFFFFFFFFFFFF8
:10190000FFFFFFFFFFFFFFFFFFFFFFFFFFFFFFFFE7
:10191000FFFFFFFFFFFFFFFFFFFFFFFFFFFFFFFFD7
:10192000FFFFFFFFFFFFFFFFFFFFFFFFFFFFFFFFC7
:10193000FFFFFFFFFFFFFFFFFFFFFFFFFFFFFFFFB7
:10194000FFFFFFFFFFFFFFFFFFFFFFFFFFFFFFFFA7
:10195000FFFFFFFFFFFFFFFFFFFFFFFFFFFFFFFF97
:10196000FFFFFFFFFFFFFFFFFFFFFFFFFFFFFFFF87
:10197000FFFFFFFFFFFFFFFFFFFFFFFFFFFFFFFF77
:10198000FFFFFFFFFFFFFFFFFFFFFFFFFFFFFFFF67
:10199000FFFFFFFFFFFFFFFFFFFFFFFFFFFFFFFF57
:1019A000FFFFFFFFFFFFFFFFFFFFFFFFFFFFFFFF47
:1019B000FFFFFFFFFFFFFFFFFFFFFFFFFFFFFFFF37
:1019C000FFFFFFFFFFFFFFFFFFFFFFFFFFFFFFFF27
:1019D000FFFFFFFFFFFFFFFFFFFFFFFFFFFFFFFF17
:1019E000FFFFFFFFFFFFFFFFFFFFFFFFFFFFFFFF07
:1019F000FFFFFFFFFFFFFFFFFFFFFFFFFFFFFFFFF7
:101A0000FFFFFFFFFFFFFFFFFFFFFFFFFFFFFFFFE6
:101A1000FFFFFFFFFFFFFFFFFFFFFFFFFFFFFFFFD6
:101A2000FFFFFFFFFFFFFFFFFFFFFFFFFFFFFFFFC6
:101A3000FFFFFFFFFFFFFFFFFFFFFFFFFFFFFFFFB6
:101A4000FFFFFFFFFFFFFFFFFFFFFFFFFFFFFFFFA6
:101A5000FFFFFFFFFFFFFFFFFFFFFFFFFFFFFFFF96
:101A6000FFFFFFFFFFFFFFFFFFFFFFFFFFFFFFFF86
:101A7000FFFFFFFFFFFFFFFFFFFFFFFFFFFFFFFF76
:101A8000FFFFFFFFFFFFFFFFFFFFFFFFFFFFFFFF66
:101A9000FFFFFFFFFFFFFFFFFFFFFFFFFFFFFFFF56
:101AA000FFFFFFFFFFFFFFFFFFFFFFFFFFFFFFFF46
:101AB000FFFFFFFFFFFFFFFFFFFFFFFFFFFFFFFF36
:101AC000FFFFFFFFFFFFFFFFFFFFFFFFFFFFFFFF26
:101AD000FFFFFFFFFFFFFFFFFFFFFFFFFFFFFFFF16
:101AE000FFFFFFFFFFFFFFFFFFFFFFFFFFFFFFFF06
:101AF000FFFFFFFFFFFFFFFFFFFFFFFFFFFFFFFFF6
:101B0000FFFFFFFFFFFFFFFFFFFFFFFFFFFFFFFFE5
:101B1000FFFFFFFFFFFFFFFFFFFFFFFFFFFFFFFFD5
:101B2000FFFFFFFFFFFFFFFFFFFFFFFFFFFFFFFFC5
:101B3000FFFFFFFFFFFFFFFFFFFFFFFFFFFFFFFFB5
:101B4000FFFFFFFFFFFFFFFFFFFFFFFFFFFFFFFFA5
:101B5000FFFFFFFFFFFFFFFFFFFFFFFFFFFFFFFF95
:101B6000FFFFFFFFFFFFFFFFFFFFFFFFFFFFFFFF85
:101B7000FFFFFFFFFFFFFFFFFFFFFFFFFFFFFFFF75
:101B8000FFFFFFFFFFFFFFFFFFFFFFFFFFFFFFFF65
:101B9000FFFFFFFFFFFFFFFFFFFFFFFFFFFFFFFF55
:101BA000FFFFFFFFFFFFFFFFFFFFFFFFFFFFFFFF45
:101BB000FFFFFFFFFFFFFFFFFFFFFFFFFFFFFFFF35
:101BC000FFFFFFFFFFFFFFFFFFFFFFFFFFFFFFFF25
:101BD000FFFFFFFFFFFFFFFFFFFFFFFFFFFFFFFF15
:101BE000FFFFFFFFFFFFFFFFFFFFFFFFFFFFFFFF05
:101BF000FFFFFFFFFFFFFFFFFFFFFFFFFFFFFFFFF5
:101C0000FFFFFFFFFFFFFFFFFFFFFFFFFFFFFFFFE4
:101C1000FFFFFFFFFFFFFFFFFFFFFFFFFFFFFFFFD4
:101C2000FFFFFFFFFFFFFFFFFFFFFFFFFFFFFFFFC4
:101C3000FFFFFFFFFFFFFFFFFFFFFFFFFFFFFFFFB4
:101C4000FFFFFFFFFFFFFFFFFFFFFFFFFFFFFFFFA4
:101C5000FFFFFFFFFFFFFFFFFFFFFFFFFFFFFFFF94
:101C6000FFFFFFFFFFFFFFFFFFFFFFFFFFFFFFFF84
:101C7000FFFFFFFFFFFFFFFFFFFFFFFFFFFFFFFF74
:101C8000FFFFFFFFFFFFFFFFFFFFFFFFFFFFFFFF64
:101C9000FFFFFFFFFFFFFFFFFFFFFFFFFFFFFFFF54
:101CA000FFFFFFFFFFFFFFFFFFFFFFFFFFFFFFFF44
:101CB000FFFFFFFFFFFFFFFFFFFFFFFFFFFFFFFF34
:101CC000FFFFFFFFFFFFFFFFFFFFFFFFFFFFFFFF24
:101CD000FFFFFFFFFFFFFFFFFFFFFFFFFFFFFFFF14
:101CE000FFFFFFFFFFFFFFFFFFFFFFFFFFFFFFFF04
:101CF000FFFFFFFFFFFFFFFFFFFFFFFFFFFFFFFFF4
:101D0000FFFFFFFFFFFFFFFFFFFFFFFFFFFFFFFFE3
:101D1000FFFFFFFFFFFFFFFFFFFFFFFFFFFFFFFFD3
:101D2000FFFFFFFFFFFFFFFFFFFFFFFFFFFFFFFFC3
:101D3000FFFFFFFFFFFFFFFFFFFFFFFFFFFFFFFFB3
:101D4000FFFFFFFFFFFFFFFFFFFFFFFFFFFFFFFFA3
:101D5000FFFFFFFFFFFFFFFFFFFFFFFFFFFFFFFF93
:101D6000FFFFFFFFFFFFFFFFFFFFFFFFFFFFFFFF83
:101D7000FFFFFFFFFFFFFFFFFFFFFFFFFFFFFFFF73
:101D8000FFFFFFFFFFFFFFFFFFFFFFFFFFFFFFFF63
:101D9000FFFFFFFFFFFFFFFFFFFFFFFFFFFFFFFF53
:101DA000FFFFFFFFFFFFFFFFFFFFFFFFFFFFFFFF43
:101DB000FFFFFFFFFFFFFFFFFFFFFFFFFFFFFFFF33
:101DC000FFFFFFFFFFFFFFFFFFFFFFFFFFFFFFFF23
:101DD000FFFFFFFFFFFFFFFFFFFFFFFFFFFFFFFF13
:101DE000FFFFFFFFFFFFFFFFFFFFFFFFFFFFFFFF03
:101DF000FFFFFFFFFFFFFFFFFFFFFFFFFFFFFFFFF3
:101E0000FFFFFFFFFFFFFFFFFFFFFFFFFFFFFFFFE2
:101E1000FFFFFFFFFFFFFFFFFFFFFFFFFFFFFFFFD2
:101E2000FFFFFFFFFFFFFFFFFFFFFFFFFFFFFFFFC2
:101E3000FFFFFFFFFFFFFFFFFFFFFFFFFFFFFFFFB2
:101E4000FFFFFFFFFFFFFFFFFFFFFFFFFFFFFFFFA2
:101E5000FFFFFFFFFFFFFFFFFFFFFFFFFFFFFFFF92
:101E6000FFFFFFFFFFFFFFFFFFFFFFFFFFFFFFFF82
:101E7000FFFFFFFFFFFFFFFFFFFFFFFFFFFFFFFF72
:101E8000FFFFFFFFFFFFFFFFFFFFFFFFFFFFFFFF62
:101E9000FFFFFFFFFFFFFFFFFFFFFFFFFFFFFFFF52
:101EA000FFFFFFFFFFFFFFFFFFFFFFFFFFFFFFFF42
:101EB000FFFFFFFFFFFFFFFFFFFFFFFFFFFFFFFF32
:101EC000FFFFFFFFFFFFFFFFFFFFFFFFFFFFFFFF22
:101ED000FFFFFFFFFFFFFFFFFFFFFFFFFFFFFFFF12
:101EE000FFFFFFFFFFFFFFFFFFFFFFFFFFFFFFFF02
:101EF000FFFFFFFFFFFFFFFFFFFFFFFFFFFFFFFFF2
:101F0000FFFFFFFFFFFFFFFFFFFFFFFFFFFFFFFFE1
:101F1000FFFFFFFFFFFFFFFFFFFFFFFFFFFFFFFFD1
:101F2000FFFFFFFFFFFFFFFFFFFFFFFFFFFFFFFFC1
:101F3000FFFFFFFFFFFFFFFFFFFFFFFFFFFFFFFFB1
:101F4000FFFFFFFFFFFFFFFFFFFFFFFFFFFFFFFFA1
:101F5000FFFFFFFFFFFFFFFFFFFFFFFFFFFFFFFF91
:101F6000FFFFFFFFFFFFFFFFFFFFFFFFFFFFFFFF81
:101F7000FFFFFFFFFFFFFFFFFFFFFFFFFFFFFFFF71
:101F8000FFFFFFFFFFFFFFFFFFFFFFFFFFFFFFFF61
:101F9000FFFFFFFFFFFFFFFFFFFFFFFFFFFFFFFF51
:101FA000FFFFFFFFFFFFFFFFFFFFFFFFFFFFFFFF41
:101FB000FFFFFFFFFFFFFFFFFFFFFFFFFFFFFFFF31
:101FC000FFFFFFFFFFFFFFFFFFFFFFFFFFFFFFFF21
:101FD000FFFFFFFFFFFFFFFFFFFFFFFFFFFFFFFF11
:101FE000FFFFFFFFFFFFFFFFFFFFFFFFFFFFFFFF01
:101FF000FFFFFFFFFFFFFFFFFFFFFFFFFFFFFF01EF
:10200000F87F00207D7B0008457A0008477A0008A9
:10201000497A00084B7A00084D7A00080000000059
:102020000000000000000000000000004F7A0008DF
:10203000517A000800000000537A0008557A000821
:10204000CD7B0008CD7B0008CD7B0008CD7B000850
:10205000CD7B0008CD7B0008CD7B0008CD7B000840
:10206000CD7B0008CD7B0008CD7B0008597A0008A5
:10207000657A0008797A0008857A0008CD7B000827
:10208000CD7B000800000000CD7B0008CD7B000860
:10209000CD7B0008CD7B0008CD7B0008CD7B000800
:1020A000CD7B0008F9F90008CD7B0008CD7B000846
:1020B000CD7B0008CD7B0008CD7B0008877A000827
:1020C0008B7A0008CD7B0008CD7B0008CD7B000813
:1020D000CD7B0008CD7B0008CD7B0008917A0008FD
:1020E000CD7B0008CD7B0008CD7B0008CD7B0008B0
:1020F000CD7B0008CD7B0008CD7B000800000000F0
:1021000000000000CD7B000800000000CD7B00082F
:10211000CD7B000800000000CD7B0008CD7B0008CF
:10212000CD7B0008CD7B0008CD7B0008CD7B00086F
:10213000CD7B00080000000000000000CD7B0008FF
:10214000CD7B0008CD7B00080000000000000000EF
:10215000000000000000000000000000000000007F
:10216000000000000000000000000000CD7B00081F
:10217000CD7B00080000000000000000000000000F
:1021800000000000CD7B00080000000000000000FF
:10219000000000000000000000000000000000003F
:1021A0000000000000000000CD7B0008CD7B00088F
:1021B000CD7B0008CD7B0008CD7B0008000000002F
:1021C00000000000CD7B00080000000000000000BF
:1021D000CD7B0008CD7B000800000000000000005F
:1021E00081F0004102E000BF83F0004330B54FEAC8
:1021F00041044FEA430594EA050F08BF90EA020F35
:102200001FBF54EA000C55EA020C7FEA645C7FEAC7
:10221000655C00F0E2804FEA5454D4EB5555B8BFEA
:102220006D420CDD2C4480EA020281EA030382EA5B
:10223000000083EA010180EA020281EA0303362DED
:1022400088BF30BD11F0004F4FEA01314FF4801CC0
:102250004CEA113102D0404261EB410113F0004FD2
:102260004FEA03334CEA133302D0524263EB430389
:1022700094EA050F00F0A780A4F10104D5F1200E27
:102280000DDB02FA0EFC22FA05F2801841F1000182
:1022900003FA0EF2801843FA05F359410EE0A5F156
:1022A00020050EF1200E012A03FA0EFC28BF4CF087
:1022B000020C43FA05F3C01851EBE37101F000453D
:1022C00007D54FF0000EDCF1000C7EEB00006EEB4A
:1022D0000101B1F5801F1BD3B1F5001F0CD34908D4
:1022E0005FEA30004FEA3C0C04F101044FEA44522B
:1022F00012F5800F80F09A80BCF1004F08BF5FEAB2
:10230000500C50F1000041EB045141EA050130BD91
:102310005FEA4C0C404141EB0101013C28BFB1F5A3
:10232000801FE9D291F0000F04BF01460020B1FAEE
:1023300081F308BF2033A3F10B03B3F120020CDAC1
:102340000C3208DD02F1140CC2F10C0201FA0CF09F
:1023500021FA02F10CE002F11402D8BFC2F1200C04
:1023600001FA02F120FA0CFCDCBF41EA0C019040BA
:10237000E41AA2BF01EB0451294330BD6FEA040403
:102380001F3C1CDA0C340EDC04F11404C4F12002EE
:1023900020FA04F001FA02F340EA030021FA04F300
:1023A00045EA030130BDC4F10C04C4F1200220FA57
:1023B00002F001FA04F340EA0300294630BD21FA95
:1023C00004F0294630BD94F0000F83F4801306BF5B
:1023D00081F480110134013D4EE77FEA645C18BF4F
:1023E0007FEA655C29D094EA050F08BF90EA020FE6
:1023F00005D054EA000C04BF1946104630BD91EADE
:10240000030F1EBF0021002030BD5FEA545C05D1E0
:102410004000494128BF41F0004130BD14F580041F
:102420003CBF01F5801130BD01F0004545F0FE4193
:1024300041F470014FF0000030BD7FEA645C1ABFC8
:10244000194610467FEA655C1CBF0B46024650EAFF
:10245000013406BF52EA033591EA030F41F400212B
:1024600030BD00BF90F0000F04BF0021704730B5B1
:102470004FF4806404F132044FF000054FF0000186
:1024800050E700BF90F0000F04BF0021704730B547
:102490004FF4806404F1320410F0004548BF40421C
:1024A0004FF000013EE700BF42004FEAE2014FEA71
:1024B00031014FEA02701FBF12F07F4393F07F4F4C
:1024C00081F06051704732F07F4208BF704793F04F
:1024D0007F4F04BF41F40021704730B54FF4607462
:1024E00001F0004521F000411CE700BF50EA010265
:1024F00008BF704730B54FF000050AE050EA01020E
:1025000008BF704730B511F0004502D5404261EB7D
:1025100041014FF4806404F132045FEA915C3FF4BE
:10252000D8AE4FF003025FEADC0C18BF03325FEA5B
:10253000DC0C18BF033202EBDC02C2F1200300FA0C
:1025400003FC20FA02F001FA03FE40EA0E0021FA31
:1025500002F11444BDE600BF70B54FF0FF0C4CF41F
:10256000E06C1CEA11541DBF1CEA135594EA0C0FD1
:1025700095EA0C0F00F0DEF82C4481EA030621EA0C
:102580004C5123EA4C5350EA013518BF52EA033547
:1025900041F4801143F4801338D0A0FB02CE4FF0F9
:1025A0000005E1FB02E506F00042E0FB03E54FF029
:1025B0000006E1FB03569CF0000F18BF4EF0010E21
:1025C000A4F1FF04B6F5007F64F5407404D25FEA1D
:1025D0004E0E6D4146EB060642EAC62141EA5551D0
:1025E0004FEAC52040EA5E504FEACE2EB4F1FD0C12
:1025F00088BFBCF5E06F1ED8BEF1004F08BF5FEA90
:10260000500E50F1000041EB045170BD06F0004641
:1026100046EA010140EA020081EA0301B4EB5C04EE
:10262000C2BFD4EB0C0541EA045170BD41F48011E6
:102630004FF0000E013C00F3AB8014F1360FDEBF0B
:10264000002001F0004170BDC4F10004203C35DAE7
:102650000C341BDC04F11404C4F1200500FA05F36A
:1026600020FA04F001FA05F240EA020001F000420B
:1026700021F0004110EBD37021FA04F642EB060181
:102680005EEA430E08BF20EAD37070BDC4F10C04AB
:10269000C4F1200500FA04F320FA05F001FA04F26F
:1026A00040EA020001F0004110EBD37041F100015B
:1026B0005EEA430E08BF20EAD37070BDC4F1200566
:1026C00000FA05F24EEA020E20FA04F301FA05F2CE
:1026D00043EA020321FA04F001F0004121FA04F276
:1026E00020EA020000EBD3705EEA430E08BF20EA46
:1026F000D37070BD94F0000F0FD101F00046400080
:1027000041EB010111F4801F08BF013CF7D041EA01
:10271000060195F0000F18BF704703F00046520005
:1027200043EB030313F4801F08BF013DF7D043EAD6
:102730000603704794EA0C0F0CEA135518BF95EA8C
:102740000C0F0CD050EA410618BF52EA4306D1D113
:1027500081EA030101F000414FF0000070BD50EA32
:10276000410606BF1046194652EA430619D094EABC
:102770000C0F02D150EA013613D195EA0C0F05D1A6
:1027800052EA03361CBF104619460AD181EA0301FA
:1027900001F0004141F0FE4141F470014FF00000B2
:1027A00070BD41F0FE4141F4780170BD70B54FF04D
:1027B000FF0C4CF4E06C1CEA11541DBF1CEA1355CD
:1027C00094EA0C0F95EA0C0F00F0A7F8A4EB0504AF
:1027D00081EA030E52EA03354FEA013100F08880A6
:1027E0004FEA03334FF0805545EA131343EA12636F
:1027F0004FEA022245EA111545EA10654FEA002624
:102800000EF000419D4208BF964244F1FD0404F5DC
:10281000407402D25B084FEA3202B61A65EB030538
:102820005B084FEA32024FF480104FF4002CB6EBF5
:10283000020E75EB030E22BFB61A754640EA0C0075
:102840005B084FEA3202B6EB020E75EB030E22BFB5
:10285000B61A754640EA5C005B084FEA3202B6EBF6
:10286000020E75EB030E22BFB61A754640EA9C00B5
:102870005B084FEA3202B6EB020E75EB030E22BF85
:10288000B61A754640EADC0055EA060E18D04FEA43
:10289000051545EA16754FEA06164FEAC30343EAE3
:1028A00052734FEAC2025FEA1C1CC0D111F4801FB0
:1028B0000BD141EA00014FF000004FF0004CB6E7A9
:1028C00011F4801F04BF01430020B4F1FD0C88BF48
:1028D000BCF5E06F3FF6AFAEB5EB030C04BFB6EB53
:1028E000020C5FEA500C50F1000041EB045170BD46
:1028F0000EF0004E4EEA113114EB5C04C2BFD4EB73
:102900000C0541EA045170BD41F480114FF0000EF6
:10291000013C90E645EA060E8DE60CEA135594EA72
:102920000C0F08BF95EA0C0F3FF43BAF94EA0C0F75
:102930000AD150EA01347FF434AF95EA0C0F7FF4EA
:1029400025AF104619462CE795EA0C0F06D152EA3E
:1029500003353FF4FDAE1046194622E750EA410622
:1029600018BF52EA43067FF4C5AE50EA41047FF433
:102970000DAF52EA43057FF4EBAE12E780F0004062
:1029800002E000BF81F0004142001FBF5FEA410347
:1029900092EA030F7FEA226C7FEA236C6AD04FEA47
:1029A0001262D2EB1363C1BFD2184140484041408C
:1029B000B8BF5B42192B88BF704710F0004F40F43E
:1029C000000020F07F4018BF404211F0004F41F45A
:1029D000000121F07F4118BF494292EA030F3FD026
:1029E000A2F1010241FA03FC10EB0C00C3F1200339
:1029F00001FA03F100F0004302D5494260EB4000C8
:102A0000B0F5000F13D3B0F1807F06D340084FEA32
:102A1000310102F10102FE2A51D2B1F1004F40EB27
:102A2000C25008BF20F0010040EA0300704749008F
:102A300040EB0000013A28BFB0F5000FEDD2B0FA2C
:102A400080FCACF1080CB2EB0C0200FA0CF0AABF4F
:102A500000EBC25052421843BCBFD04018437047ED
:102A600092F0000F81F4000106BF80F400000132F3
:102A7000013BB5E74FEA41037FEA226C18BF7FEACA
:102A8000236C21D092EA030F04D092F0000F08BF0C
:102A90000846704790EA010F1CBF0020704712F0F3
:102AA0007F4F04D1400028BF40F00040704712F132
:102AB00000723CBF00F50000704700F0004343F097
:102AC000FE4040F4000070477FEA226216BF0846CD
:102AD0007FEA23630146420206BF5FEA412390EA90
:102AE000010F40F4800070474FF0000304E000BF86
:102AF00010F0004348BF40425FEA000C08BF704737
:102B000043F0964301464FF000001CE050EA0102FA
:102B100008BF70474FF000030AE000BF50EA01020F
:102B200008BF704711F0004302D5404261EB4101FC
:102B30005FEA010C02BF84460146002043F0B64321
:102B400008BFA3F18053A3F50003BCFA8CF2083A46
:102B5000A3EBC25310DB01FA02FC634400FA02FC4F
:102B6000C2F12002BCF1004F20FA02F243EB020056
:102B700008BF20F00100704702F1200201FA02FCB8
:102B8000C2F1200250EA4C0021FA02F243EB0200AB
:102B900008BF20EADC707047000000000000000061
:102BA00001F0FF01102A2BDB10F0070F08D010F8FE
:102BB000013B013A8B422DD010F0070F42B3F6D102
:102BC000F0B441EA012141EA014122F007047FF01B
:102BD00000070023F0E80256083C85EA010586EA72
:102BE000010685FA47F5A3FA87F586FA47F6A5FAAE
:102BF00087F68EB9EED1F0BC01F0FF0102F00702BA
:102C000032B110F8013B013A83EA010313B1F8D164
:102C10000020704701387047002D06BF3546033845
:102C2000073815F0010F07D1013015F4807F02BF7E
:102C3000013015F4C03F0130F0BC0138704700BFCF
:102C4000034613F8012B002AFBD1181A01387047EC
:102C50004FF0FF3C06E000BF4FF0010C02E000BF68
:102C60004FF0010C4DF804CD4FEA410C7FEA6C5C4B
:102C70004FEA430C18BF7FEA6C5C1BD001B050EAEE
:102C8000410C0CBF52EA430C91EA030F02BF90EAD9
:102C9000020F0020704710F1000F91EA030F58BF98
:102CA000994208BF90422CBFD8176FEAE37040F0FA
:102CB000010070474FEA410C7FEA6C5C02D150EA98
:102CC000013C07D14FEA430C7FEA6C5CD6D152EA53
:102CD000033CD3D05DF8040B704700BF8446104618
:102CE00062468C461946634600E000BF01B5FFF717
:102CF000B7FF002848BF10F1000F01BD4DF808EDE7
:102D0000FFF7F4FF0CBF012000205DF808FB00BFB7
:102D10004DF808EDFFF7EAFF34BF012000205DF811
:102D200008FB00BF4DF808EDFFF7E0FF94BF01205E
:102D300000205DF808FB00BF4DF808EDFFF7CEFF5F
:102D400094BF012000205DF808FB00BF4DF808ED9E
:102D5000FFF7C4FF34BF012000205DF808FB00BF6F
:102D60004FEA410C7FEA6C5C02D150EA013C0AD187
:102D70004FEA430C7FEA6C5C02D152EA033C02D179
:102D80004FF0000070474FF0010070474FEA4102DA
:102D900012F5001215D211D56FF47873B3EB6252AD
:102DA00012D94FEAC12343F0004343EA505311F0D4
:102DB000004F23FA02F018BF404270474FF0000066
:102DC000704750EA013005D111F0004008BF6FF0A4
:102DD000004070474FF00000704700BF0348044BAD
:102DE000834202D0034B03B1184770472C050020E3
:102DF0002C050020000000000548064B1B1AD90FC7
:102E000001EBA301491002D0034B03B118477047EF
:102E10002C0500202C0500200000000010B5064CF9
:102E2000237843B9FFF7DAFF044B13B10448AFF33B
:102E300000800123237010BD2C050020000000003D
:102E40006448010808B5054B1BB105490548AFF3B7
:102E50000080BDE80840FFF7CFBF00BF00000000C2
:102E60003005002064480108034AD2F8883043F452
:102E70007003C2F88830704700ED00E030B5CC0D2B
:102E800004F004041430C1F30451035907258D40A4
:102E900023EA05038A401343035130BD806800F0E4
:102EA000010070478068C0F38000704737B5002389
:102EB00001930446002800F0E180C56D25B903F0B8
:102EC000BFFD256684F8585023689A68900041BF7A
:102ED0009A6822F0204222F03F029A609A68D1005C
:102EE00040F1A3809A68D20000F1B680E26D42F012
:102EF0001002E265226E42F00102226601211846AC
:102F0000FFF7D0FFE26D02F01002024340F0B28002
:102F1000E26D22F4817242F00202E2651846FFF788
:102F2000BDFF80B94FF0A040FFF7B8FF02465448FC
:102F3000FFF7B4FF024306D152486568826822F465
:102F40007C122A438260E568E26B94F824002A43ED
:102F5000A5682A43657F012842EA453242EA0042D9
:102F600002BFA06A00F1FF3042EA4042E06A20B1AD
:102F7000256B00F4787028430243DD6842482840FE
:102F80001043D8601A69606B22F0406202431A61F4
:102F90001846FFF787FF9A6802F0080202432CD117
:102FA000D86894F83820257F520020F4804020F023
:102FB000020042EA853202432069DA601A69002879
:102FC0004CD042F480321A61D3F8C0206FF30D0266
:102FD0000243C3F8C02094F84020012A46D1D4E926
:102FE000112518692A436FF38A000243E06C0243FB
:102FF000206D024342F001021A616269012A05BF95
:10300000186B226A1A6B02F1FF3206BF20F00F0024
:10301000024322F00F021A63E36D23F0030343F02F
:103020000103E365084603B030BD9A68174922F0F2
:10303000104222F03F0242F080529A60144A126815
:10304000B2FBF1F2013252000192019A002A3FF4E0
:1030500049AF019A013AF7E7002150E722F48032A4
:103060001A61D3F8C0206FF30D02B2E71A6922F09B
:103070000102C1E7E36D43F01003E3650121D1E7ED
:1030800000010050000300500740F0FF400D030016
:10309000000000207047704708B5806AFFF7FBFF0B
:1030A00008BD7047836ADA6D12F0500F10B5DA6D03
:1030B00021D142F40072DA651A681168080716D542
:1030C000D16811F4406F0ED1D26812F4005F0AD1BA
:1030D000DA6D22F48072DA65DA6DD1045EBFDA6DE2
:1030E00042F00102DA651846FFF7D4FF10BDD2683E
:1030F00012F0020FEBE7D20603D51846FFF7D1FF17
:10310000F4E75B6DBDE810405B6B1847806A08B55B
:10311000C36D43F04003C365036E43F004030366CD
:10312000FFF7BFFF08BD0000F7B50023019390F83B
:103130005830012B05460E4600F0A4810468012397
:1031400080F858302046FFF7ADFE002840F094810B
:103150004A683368910901F00C0104F1300702F06C
:103160001F0278584FF01F0CC3F3846393400CFA8E
:1031700002F220EA020213437B502046FFF792FE40
:10318000A26802F0080202433BD1B3683168B3F190
:10319000004F73D12046FFF771FE636943F000438F
:1031A00063613769E0683268042F04F160036DD011
:1031B000716953F827C0C0F3C10040008140B24894
:1031C00002F0F8420CEA0000104341EA000242F02B
:1031D000004243F827203169B06953F8212022F0DA
:1031E0008072024343F82120317F30694F1E53F82B
:1031F00020207942794122F0007242EA416243F88C
:1032000020202046FFF74AFE002840F0A480F06806
:103210009E4933688842C3F3120240F09680D4F886
:10322000B0101143C4F8B010002A00F09E8093FA49
:10323000A3F23AB1B2FA82F2013202F01F02092A75
:1032400000F2B58093FAA3F1B1FA81F10131890658
:1032500001F0F84193FAA3F0B0FA80F0013000F0E9
:103260001F00012282400A4393FAA3F1B1FA81F1CF
:10327000013101F01F0101EB410186E01A462046B1
:10328000FFF7FCFD636923F0004389E7C2F31200F6
:10329000216E216E00283BD1C2F38462C1F38461A8
:1032A000914202BF226E22F000422266626E3268B4
:1032B000616EC2F31200002831D1C2F38462C1F3FF
:1032C0008461914202BF626E22F0004262669A6897
:1032D00032689968C2F3120040BBC2F38462C1F342
:1032E0008461914202BF9A6822F000429A60DA68D3
:1032F0003268D968C2F31200F8B9C2F38462C1F32C
:103300008461914202BFDA6822F00042DA6078E715
:1033100092FAA2F2002AC9D0B2FA82F2BEE792FA79
:10332000A2F2002AD3D0B2FA82F2C8E792FAA2F24D
:10333000002ADCD0B2FA82F2D1E792FAA2F2002A95
:103340003FF45FAFB2FA82F2D9E7D4F8B03023EAA3
:103350000203C4F8B03033684D4A134245D100200F
:10336000002385F8583003B0F0BD9A0E013202F008
:103370001F03092B4FF001014FEA82620CD89940DC
:1033800002F0F8420A4303EB4301090511432046CA
:10339000B268FFF773FDDEE799400A3B02F0F8429E
:1033A00003EB43030A43190541F00071EEE793FA7A
:1033B000A3F1B1FA81F10131890601F0F84193FAE4
:1033C000A3F0B0FA80F0013000F01F00012282402B
:1033D0000A4393FAA3F1B1FA81F1013101F01F011F
:1033E0000A3901EB41010905DEE72A4A2A4E9168B4
:1033F000B34201F0E07002D0284EB3421BD10E025E
:10340000ADD4B4F1A04FAAD1224A936823F0E0735F
:10341000034343F400039360214B1A68214BB2FB32
:10342000F3F20C2302FB03330193019B002B96D094
:10343000019B013BF8E71C4EB3420CD1C9018ED46D
:103440001A4B9C428BD0936823F0E073034343F004
:103450008073936083E7164EB34280D14B023FF5F1
:103460007EAF124B9C423FF47AAF936823F0E07337
:10347000034343F48003ECE7EA6D42F02002EA657F
:1034800018466DE702206EE700F0FF0300007F4062
:103490000000088000030050000021C31000C0900D
:1034A00000000020400D0300000052C70001005042
:1034B000000084CB036870B504461846FFF7F2FCA1
:1034C0009A6802F00802024301D1002070BDDA6858
:1034D00092013BD5627F012A38D1227F012A35D162
:1034E000264A19684E0625D540221A600121184641
:1034F000FFF7D8FC50B19A68950707D49A6822F074
:10350000004222F03F0242F010029A6001291FD1CE
:10351000042500F00DFB064623689B682B42D4D09F
:1035200000F006FB801B0528F6D923689B682B4218
:10353000F2D001E0013AD4D1E36D43F01003E3652A
:10354000236E43F0010323660120BFE70229CED199
:103550009A6810070AD59A68920707D49A6822F0E9
:10356000004222F03F0242F020029A60022903D07A
:103570000329CDD10C25CCE70825CAE7010040A3DB
:10358000026838B504461046FFF788FC08B10020F1
:1035900038BD9168184B194209D0E36D43F0100310
:1035A000E365236E43F0010323660120F0E793688F
:1035B00023F0004323F03F0343F00103936000F046
:1035C000B7FA054622681368DB07E0D41046FFF718
:1035D00065FC38B9936823F0004323F03F0343F0C0
:1035E0000103936000F0A4FA401B0228EAD9236883
:1035F0001B68DA07E6D4D0E73F000080334B2DE9A3
:10360000F041044600689F68FFF74CFC0D461646E3
:103610008046002857D194F85830012B53D001230D
:1036200007F01F0784F8583040F22123FB4013F0C5
:10363000010345D02046FFF7A3FF00283CD1E36DEE
:10364000216823F4706323F0010343F48073E3657E
:103650001F4B994200D11FB9E36D23F48013E3653A
:10366000E36D606D13F480531CBF236E23F00603DB
:103670002366184BC362184B0363184B43631C2328
:103680000B60002384F858304B6843F010034B6004
:10369000CB6843F00103CB602A463346403101F04A
:1036A00089FA2268936823F0004323F03F0343F034
:1036B00004039360BDE8F08184F858800120F9E7A5
:1036C00084F85830FAE70220F4E700BF0003005006
:1036D00000010050A5300008993000080D310008A5
:1036E000026838B5044610469368FFF7D7FB08B95F
:1036F000002038BD9907FBD4936803F00D03012B1C
:1037000019D1936823F0004323F03F0343F00203F1
:1037100093600323136000F00BFA054623689B684F
:10372000DB07E5D500F004FA401B0228F6D9236830
:103730009B68DA07F2D5E36D43F01003E365236E6F
:1037400043F0010323660120D3E7000038B50446A7
:10375000002800F0A580C36D43F00203C365032178
:10376000FFF7A8FE2268D36843F40013D360002853
:1037700000F08C80012523685A686FF30A025A60B2
:1037800040F2FF721A609A6822F0A0429A609A682A
:1037900042F000529A60DA6822F0FF4222F4FF02FF
:1037A00022F4FF4222F07B02DA60DA6842F0004243
:1037B000DA601A696FF30A021A615A6902F08042EC
:1037C0005A619A6902F078429A611A6A02F0F0220C
:1037D0001A625A6A02F0FF225A629A6A02F0FF22C3
:1037E0009A62196B2F4A0A401A635A6B2E490A4093
:1037F0005A639A6B0A409A63DA6B22F4FB6222F0F6
:103800000702DA63196E294A11401966596E114090
:103810005966996E11409966D96E0A40DA66D3F8F6
:10382000A02023490A40C3F8A020D3F8A4200A40CE
:10383000C3F8A420D3F8B0200A40C3F8B020D3F8CE
:10384000B42022F07F12C3F8B4204FF0A040FFF75D
:1038500025FB03461748FFF721FB03430DD1164A0A
:10386000936823F0FF7323F4F73323F48F7323F06B
:1038700001039360204603F041F90023C4E91933A2
:10388000236684F85830E365284638BD2046FFF7A4
:1038900027FF054600287FF46DAF0123E3656AE743
:1038A0000125F1E7300882E0200882E000F0FF0304
:1038B0000000F8FF000100500003005038B590F8F8
:1038C0005830012B054637D0012380F858300321AA
:1038D000FFF7F0FD044628B10124002385F8583095
:1038E000204638BD2A68686DD36823F00103D36091
:1038F00090F82530022B07D101F09CF9044618B14D
:10390000EB6D43F04003EB652A68536823F0100326
:10391000536028466CB9FFF7E3FE04460028DBD16C
:10392000EB6D23F4885323F0010343F00103EB65AF
:10393000D3E7FFF7D5FED0E70224D1E7806800F097
:10394000010070478068C0F38000704737B50023DE
:10395000019390F85830012B04460D463DD00123C9
:1039600080F85830FFF7BCFEE36D002832D123F415
:10397000885323F00203226843F00203E36593684F
:1039800023F0404323F03F0305F080452B4343F0F1
:10399000004393609368002B12DA019B013301937B
:1039A00001990F4B9942F5D9E36D23F0120343F0CF
:1039B0001003E365002384F85830012003B030BDC4
:1039C000E36D23F0030343F00103E365002384F870
:1039D0005830F3E743F01003F7E70220EEE700BFAB
:1039E00001DE040070B590F85820012A9CB003460F
:1039F00056D005680022B5F1A04F189219920ED149
:103A00002848FFF79FFF02462846FFF79BFF104319
:103A10000ED0DA6D42F02002DA65012028E0C16D97
:103A200080F8582041F02001C16501201CB070BD14
:103A30000C681D4A04B390684E6820F4604030431F
:103A400093F8386040EA463090602846FFF776FFEA
:103A500005461448FFF772FF054308D1896890684E
:103A60000C4320F4716121F00F010C43946000209D
:103A7000002283F85820D9E7916821F460419160D1
:103A80002846FFF75BFF01460648FFF757FF014353
:103A9000EDD1916821F4716121F00F019160E6E7A9
:103AA0000220C3E7000100500003005038B50F4B5F
:103AB0001A6805460AB9012038BD4FF47A73B3FB82
:103AC000F2F30B4A1068B0FBF3F001F02BFA044656
:103AD0000028F0D10F2DEED8024629464FF0FF30D6
:103AE00001F0D2F9034B20461D60E5E704000020F9
:103AF000000000200800002010B5032001F0B2F9FA
:103B00000F20FFF7D3FF044618B903F0C7FF204684
:103B100010BD0124FBE70000034A0449136809684B
:103B20000B441360704700BF4805002004000020CC
:103B3000014B1868704700BF4805002038B504469F
:103B4000FFF7F6FF631C1CBF054B1B68054618BF3B
:103B5000E418FFF7EDFF401BA042FAD338BD00BFC9
:103B6000040000202DE9F341044640B30368D9075F
:103B700014D423689A075BD42368190700F1A48042
:103B800023685A0700F1CB8023689A0600F134813C
:103B9000E369002B40F06281002028E0A24DAB6871
:103BA000EA6803F00C030C2B0BD102F00303032B88
:103BB00009D12B689B03DCD56368002BD9D1012088
:103BC00015E0082BF4E76368B3F5803F12D12B684A
:103BD00043F480332B60FFF7ABFF06462B689F034F
:103BE000C7D4FFF7A5FF801B6428F7D9032002B0D4
:103BF000BDE8F081B3F5A02F04D12B6843F48023F6
:103C00002B60E4E72A6822F480322A602A6822F4D2
:103C100080222A60002BDED1FFF78AFF06462B6840
:103C20009903A6D5FFF784FF801B6428F7D9DDE749
:103C30007D4DAB68EA6803F00C030C2B17D102F042
:103C40000303022B15D12B685A0502D5E368002B1C
:103C5000B5D06B68226923F0FE4343EA02636B60D0
:103C6000724B1868FFF722FF002885D0A7E7042BC6
:103C7000E8E7E368BBB12B6843F480732B60FFF780
:103C800057FF06462B685B0507D56B68226923F052
:103C9000FE4343EA02636B606EE7FFF749FF801B58
:103CA0000228EFD9A2E72B6823F480732B60FFF77B
:103CB0003FFF06462B685F057FF55EAFFFF738FFD5
:103CC000801B0228F6D991E76369574D9BB1D5F85F
:103CD000943043F00103C5F89430FFF729FF0646FE
:103CE000D5F894309B073FF54BAFFFF721FF801BC2
:103CF0000228F5D97AE7D5F8943023F00103C5F806
:103D00009430FFF715FF0646D5F894309F077FF5EE
:103D100037AFFFF70DFF801B0228F5D966E7424D4C
:103D2000AB6DD80027D4AB6D43F08053AB65AB6D62
:103D300003F080530193019B01273D4E3368D90561
:103D40001BD5A368012B29D1D5F8903043F001038E
:103D5000C5F89030FFF7ECFE41F288368046D5F882
:103D600090309B0741D5002F3FF40EAFAB6D23F091
:103D70008053AB6508E70027DFE7336843F48073BF
:103D80003360FFF7D5FE80463368DA05D9D4FFF7F4
:103D9000CFFEA0EB08000228F6D927E7052B06D1B5
:103DA000D5F8903043F00403C5F89030CCE7D5F84F
:103DB000902022F00102C5F89020D5F8902022F042
:103DC0000402C5F89020002BC4D1FFF7B1FE41F2E8
:103DD00088368046D5F890309907C4D5FFF7A8FEFD
:103DE000A0EB0800B042F5D900E7FFF7A1FEA0EB79
:103DF0000800B042B3D9F9E6A3690B4DD3B1D5F8A9
:103E0000983043F00103C5F89830FFF791FE06465D
:103E1000D5F898309B073FF5BBAEFFF789FE801BB6
:103E20000228F5D9E2E600BF001002400800002099
:103E300000700040D5F8983023F00103C5F89830A1
:103E4000FFF776FE0646D5F898309F077FF5A0AEBF
:103E5000FFF76EFE801B0228F5D9C7E6484DAA6819
:103E600002F00C020C2A57D0022B2B6823F080732F
:103E70002B603AD1FFF75CFE06462B6899012ED4E1
:103E8000EA68404B1340226A1343A26A43EA0223C2
:103E9000E26A43EAC263626A013A43EA0213226BAE
:103EA0005208013A43EA4253626B5208013A43EA2C
:103EB0004263EB602B6843F080732B60EB6843F048
:103EC0008073EB60FFF734FE04462B689A013FF5E0
:103ED00063AEFFF72DFE001B0228F6D986E6FFF73A
:103EE00027FE801B0228C8D980E6EB6823F0030375
:103EF000EB60EB6823F0887323F48033EB60FFF70B
:103F000017FE04462B689B017FF546AEFFF710FEB7
:103F1000001B0228F6D969E6012B3FF450AEEB688E
:103F2000226A03F0030191427FF449AE616A03F013
:103F3000F0020139B2EB011F7FF441AEA16A03F434
:103F4000FE42B2EB012F7FF43AAEE16A03F0784211
:103F5000B2EBC16F7FF433AE226B520803F4C001A1
:103F6000013AB1EB425F7FF42AAE626B5208013A2C
:103F700003F0C063B3EB426F14BF0120002036E6AC
:103F8000001002400C809F01174B9A6802F00C024F
:103F9000042A23D09A6802F00C02082A20D09A68DA
:103FA00002F00C020C2A1DD1D968DA68D868DB68E7
:103FB00001F00301C3F341630329C2F30312C0F309
:103FC000062003F101030CBF084909495B000132D7
:103FD000B1FBF2F25043B0FBF3F070470448704776
:103FE00002487047002070470010024000127A001B
:103FF0000024F4002DE9F84306460D4610B90120CF
:10400000BDE8F8836D4A136803F00F038B4245D374
:10401000316811F001084CD13268910740F1A78056
:10402000674B12F0040F1EBF996841F4E06199607C
:10403000120741BF9A6822F47C5242F4E0629A600F
:104040009A68B16822F0F0020A439A605B4C2368D8
:1040500003F00F03AB4200F293803268584C12F029
:10406000040F40F0A380130706D5A368326923F438
:10407000605343EAC203A360FFF786FFA368514A77
:10408000C3F30313D35C03F01F03D8404E4B1860F7
:104090004E4B1868BDE8F843FFF708BD136823F0DE
:1040A0000F030B431360136803F00F038B42A6D179
:1040B000AEE77768424C032F236849D19B019ED518
:1040C000E368E26803F00303032BE3680CBF404896
:1040D0004048C2F30312C3F306230132B0FBF2F2ED
:1040E0005343E268C2F3416201325200B3FBF2F380
:1040F000394A93421AD84FF00008A36823F003030B
:104100003B43A360FFF714FD41F288390746A368DB
:10411000726803F00C03B3EB820F3FF47DAFFFF73F
:1041200007FDC01B4845F2D9032069E7A36813F0D7
:10413000F00F04D08807DED5B368002BDBD1A3686D
:1041400023F0F00343F08003A3604FF08008D4E72E
:10415000022F09D113F4003F3FF451AFFFF714FFD2
:104160001D4B9842C7D9EAE713F4806FF4E7B8F122
:10417000800F01BF124A936823F0F003936065E754
:10418000236823F00F032B432360FFF7D1FC41F298
:1041900088380746236803F00F03AB423FF45DAF56
:1041A000FFF7C6FCC01B4045F4D9BDE7A368F16822
:1041B00023F4E0630B43A36055E700BF00200240F7
:1041C000001002408849010800000020080000207B
:1041D00000127A000024F40000B4C4042DE9F34175
:1041E0000446006810F4002056D0994DAB6DD800FD
:1041F00044D4AB6D43F08053AB65AB6D03F080539B
:104200000193019B0126934F3B6843F480733B600D
:10421000FFF78EFC80463B68D90531D5D5F8903044
:1042200013F4407320D0226C93421DD0D5F8902017
:10423000D5F8903043F48033C5F89030D5F89030FD
:1042400022F4407123F48033D207C5F89030C5F8CA
:10425000901009D5FFF76CFC41F288378046D5F8FD
:1042600090309B0740F1EB80D5F89030226C23F41E
:1042700040731343C5F89030002008E00026C2E7E1
:10428000FFF756FCA0EB08000228C4D903201EB19A
:10429000AB6D23F08053AB652368DE0708D56C490E
:1042A0006568D1F8882022F003022A43C1F88820EB
:1042B0009D0708D56649A568D1F8882022F00C0230
:1042C0002A43C1F88820590708D56149E568D1F823
:1042D000882022F030022A43C1F888201A0708D526
:1042E0005B492569D1F8882022F0C0022A43C1F831
:1042F00088209F0608D556496569D1F8882022F4A0
:1043000040622A43C1F888205E0608D55049A56955
:10431000D1F8882022F440522A43C1F888201D0693
:1043200008D54B49E569D1F8882022F440422A4358
:10433000C1F88820D90508D54549256AD1F88820D3
:1043400022F440322A43C1F888209A0508D5404912
:10435000656AD1F8882022F440222A43C1F88820D7
:104360005F050FD53A49A56AD1F8882022F440129A
:104370002A43C1F88820B5F5801F02BFCA6842F4FD
:104380008012CA601E050FD53149E56AD1F8882030
:1043900022F440022A43C1F88820B5F5800F02BFFD
:1043A000CA6842F48012CA60DD040FD52849256B23
:1043B000D1F8882022F040722A43C1F88820B5F154
:1043C000807F02BFCA6842F48012CA6099040FD588
:1043D0001F49656BD1F8882022F040622A43C1F85A
:1043E0008820B5F1006F02BFCA6842F48012CA602B
:1043F0005A040FD51649A56BD1F8882022F04062E7
:104400002A43C1F88820B5F1006F02BFCA6842F4A0
:104410008012CA601B040FD50D4AE16BD2F88830B8
:1044200023F040530B43B1F1805FC2F8883003D1D1
:10443000D36843F48033D36002B0BDE8F081FFF766
:1044400077FBA0EB0800B8427FF609AF1EE700BF7C
:104450000010024000700040094A536943F4802371
:1044600010B55361EFF3108272B60023CC58C450DC
:104470000433B3F5807FF9D182F3108810BD00BFFB
:1044800000200240064B5A69002ABFBF054A9A60C5
:1044900002F188329A60BABF5869C00F0020704795
:1044A0000020024023016745044B5A6942F0004254
:1044B0005A615869C043C00F704700BF00200240D6
:1044C00070B50546FFF734FB0F4C06462369DA0347
:1044D0000BD423694CF2FA3213400DD00B494A68D1
:1044E0001A434A600120236170BDFFF721FB801B46
:1044F000A842EBD90320F7E72369DB0744BF012378
:1045000023610020F0E700BF002002400C000020E3
:104510002DE9F0471D4E98463378012B05460F468E
:10452000914631D04FF0010A4FF47A7086F800A01E
:10453000FFF7C6FF0446B8B97060CDB9144B58698F
:1045400040EA0A005861C7F80090BFF36F8FC7F8C0
:10455000048054464FF47A70FFF7B2FF24B10C4A3E
:10456000536923EA0403536100233370BDE8F087E5
:104570006B1E012BEED849463846FFF76DFFAB1E88
:104580005D425D41AC04E5E70220EFE70C0000204E
:1045900000200240064B10F0010F1EBF5A6942F086
:1045A00004025A615A6942F480325A61704700BF6E
:1045B00000200240084B5A69C00022F4FC7200F44B
:1045C000FF60104358615A6942F002025A615A6909
:1045D00042F480325A617047002002401448027F42
:1045E00002F0FD03012B10D1124B196821F4007168
:1045F0001960196841F400611960196821F40061BB
:104600001960196841F400711960023A012A0CD846
:10461000084B1A6842F480521A601A6822F48052D9
:104620001A601A6842F480621A60002303777047A8
:104630000C000020002002402DE9F843314D2B787A
:10464000012B064688465AD001274FF47A702F7006
:10465000FFF736FF044610BB2B4B68601A6812F454
:10466000007F1A6820D0510506D51A6822F48062AE
:104670001A6003232B7700E02F773368012B1DD1BD
:104680007068FFF787FF4FF47A70FFF719FF1E4A33
:10469000536923F0040304465361FFF79FFF00238F
:1046A0002B702046BDE8F883520505D51A6822F420
:1046B00080621A600223DDE72877DEE74FF0FF33E0
:1046C000C8F80030B768DFF84090D6E902321344EA
:1046D000BB42E2D971683846FFF76CFF4FF47A703D
:1046E000FFF7EEFED9F8143023F4FD73C9F8143047
:1046F00018B1C8F800700446CFE70137E5E7022497
:10470000CFE700BF0C000020002002402DE9F74F4A
:10471000DFF880815D4C00220B6833FA02F502D18C
:1047200003B0BDE8F08F012505FA02FE1EEA03037F
:1047300000F09F804E68032706F003054FEA420C05
:1047400007FA0CF96F1E012F34D8876827EA090A87
:10475000CF6807FA0CF747EA0A078760476827EA35
:104760000E0EC6F30017974047EA0E074760C7686A
:1047700027EA090E8F6807FA0CF747EA0E07022DA1
:10478000C76019D14FEAD20E00EB8E0E02F0070A75
:10479000DEF820704FEA8A0A4FF00F0B0BFA0AFB83
:1047A00027EA0B0B0F6907FA0AF747EA0B07CEF85F
:1047B000207001E0032DDAD1076805FA0CF527EA2D
:1047C00009073D4316F4403F056052D0D8F86050C9
:1047D00045F00105C8F86050D8F8605022F0030792
:1047E00007F1804705F0010507F58037019502F0D4
:1047F000030C019DBD684FEA8C0C4FF00F0E0EFAB2
:104800000CFEB0F1904F25EA0E0E34D0204DA84298
:1048100033D005F58065A84231D005F58065A84202
:104820002FD005F58065A8422DD005F58065A842FA
:1048300014BF0625052505FA0CF545EA0E05BD60F1
:10484000A568F70254BF9D431D43A560E568B70204
:1048500054BF9D431D43E5606568B70354BF9D4346
:104860001D4365602568F60354BF25EA03032B4307
:104870002360013250E70025DDE70125DBE7022553
:10488000D9E70325D7E70425D5E700BF0004014099
:1048900000040048001002402DE9F04F3C4C00227B
:1048A0004FF0010A4FF00F084FF0030B31FA02F3FB
:1048B00001D1BDE8F08F0AFA02FC1CEA01065AD0C9
:1048C00022F0030505F1804505F5803502F0030768
:1048D000AB68BF0008FA07F9B0F1904F09EA030E80
:1048E0004BD02C4B98424AD003F58063984248D075
:1048F00003F58063984246D003F58063984244D024
:1049000003F58063984214BF06230523BB4073451B
:1049100013D1236823EA06032360636823EA0603AE
:104920006360E36823EA0603E360A36823EA0603FF
:10493000A360AB6823EA0903AB60056853000BFA78
:1049400003F3D6081D4300EB8606056002F0070559
:10495000376AAD0008FA05F527EA05073762C5682A
:1049600025EA0305C560456825EA0C0545608568AC
:1049700025EA03038360013298E70023C6E7012399
:10498000C4E70223C2E70323C0E70423BEE700BF56
:1049900000040140000400480369194214BF0120CB
:1049A000002070470AB1816170478162704770B51D
:1049B000D0E913456560446D14B1D0E916456560D2
:1049C000D0E9105404F01F060124B4406C60046860
:1049D00063608368102B0BBFA260A160E160E2609E
:1049E00070BD000010B503680C490D4C0D4AA34280
:1049F00098BF0A46416C21F003010A448264DBB28D
:104A0000094AC264083B1422B3FBF2F3012203F00B
:104A10001F0302FA03F3036510BD00BF0008024044
:104A200007040240200802408008024038B50028F0
:104A300057D002682C4B9A424FF0140145D82B4BAB
:104A4000D318B3FBF1F32A499B00C0E910130223EA
:104A500080F82530D0E902430569116823432B43D0
:104A600045692B4385692B43C5692B43056A6FF361
:104A70000E112B430B431360FFF7B4FFB4F5804FC7
:104A800004BF002343604368816CDAB20A60D0E956
:104A90001314013B032B4C601ED8164B164981653D
:104AA000D3189B000121013A01FA02F2002143656B
:104AB000C2651960114B5A6400230122C36380F858
:104AC000243080F82520184638BD0D4BD318B3FB91
:104AD000F1F30C499B00B8E70023C0E91533C36527
:104AE000EAE70120F0E700BF07040240F8FFFDBF3E
:104AF000000002403F8200104009024000090240CD
:104B0000F8FBFDBF0004024038B5002841D0026820
:104B1000136823F0010313601F4B9A424FF01401F6
:104B200030D81E4BD318B3FBF1F31D499B00C0E9ED
:104B30001013012403F01F0304FA03F3002515608A
:104B40004B60FFF74FFF836C41681D60D0E9133263
:104B50005A604A1E032A06D8124BCB189B00944079
:104B60001D60114B5C640023C363C0E91533C0E9C9
:104B70000B33C0E90D33C36580F8253080F824304D
:104B8000184638BD094BD318B3FBF1F308499B0015
:104B9000CDE70120F5E700BF07040240F8FFFDBFA5
:104BA000000002403F82001000090240F8FBFDBFF8
:104BB0000004024070B590F82450012D044637D00F
:104BC000012580F8245090F82550012D4FF0000564
:104BD0002CD1022680F82560C56305682E6826F072
:104BE00001062E60FFF7E3FE036BBBB12B6843F0B9
:104BF0000E032B60A36C1A68D20342BF1A6842F4FA
:104C000080721A60636D1BB11A6842F480721A6078
:104C10002B6843F001032B60002070BD2B6823F04C
:104C200004032B602B6843F00A03E2E780F824506A
:104C30000220F2E790F82520022A034609D0042238
:104C4000C2630120012283F82520002283F824205A
:104C500070470268806C116821F00E0111600168D4
:104C600021F480710160116821F001011160D3E924
:104C7000100202F01F0101228A404260D3E9132191
:104C800051605A6D32B1116821F480711160D3E91D
:104C9000162151600020D5E708B590F82530022B89
:104CA00009D00423C3630022012380F8253080F853
:104CB0002420184608BD03681A6822F00E021A6004
:104CC0001A6822F001021A60826C136823F4807360
:104CD0001360D0E9101303F01F02012393404B60CF
:104CE000D0E913325A60436D33B11A6822F48072EE
:104CF0001A60D0E916325A60012380F8253000236B
:104D000080F82430836B03B198470020D2E7016C10
:104D1000426C036870B402F01F020E681D68042420
:104D2000944034420ED015F0040F0BD01A6892064E
:104D30005EBF1A6822F004021A60036B4C6073B302
:104D400070BC184702249440344212D015F0020F70
:104D50000FD01A68950606D41A6822F00A021A6063
:104D6000012380F8253000234C6080F82430C36A8A
:104D7000E5E708249440344211D02C070FD51C6875
:104D800024F00E041C60012303FA02F24A60C3639C
:104D900080F82530002380F82430436BCFE770BCC7
:104DA00070470000284B1A6818BB02F4C062B2F5C5
:104DB000806FD3F8802022F48072C3F8802040D125
:104DC0001A6822F4C06242F400721A601F4A126824
:104DD00032214A431E49B2FBF1F2013259694905B9
:104DE00000D522B95B6958052BD503207047013ADD
:104DF000F4E7B0F5007F1FD102F4C062B2F5806F16
:104E0000D3F8802042F48072C3F8802019D11A6848
:104E100022F4C06242F400721A600C4A1268322115
:104E20004A430B49B2FBF1F2013259694905D9D520
:104E3000002AD7D0013AF8E722F4C06242F4806237
:104E40001A600020704700BF007000400000002082
:104E500040420F00024A936843F4804393607047D6
:104E6000007000400749CA6822F4E062030212049D
:104E700003F4E063120C134343F0BF6343F40033C5
:104E8000CB60704700ED00E0144BDB68C3F30223F6
:104E900030B5DD1E042D94BFC3F1070304234FF08A
:104EA000FF3488BF002504FA03F321EA0301AC4074
:104EB000002822EA040201FA05F141EA0201AEBF2C
:104EC00000F16040064A00F00F004FEA0113AABF4C
:104ED00000F56140135480F8003330BD00ED00E070
:104EE00014ED00E0002807DB044A4109012300F02B
:104EF0001F00834042F82130704700BF00E100E00E
:104F000000280CDB4309064900F01F002033012272
:104F1000824041F82320BFF34F8FBFF36F8F70475C
:104F200000E100E00138B0F1807F0BD24FF0E023C8
:104F3000054A5861F02182F8231000200722986169
:104F40001A6170470120704700ED00E0154B984250
:104F50000BD103F5DE339A6B42F400129A639A6B1D
:104F600022F400129A63002070470F4B984209D137
:104F700003F5DC339A6B42F480029A639A6B22F455
:104F80008002EFE7094B984209D103F5CC339A6BC5
:104F900042F080429A639A6B22F08042E2E701205D
:104FA000704700BF005400400058004000780040A7
:104FB000036823F0010310B50360D1E902340268ED
:104FC00043EA042322F4F852134303604B6803615D
:104FD00003680C6943F001030360836823F4004312
:104FE000836082688B696FF30A02234313438360F3
:104FF0001CB1836843F40043836003680A6823F4A8
:1050000040131343036043684A6923F40043134386
:105010004360002010BD2DE9F04702460D6895FA67
:10502000A5F44FF0010CB4FA84F4032735FA04F028
:1050300001D1BDE8F0870CFA04F32B4069D0486831
:10504000461E012E1ED8966893FAA3FEBEFA8EFE67
:105050004FEA4E0E07FA0EFE26EA0E0893FAA3FE5A
:105060008E68BEFA8EFE4FEA4E0E06FA0EF646EA3D
:1050700008069660566826EA050ECE686E434EEA2C
:1050800006065660D66893FAA3FEBEFA8EFE4FEA75
:105090004E0E07FA0EFE26EA0E0893FAA3FE0E69DC
:1050A000BEFA8EFE4FEA4E0E06FA0EF646EA0806E5
:1050B0000228D6601AD1FF2BD1F814E02BD8D2F8F1
:1050C000208093FAA3F6B6FA86F64FF00F09B600E1
:1050D00009FA06F628EA060893FAA3F6B6FA86F65F
:1050E000B6000EFA06F646EA08061662D2F800E0A6
:1050F00093FAA3F6B6FA86F6760007FA06F62EEAD3
:10510000060693FAA3F3B3FA83F35B0098403043A7
:10511000106001348AE7D2F824801E0A96FAA6F9B4
:10512000B9FA89F94FF00F0A4FEA89090AFA09F921
:1051300028EA090896FAA6F6B6FA86F6B6000EFA36
:1051400006FE4EEA08065662D0E770B5044600280F
:1051500067D0436A002B5DD14268B2F5827F00D0F0
:10516000C3610023A36294F85D3003F0FF0223B90A
:1051700084F85C20204601F0F3FF2268E0680223F7
:1051800084F85D301368B0F5E06F23F040031360DE
:105190004FF0000342D91D46B0F5706F18BFA362EF
:1051A000A6686368A16906F4044603F48273334376
:1051B000266906F002063343666906F001063343AA
:1051C00001F400763343E66906F038063343266A75
:1051D00006F080063343A66A06F400563343136094
:1051E000666B636A06F0080603F0100300F4706053
:1051F0003343090C034301F004010B432B43536079
:10520000D36923F40063D36100200123206684F86E
:105210005D3070BD0023C0E90433A2E74FF4805530
:10522000BCE70120F5E710B5044680B1026802230F
:1052300080F85D30136823F04003136001F0C2FF73
:105240000020206684F85C0084F85D0010BD012019
:10525000FCE70000036A23F0010370B50362036AF0
:10526000446882690D6822F4803222F073022A4376
:105270008D6823F002032B431B4DA8420FD005F588
:105280000065A8420BD005F54065A84207D005F59A
:105290008065A84203D005F58065A8421ED1CD687F
:1052A00023F008032B43104DA84223F004030FD032
:1052B00005F50065A8420BD005F54065A84207D06A
:1052C00005F58065A84203D005F58065A84205D1A3
:1052D00024F44075D1E9054634432C43446082618F
:1052E0004A684263036270BD002C0140036A23F4E4
:1052F000807370B50362036A4468C2690D6822F462
:10530000803222F073022A438D6823F4007343EA4B
:105310000523164DA84203D005F50065A8421AD111
:10532000CD6823F4006343EA0523104DA84223F41B
:10533000806303D005F50065A84206D124F44055EA
:10534000D1E90546344345EA04144460C2614A6821
:10535000C263036270BD064DA842EFD005F58065BB
:10536000A842EBD005F58065E6E700BF002C0140C0
:1053700000400140036A23F4805370B50362036A5E
:105380004468C2690D6822F0807222F4E64242EA63
:1053900005228D6823F4005343EA0533154DA842D6
:1053A00003D005F50065A8421AD1CD6823F4004367
:1053B00043EA05330F4DA84223F4804303D005F59B
:1053C0000065A84206D124F44045D1E9054634439E
:1053D00045EA84144460C2614A680264036270BD95
:1053E000054DA842EFD005F58065A842EBD005F544
:1053F0008065E6E7002C014000400140036A23F489
:10540000803330B50362036A4468026D0D6822F48C
:10541000803222F070022A438D6823F4003343EA7D
:1054200005430F4DA8420FD005F50065A8420BD0EB
:1054300005F54065A84207D005F58065A84203D070
:1054400005F58065A84204D14D6924F4803444EA0E
:105450000524446002654A688264036230BD00BF6F
:10546000002C0140036A23F4801330B50362036A01
:105470004468026D0D6822F0807222F4E04242EA34
:1054800005228D6823F4001343EA05530E4DA8420C
:105490000FD005F50065A8420BD005F54065A84280
:1054A00007D005F58065A84203D005F58065A842C0
:1054B00004D14D6924F4802444EA852444600265C3
:1054C0004A68C264036230BD002C0140022310B55B
:1054D00080F83D300368196A41F211121142044606
:1054E00008D1196A44F24442114202BF1A6822F0FC
:1054F00001021A60204601F0DDFF002084F8480018
:1055000084F83C0084F83E0084F83F0084F84000B2
:1055100084F8410084F8420084F8430084F8440091
:1055200084F8450084F8460084F8470084F83D007C
:1055300010BD10B5846A626A82420BD101232377C1
:10554000D2690AB984F83E30204601F017F90023E9
:10555000237710BDA36A834208D102222277DB6938
:10556000002BF1D1012384F83F30EDE7E36A834259
:1055700008D104222277DB69002BE5D1012384F8CE
:105580004030E1E7236B8342DED108222277DB69DA
:10559000002BD9D1012384F84130D5E7704710B5ED
:1055A000846A636A834207D1012323772046FFF789
:1055B000F5FF0023237710BDA36A834201D10223A4
:1055C000F3E7E36A834201D10423EEE7236B8342CE
:1055D000ECD10823E9E7704710B5846A636A834217
:1055E00009D10123237784F83E302046FFF7F3FFEB
:1055F0000023237710BDA36A834205D102232377BA
:10560000012384F83F30F0E7E36A83424FF001035F
:1056100004D10422227784F84030E6E7226B8242EC
:1056200003BF0822227784F8413084F83D30DCE75C
:105630002B4A036890420ED0B0F1804F0BD0A2F5F8
:105640009432904207D002F58062904203D002F576
:10565000963290423AD14A6823F070031343204AAD
:1056600090420ED0B0F1804F0BD0A2F59432904210
:1056700007D002F58062904203D002F59632904244
:1056800003D1CA6823F4407313434A6923F08003AB
:10569000134303608B68C3620B688362104B9842AC
:1056A0000FD003F5006398420BD003F54063984296
:1056B00007D003F58063984203D003F580639842D6
:1056C00001D10B690363012343617047054A90428E
:1056D000D7D002F580629042D3D002F58062CEE747
:1056E000002C01400040014010B5044650B390F832
:1056F0003D3003F0FF021BB980F83C2001F076FD3D
:105700000223206884F83D30211DFFF791FF01231B
:1057100084F84830002084F83E3084F83F3084F824
:10572000403084F8413084F8423084F8433084F8C3
:10573000443084F8453084F8463084F8473084F8A3
:105740003D3010BD0120FCE710B5044650B390F881
:105750003D3003F0FF021BB980F83C2001F066FDEC
:105760000223206884F83D30211DFFF761FF0123EB
:1057700084F84830002084F83E3084F83F3084F8C4
:10578000403084F8413084F8423084F8433084F863
:10579000443084F8453084F8463084F8473084F843
:1057A0003D3010BD0120FCE7036A23F0100370B503
:1057B0000362036A446882690D6822F0807222F4F1
:1057C000E64242EA05228D6823F0200343EA0513EE
:1057D000154DA84203D005F50065A8421AD1CD6841
:1057E00023F0800343EA05130F4DA84223F0400342
:1057F00003D005F50065A84206D124F44065D1E93F
:105800000546344345EA8404446082614A68826301
:10581000036270BD054DA842EFD005F58065A84232
:10582000EBD005F58065E6E7002C01400040014023
:1058300038B590F83C30012B044671D00C2A4FD07B
:1058400009D8042A2CD0082A3AD0C2B1012000235A
:1058500084F83C3038BD102A52D0142AF6D10068A2
:10586000FFF700FE036D0A6943F400630365036DEF
:1058700023F480630365036D43EA02234EE000686E
:10588000FFF7E8FC83690A6943F0080383618369D1
:1058900023F0040383618369134383610020D6E707
:1058A0000068FFF781FF83690A6943F4006383613D
:1058B000836923F480638361836943EA0223ECE70D
:1058C0000068FFF713FDC3690A6943F00803C36169
:1058D000C36923F00403C361C3691343C361DDE7F4
:1058E0000068FFF747FDC3690A6943F40063C361B9
:1058F000C36923F48063C361C36943EA0223EDE70C
:105900000068FFF77BFD036D0A6943F00803036538
:10591000036D23F004030365036D13430365BDE7C3
:10592000022097E710B584680A4324F47F4442EAD2
:1059300003222243826010BD38B590F83C30012B21
:1059400004464FF0020300F0A58080F83D30006867
:10595000514B8268134083600B68702B54D035D84C
:10596000502B65D016D8402B7BD005D8202B07D0E4
:1059700004D833F0100203D001202FE0302BFBD1EC
:10598000826822F4401222F070021A4342F00702A9
:10599000826042E0602BEFD1036A4D68C96823F052
:1059A000100303628269036A22F4704223F0A003A9
:1059B00043EA051342EA013282610362836823F4F9
:1059C000401323F0700343F0670325E0B3F5005F55
:1059D00025D00AD8B3F5805018BF0120012384F8E0
:1059E0003D30002384F83C3038BD2C4A9342C7D068
:1059F00005D8B3F1101FC3D0103A9342BFE7284A2D
:105A00009342BDD03032F8E7CB68D1E90121FFF7EE
:105A100089FF836843F0770383600020DEE7CB686B
:105A2000D1E90121FFF77EFF836843F48043F3E768
:105A30004A68CD68016A036A23F00103036283693F
:105A400021F00A0123F0F00343EA05130A438361BE
:105A50000262836823F4401323F0700343F057037A
:105A6000DAE74A68CD68016A036A23F0010303623A
:105A7000836921F00A0123F0F00343EA05130A4386
:105A800083610262836823F4401323F0700343F0C0
:105A90004703C1E71846A7E78800CEFF3000100093
:105AA00040001000036A10B501F01F0101248C4072
:105AB00023EA04030362036A8A401A43026210BDA8
:105AC000082908B51BD005D859B104290FD090F882
:105AD000433016E00C2923D01029F8D190F8423039
:105AE0000FE090F83E30012B22D0012043E090F8E7
:105AF0003F30012BF9D1022380F83F301BE090F8B2
:105B00004030013B18BF0123002BEED10C294FF090
:105B1000020334D007D808292ED080F843300AE099
:105B200090F84130EDE71029F7D180F8423002E0DB
:105B3000022380F83E3000680122FFF7B3FF204BBC
:105B400098421FD003F5006398421BD003F54063D1
:105B5000984217D003F58063984213D003F5806311
:105B600098420FD0B0F1804F1FD18268154B13407F
:105B7000062B20D1002008BD80F84030DBE780F8FC
:105B80004130D8E7436C43F4004343640C4B9842E4
:105B9000EBD00D4B9842E8D003F540639842E4D037
:105BA000036843F001030360E4E7084B9842DCD04C
:105BB00003F58063EBE7B3F5803FF1D1DAE700BF8F
:105BC000002C0140070001000034014000040040A7
:105BD000FFF776BF38B50022044600680D46FFF790
:105BE00061FF274B98420FD003F5006398420BD01A
:105BF00003F54063984207D003F58063984203D0D1
:105C000003F5806398420DD1026A41F211131A42E2
:105C100008D1026A44F244431A4202BF436C23F49F
:105C200000434364026A41F211131A4208D1026A26
:105C300044F244431A4202BF036823F001030360A5
:105C4000082D4FF0010315D006D865B1042D0ED0F4
:105C5000012384F8433008E00C2D0ED0102DF7D12D
:105C600084F8423001E084F83E30002038BD84F8EA
:105C70003F30FAE784F84030F7E784F84130F4E742
:105C8000002C0140FFF7A6BF38B50D46082D04468D
:105C900011461BD005D85DB1042D14D094F84320D3
:105CA00008E00C2D15D0102DF8D190F8422001E01D
:105CB00090F83E20A2F1020CDCF1000242EB0C0253
:105CC00052B1022077E090F83F20F3E790F84020AF
:105CD000F0E790F84120EDE7082D1BD008D875B10A
:105CE000042D14D094F84320012A0ED1E9B918E00C
:105CF0000C2D12D0102DF5D194F8422001E094F82B
:105D00003E20501E4242424152B9012053E094F8D5
:105D10003F20F6E794F84020F3E794F84120F0E7BD
:105D200009B9002BF1D1082D5AD0082D4FF00202ED
:105D300006D865B1042D3FD0022384F84330E4E750
:105D40000C2D62D0102DF7D184F84220DDE7606A77
:105D500084F83E20474AC262474A0263474A426388
:105D600022683432FEF726FF0028CED12068C368AF
:105D700043F40073C36001222946FFF793FE404BB2
:105D8000984257D003F50063984253D003F540631F
:105D900098424FD003F5806398424BD003F580635F
:105DA000984247D0B0F1804F4BD18268354B1340B9
:105DB000062B5AD1002038BDA06A84F83F202D4A16
:105DC000C2622D4A02632D4A426322683832FEF7CE
:105DD000F1FE002899D12068C36843F48063C9E7C5
:105DE000E06A022284F84020224AC262224A026308
:105DF000224A426322683C32FEF7DCFE002884D14E
:105E00002068C36843F40063B4E7206B84F8412042
:105E1000184AC262184A0263184A42632268403232
:105E2000FEF7C8FE00287FF470AF2068C36843F413
:105E300080539FE7436C43F400434364104B984204
:105E4000B2E7114B9842B0D003F580639842ACD0D2
:105E500003F596339842A8D003F540639842A4D046
:105E6000036843F001030360A4E7B3F5803FF7D173
:105E7000A0E700BF335500089F550008D95500081A
:105E8000002C01400700010000040040FFF7FCBEA9
:105E9000082938B504460D4657D004D861B1042905
:105EA0004CD0012038BD0C29FBD10268006BD368AF
:105EB00023F48053D36005E00268406AD36823F47A
:105EC0000073D360FEF7E8FE206800222946FFF742
:105ED000E9FD274B98420FD003F5006398420BD0A1
:105EE00003F54063984207D003F58063984203D0DE
:105EF00003F5806398420DD1026A41F211131A42F0
:105F000008D1026A44F244431A4202BF436C23F4AC
:105F100000434364026A41F211131A4208D1026A33
:105F200044F244431A4202BF036823F001030360B2
:105F300001238DB984F83E300020B3E70268806AFF
:105F4000D36823F48063D360BCE70268C06AD36877
:105F500023F40063D360B5E7042D02D184F83F3009
:105F6000EAE7082D0CBF84F8403084F84130E3E7BD
:105F7000002C0140FFF78CBF30B590F83C30012B6E
:105F800004464FF0020037D023681C4D84F83D00D2
:105F9000AB425A68986803D005F50065AB4203D15F
:105FA0004D6822F470022A430D6822F0007222F03C
:105FB00070022A435A60114A934212D0B3F1804FC3
:105FC0000FD0A2F5943293420BD002F58062934237
:105FD00007D002F59632934203D002F54062934215
:105FE00004D1896820F080020A439A6001230020CE
:105FF00084F83D3084F83C0030BD00BF002C0140E7
:1060000030B590F83C30012B4CD0CB688A68264CD8
:1060100023F4407313434A6823F4806313430A68EC
:1060200023F4006313430A6923F4805313434A693A
:1060300023F4005313430A6B23F4804313438A6908
:1060400023F4702343EA02430268A24202D0174DB0
:10605000AA4221D1CD6923F08053A24243EA05032D
:1060600002D0124CA24217D18C6A23F4700343EA87
:1060700004530C6A23F0807323434C6A23F00073AB
:106080002343094CA24203D004F50064A24203D189
:10609000C96A23F000530B435364002380F83C305B
:1060A000184630BD0220FCE7002C014000340140BE
:1060B0001C4B98420BD103F558431A6C42F48042B2
:1060C0001A641A6C22F480421A6400207047164B3E
:1060D00098420AD103F5E6339A6B42F400329A6390
:1060E0009A6B22F400329A63EFE7104B984209D181
:1060F00003F5E4339A6B42F480229A639A6B22F49C
:106100008022F0E70A4B984209D103F5E2339A6BFB
:1061100042F400229A639A6B22F40022E3E7012002
:10612000704700BF00380140004400400048004074
:10613000004C004038B50368DB0704460D4659D4CF
:106140002A69AB68016813436A691343EA69134318
:10615000294A0A40134303604368EA6823F4405322
:10616000134343608368AA6923F440731343836035
:10617000224B984220D1032000F0A2F848B36A686D
:106180003AB32B680B2B15D81D4951F82330E96918
:10619000B0FBF3F0B1F5004F4FEA520325D103EB0A
:1061A0004003B3FBF2F34FF6F0721A40C3F342031D
:1061B0001343E36000200DE0124B984201D10C2004
:1061C000DAE7114B984201D13020D5E70F4B9842C6
:1061D00007D00120E26A2B8822F00F021343E3620A
:1061E00038BDC02000F0D4F8C8E70344B3FBF2F395
:1061F0009BB2DEE70120F3E7F369FFEF00380140CF
:10620000984901080044004000480040004C00400C
:10621000024B1868C0F38020704700BF0010024096
:10622000024BD3F89000C0F34000704700100240CA
:10623000044B054A9B68C3F30313D35C03F01F03AD
:10624000D84070470010024088490108044B054AB5
:106250009B68C3F30223D35C03F01F03D84070474D
:106260000010024080490108124B9A6802F00C02AB
:10627000082A1BD00C2A1BD1D8680F4A0F4900F0FE
:106280000300032808BF1146D868DA68DB68C3F347
:106290004163C0F30620C2F30312013348430132C5
:1062A0005B00B0FBF2F0B0FBF3F0704702487047C0
:1062B000024870470010024000127A000024F400E7
:1062C000032810B52AD12C4C2C4AD4F8883003F07E
:1062D000030343F44033934209D0B3F1031F0CD0BE
:1062E000013A93420DD1BDE81040FFF7BDBFFFF763
:1062F0008FFF00283DD1002010BDFFF791FFC003A4
:10630000FAE7FFF7B1FFFFF793FFA3681C4AC3F357
:10631000C223D35C03F01F03D840EDE70C2817D14C
:10632000154B184AD3F8883003F00C0343F440238C
:106330009342DCD0B3F10C1FDFD0043A9342D2D0A9
:10634000FFF792FFFFF774FFBDE81040FFF77EBF35
:106350003028D0D1084B0C4AD3F8883003F03003F2
:1063600043F440139342C2D0B3F1301FC5D0103A6A
:10637000E4E70648C0E700BF001002400200030047
:106380008049010808000C00200030000024F400BF
:10639000C02808B501D0002008BD134B134AD3F81C
:1063A000883003F0C00343F44003934209D0B3F1B3
:1063B000C01F0CD0403A93420DD1BDE80840FFF712
:1063C00053BFFFF725FF0028E5D00948E4E7FFF7B2
:1063D00027FFC003E0E7FFF747FFFFF729FFBDE80E
:1063E0000840FFF733BF00BF001002408000C0002C
:1063F0000024F400034B044A9A60BFF34F8FBFF3AD
:106400006F8F704700ED00E00020000837B54FF0B7
:10641000E0252B69FDF78CFB6C69AB690134E31A4D
:1064200001932B69DB0304D5FDF782FBAB69E31A0B
:106430000193019B4FF47A725343B3FBF4F302FBD5
:10644000003003B030BD0000F8B5754C754F764D87
:10645000764E3021204604F0A3FF754BDFF804E2AE
:10646000DFF804C27349744A002861D164201870AF
:106470003B786370BEF80030A3701B0AE3709CF891
:10648000003023712B682070180A6371A071180CFA
:106490001B0E23726B68E071180A6372A072180CED
:1064A0001B0E2373AB68E072180A6373A073180C99
:1064B0001B0E23743368E073180A6374A074180CFD
:1064C0001B0E23757368E074180A6375A075180CA9
:1064D0001B0EE0752376B3686376180AA076180C55
:1064E0001B0E23770B7863771378A377534BE076F3
:1064F0001B78E377524B1B7884F82030514B1B7884
:1065000084F82130504B1B7884F822304F4B1B7895
:1065100084F823304E4B30211B7884F824302046F9
:1065200004F058FF3B78072B76D101233B70F8BD70
:106530002078187020798CF80000D4F805002860C5
:10654000D4F809006860D4F80D00A860D4F81100F0
:106550003060D4F815007060D4F81900B060607F26
:106560000870A17F1170354AE17F1170344A94F8A8
:1065700020101170334A94F8211011706378324A58
:1065800094F822103B7063881170304AAEF80030E6
:1065900007EE903A94F8231011702D4A94F82410C5
:1065A0001170B8EE670A05F067FFD6ED007A294B47
:1065B000B8EE677ADFED287AC7EE276A96ED027AA1
:1065C000C3ED006AB8EE477AC7EE276A96ED017A06
:1065D000C3ED026AB8EE477ADFED206A87EE266ADD
:1065E00095ED007A83ED016AB8EE477A1C4B87EE91
:1065F000276A95ED027A83ED006AB8EE477A87EE56
:10660000276AD5ED017A83ED026AF8EE677A87EEA4
:10661000A67A83ED017A85E7082B88D1022385E7E6
:106620004D0500207602002058030020F8020020CB
:106630002C0000209C010020C1120020C01200206C
:10664000AD11002064020020AC1100207402002073
:10665000B4110020EC0200200050C3478096184B74
:106660004C030020B8110020BA110020344B1A78D6
:10667000072A61D101221A7032481B784370324BCD
:10668000324A1B8883701B0A1278C370304B027029
:10669000304A1B78037113684371190A8171190C10
:1066A0001B0E03725368C171190A43728172190C6F
:1066B0001B0E0373936843731A0A82731A0CC27316
:1066C000254AC1721B0E037413684374190A81743E
:1066D000190C1B0E03755368C174190A4375817533
:1066E000190C1B0EC1750376936843761A0A8276DD
:1066F0001A0C1B0E0377194BC2761B784377184B85
:106700001B788377174B1B78C377174B1B7880F860
:106710002030164B1B7880F82130154B1B7880F801
:106720002230144B1B7880F82330134B30211B7818
:1067300080F8243004F04EBE082A9DD102229AE748
:10674000760200204D050020B81100202C0000200A
:10675000BA11002058030020F80200209C010020FC
:10676000C1120020C0120020AD11002064020020E0
:10677000AC11002074020020B41100200148042153
:10678000FFF780BA1007002000B595B0382200212D
:1067900006A80CF03DF81422002101A80CF038F8EE
:1067A0000020FEF7FFFA40224FF480710120CDE96E
:1067B000091215220223CDE90F0206A8CDE90D33F7
:1067C000CDE9113306931393FDF7CCF908B172B6F6
:1067D000FEE70421CDE903000F22032305900DEB12
:1067E0000100CDE90123FDF705FC08B172B6FEE713
:1067F00015B000BD08B5FFF7FDFDFDF77DF9FFF70A
:10680000C3FF00F01BF800F091F900F07DF800F0F4
:1068100085FD00F07DFC00F071FE00F011FE00F03F
:10682000FBF905F001F808F02BFE022006F08CFBC6
:1068300008F0C4FEFCE772B6FEE7000070B588B051
:106840001422002103A80BF0E3FF2D4BDA6C42F079
:106850000102DA64DA6C02F001020092009ADA6C4A
:1068600042F00202DA64DA6C02F002020192019A4A
:10687000DA6C42F00402DA64DB6C03F00403029386
:10688000002210214FF09040029BFEF78BF800226F
:106890001C484FF61621FEF785F800240125102329
:1068A000032603A94FF09040CDE90335CDE9054615
:1068B000FDF72CFF03A913480594CDE90354FDF718
:1068C00025FF162303A90F48CDE90335CDE905447B
:1068D000FDF71CFF4FF47A4303A90A48CDE90335BD
:1068E000CDE90546FDF712FF4FF4805303A94FF0A1
:1068F0009040CDE903340595FDF708FF08B070BD61
:10690000001002400004004810B500248CB0202282
:10691000214604A8CDE9014403940BF079FF414AD4
:106920004FF0A04313604FF440331146C2E90134E5
:10693000D460012314610822C1E9053206224FF414
:10694000A4600A624FF48062C1E90B0208468C839E
:1069500081F824308B6281F83830CC6381F8404074
:10696000FCF7A4FA08B1FFF766FF2E48019401A9CD
:10697000FDF738F808B1FFF75EFFDFF8BCE0294803
:106980000623CDE904E302227F230421CDE9062377
:106990000023CDE9081304A9FCF7C6FB08B1FFF7F3
:1069A0004AFFDFF898C01F480C2304A9CDE904C3AF
:1069B000FCF7BAFB08B1FFF73EFF1B4C1948122346
:1069C00004A9CDE90443FCF7AFFB08B1FFF733FF9F
:1069D00016481823CDE9040304A91248FCF7A4FBC8
:1069E00008B1FFF728FF12490E484FF48073CDE934
:1069F0000413052304A90693FCF796FB08B1FFF7DF
:106A00001AFF0C4A07484FF48373CDE9042304A905
:106A100005230693FCF788FB08B1FFF70CFF0CB0C9
:106A200010BD00BFE00500201000C01002003004BF
:106A3000000021C3000084CB040060080800900C13
:106A400070B598B006461422002102A80BF0E0FEB3
:106A50004422002107A80BF0DBFE3368B3F1A04FFE
:106A600043D14FF40043079307A84FF00053169308
:106A7000FDF7B4FB08B1FFF7DEFE1D4B1D4CDA6CD1
:106A800042F40052DA64DA6C02F400520092009A86
:106A9000DA6C42F00102DA64DB6C03F0010301936B
:106AA0000025019B049503230F2202A94FF090407B
:106AB000CDE90223FDF72AFE0F4925620523802038
:106AC000C4E900134FF48073C4E904034FF4806CED
:106AD00020232046C4E90255C4E906C3FDF7A6FFFA
:106AE00008B1FFF7A8FE7465A66218B070BD00BFBC
:106AF0000010024080050020080002400368B3F146
:106B0000A04F10B504460ED1074AD36C23F40053AE
:106B10004FF09040D3640F21FDF7BEFE606DBDE8DD
:106B20001040FDF7F1BF10BD001002402D4B9A6CD4
:106B300013B542F004029A649A6C02F004020092C7
:106B4000009A9A6C42F001029A649B6C002203F056
:106B50000103114601930B20019BFEF795F90B20D1
:106B6000FEF7C0F9204BDB68C3F30223DA1E042AC8
:106B700094BFC3F1070304234FF0FF3404FA03F377
:106B80006FEA030388BF002203F003039340174A10
:106B90001B0182F80C334FF4805313600022022152
:106BA0000D20FEF771F90D20FEF79CF90E4BDB6806
:106BB000C3F30223DA1E042A94BFC3F1070304239C
:106BC00004FA03F36FEA030388BF002203F0030310
:106BD0009340064A1B0182F80E334FF48043136042
:106BE00002B010BD0010024000ED00E000E100E046
:106BF000054BDA6C024382B0DA64DB6C034001932C
:106C0000019B02B0704700BF001002404FF0E0232C
:106C10001869C0F300407047F0B5A1B01C220021F4
:106C200008A80BF0F5FD40241822002102A80BF063
:106C3000EFFD224600210DEB04000BF0E9FD0FA84B
:106C40000F94FDF7CBFA08B1FFF7F5FD0120FFF730
:106C5000CFFF0220FFF7CCFF012500244FF40043B3
:106C600007460390042602A94FF090400293CDE915
:106C7000044506950796FEF7CEF9802302A9284819
:106C8000CDE90237CDE90445CDE90656FEF7C3F953
:106C9000244A536843F400335360234B9A6D42F403
:106CA00000129A659B6D214A03F400130193019B26
:106CB000D3681F4B83F81F434FF000411960D2681F
:106CC00083F820435D60A3F1FF43A3F54213A3F5CE
:106CD000BA73CDE90934C823CDE90C3408940B9478
:106CE0000E94144C08A92046FEF762F9636843F03D
:106CF00000736360E3686FF34A03E360E36823F4BF
:106D00000043E360236823F400232360236823F413
:106D100000332360642004F0D5FB21B0F0BD00BF38
:106D200000040048000001400010024000ED00E0B7
:106D300000E100E000540040F0B5A1B01C220021A9
:106D400008A80BF065FD40241822002102A80BF0D2
:106D50005FFD224600210DEB04000BF059FD0FA84A
:106D60000F94FDF73BFA08B1FFF765FD0120FFF72F
:106D70003FFF0220FFF73CFF012500244FF40043B2
:106D800007460390042602A94FF090400293CDE9F4
:106D9000044506950796FEF73EF9802302A9294887
:106DA000CDE90237CDE90445CDE90656FEF733F9C2
:106DB000254A536843F400335360244B9A6D42F4E0
:106DC00000129A659B6D224A03F400130193019B04
:106DD000D368204B83F81F434FF000411960D268FD
:106DE00083F820435D60A3F1FF431B4D0894A3F596
:106DF0004213A3F5BA73CDE909342B780B945B00E9
:106E0000CDE90C340E94154C08A92046FEF7D0F8B5
:106E1000636843F000736360E3686FF34A03E36001
:106E2000E36823F40043E360236823F40023236032
:106E3000236823F400332360287804F043FB21B057
:106E4000F0BD00BF000400480000014000100240F7
:106E500000ED00E000E100E02C00002000540040C4
:106E6000024A136843F00103136070470054004066
:106E7000054A536823F0FF7323F48B3323F4FF7325
:106E800023F00103536070470054004070B5264E54
:106E900005461C46B3691B040BD5FFF7B7FE002857
:106EA000F8D01CB9FFF7E4FF012070BD013CA4B28B
:106EB000F0E7736823F07F7323F45F3323F47F7369
:106EC00045EA024023F00303184340F0024040F437
:106ED000005070600A44914211D0134D03E0002C21
:106EE000E0D0013CA4B2AB69D80704D4FFF78EFE12
:106EF0000028F4D1F7E711F8013BAB62EBE70A4A4F
:106F000093699B0608D4FFF781FE0028F8D0002C77
:106F1000C8D0013CA4B2F3E7D36943F02003D361A6
:106F2000FFF7A6FF0020C0E70054004070B5234ED5
:106F300005461C46B3691B040BD5FFF767FE002806
:106F4000F8D01CB9FFF794FF012070BD013CA4B23A
:106F5000F0E7736823F07F7323F45F3323F47F73C8
:106F600045EA024023F00303184340F0004040F498
:106F7000005070600A44914211D0104D03E0002C83
:106F8000E0D0013CA4B2AB69D80704D4FFF73EFEC1
:106F90000028F4D1F7E711F8013BAB62EBE7074AB1
:106FA00093695B0608D4FFF731FE0028F8D0002C67
:106FB000C8D0013CA4B2F3E70020C6E7005400406B
:106FC00038B51E4D1C466B6823F07F7323F45F3386
:106FD00023F47F7340EA024023F00303184340F098
:106FE000024040F4105068600A4491420DD1134AA7
:106FF00093699B061AD4FFF709FE0028F8D08CB1DC
:10700000013CE4B2F4E7013CE4B2AB69580703D5B4
:107010006B6A01F8013BE8E7FFF7F8FD0028F4D0C0
:10702000002CF0D1FFF724FF012038BDD36943F0D5
:107030002003D361FFF71CFF0020F6E70054004057
:10704000F8B50E46114603F1080202F4FC7200AFD7
:10705000ADEB020D044668465D1C1A4600F8016B54
:107060000BF06DFC3B8BEAB269462046FFF70EFF42
:10707000BD46F8BDB0B51C46093303F4FC7300AF40
:10708000ADEB030D0B0A05468DF800108DF80130AD
:1070900011460DF1020022460BF051FC621C3B8AA6
:1070A000D2B269462846FFF7F1FEBD46B0BDF7B53E
:1070B000BDF820408DF8071016461F4601222346D2
:1070C0000DF107010546FFF731FF28B9E3B23A4653
:1070D00031462846FFF774FF03B0F0BDF7B5BDF8A1
:1070E0002040ADF8041016461F460222234601A98F
:1070F0000546FFF71BFF40B9E3B23A463146284642
:1071000003B0BDE8F040FFF75BBF03B0F0BD000087
:10711000114908B5114B0B604FF482720023C1E98D
:1071200001234FF470620120C1E903234FF4007280
:10713000C1E905022022C1E9072308460722C1E967
:107140000933C1E90B234B63FDF7FFFF18B1BDE81D
:107150000840FFF770BB08BD4C060020003001401E
:1071600010B5044688B01422002103A80BF050FB90
:107170002268134B9A4220D103F5604303211A6E13
:1071800042F480521A661A6E02F480520192019AF9
:10719000DA6C42F00102DA64DB6C03F00103029363
:1071A000029BE0220223CDE903230523CDE9061348
:1071B0004FF0904003A9FDF7A9FA08B010BD00BF39
:1071C000003001400268074B9A4209D1064A136E0B
:1071D00023F480531366E0214FF09040FDF75CBB31
:1071E000704700BF003001400010024007B50E4B51
:1071F00002689A4215D103F5644319201A6E42F4CD
:1072000000621A661B6E002203F4006301931146AC
:10721000019BFDF739FE192003B05DF804EBFDF783
:1072200061BE03B000BD00BF002C014037B5174B55
:1072300002689A42054627D103F50333144C9A6D30
:1072400042F002029A659B6D124A03F00203019319
:10725000019B3E23C4E9002380204FF48072002369
:10726000C4E9040210214FF48062C4E90213C4E9A6
:10727000062320464FF400532362FDF7D7FB08B1E5
:10728000FFF7D9FAAC62A56203B030BD000400403C
:10729000B00600203000024010B5044688B0142229
:1072A000002103A80BF0B4FA2368184A934217D1BF
:1072B000174BDA6C42F00102DA64DB6C03F0010375
:1072C00001934FF4E061019B0223CDE903130623F0
:1072D000079303A94FF09040FDF718FA08B010BDCE
:1072E0000C4A9342FAD10A4B0B48DA6C42F0020284
:1072F000DA64DB6C03F002030293029B2022022378
:10730000CDE903230593079303A9E5E7002C01408A
:1073100000100240000400400004004810B5102294
:107320009CB0002400210DEB02000BF071FA1C222E
:10733000214608A8CDE9014403940BF069FA3422F0
:1073400021460FA80BF064FA3B4A3C4B1360022124
:107350002023C2E9011340F2E733C2E903341046A7
:10736000802354619361FEF7BFF908B1FFF763FA18
:107370004FF480533048049304A9FEF7DDFA08B1B6
:10738000FFF759FA2C48FEF7DFF908B1FFF753FA77
:10739000002470232848039401A9CDE90134FEF7A5
:1073A000EBFD08B1FFF747FA602323480E94002253
:1073B00008A9CDE90834CDE90A44CDE90C44FEF72B
:1073C00037FA08B1FFF737FA1B48042208A9FEF77D
:1073D0002FFA08B1FFF72FFA1748082208A9FEF77D
:1073E00027FA08B1FFF727FA7023134808930C22F5
:1073F00008A9FEF71DFA08B1FFF71DFA00234FF4A4
:107400000052CDE914230C4813934FF000720FA9DA
:10741000CDE90F33CDE91133CDE91633CDE918238A
:10742000CDE91A33FEF7ECFD08B1FFF704FA024884
:10743000FFF732FF1CB010BD5C070020002C01409C
:1074400010B500248AB01C22214603A8CDE90044CF
:1074500002940BF0DDF9154A154B9460C2E9003433
:107460001046D123C2E903349461FEF76DF908B1E7
:10747000FFF7E1F90D48009469460294FEF77CFDA0
:1074800008B1FFF7D8F900236022CDE903230748AC
:107490000593042203A90793FEF7CAF908B1FFF781
:1074A000CAF90248FFF7F8FE0AB010BD1007002025
:1074B000000400400268064B9A4207D1054A136E49
:1074C00023F4006313661920FDF71ABD704700BF4F
:1074D000002C0140001002400268064B9A4207D17E
:1074E000054A806A936D23F002039365FDF70CBB98
:1074F000704700BF000400400010024070B5A2B009
:107500002022002109A80BF083F91822002103A8EA
:107510000BF07EF94022002112A80BF079F9042328
:1075200011A81193FCF75AFE08B1FFF784F9754BC7
:1075300075489A6D42F480229A659A6D02F4802211
:107540000292029ADA6C42F00402DA64DB6C03F015
:107550000403019300240725019B07944FF48063E3
:10756000022603A9CDE90336CDE905440895FDF7C8
:1075700052FD4FF4006303A96348CDE90336CDE91A
:107580000544CDE90745FDF746FD604BD3F80428D7
:1075900022F0FF0242F01C02C3F80428DA6922F448
:1075A000804222F01002DA61DA6922F4405242F499
:1075B0008052DA61DA6922F02002DA61DA6922F0B7
:1075C0004002DA61DA6942F08002DA61DA6922F4B3
:1075D0004072DA61DA6922F44062DA61D3F80C2889
:1075E00022F0FF0242F01D02C3F80C285A6C22F46C
:1075F000804222F0100242F010025A645A6C22F4C7
:10760000405242F480525A645A6C22F020025A646A
:107610005A6C22F040025A645A6C42F080025A645A
:107620005A6C22F440725A645A6C22F440625A64D2
:10763000374BDA68C2F30222D11E042994BFAA1A7A
:1076400004224FF0FF3303FA02F36FEA030388BF0B
:10765000214603F003032F4A8B401B0182F8273396
:107660008023536000234FF4E132CDE909322A48E8
:107670000D930C2209A9CDE90E23CDE90B3310930C
:10768000FEF758FD4FF0402202F6080353E8003F92
:1076900023F0604302F6080040E800310029F3D1EE
:1076A0004FF0402202F6080353E8003F23F06063E6
:1076B00002F6080040E800310029F3D1164B1A68A1
:1076C00022F000521A605A6822F490425A609A6876
:1076D00022F02A029A601A6842F001021A60DA69FE
:1076E0009102FCD5DA695202F9D50C4A1346002101
:1076F00043F808190A4959600A4B42F8083C22B07D
:1077000070BD00BF001002400008004800000240A9
:1077100000ED00E000E100E000480040E809002042
:10772000A9070020AA090020F0B5864C2378A3B051
:10773000022B88BF02234FF020024FF0000109A85E
:1077400088BF23700BF064F81822002103A80BF007
:107750005FF84022002112A80BF05AF8042311A868
:107760001193FCF73BFD08B1FFF765F8764B7748BE
:107770009A6D42F480229A659A6D02F480220292F8
:10778000029ADA6C42F00402DA64DB6C03F0040360
:10779000019300250726019B07954FF4806302277C
:1077A00003A9CDE90337CDE905550896FDF733FC6C
:1077B0004FF4006303A96548CDE90337CDE90555CA
:1077C000CDE90756FDF727FC614BD3F8042822F0DA
:1077D000FF0242F01C02C3F80428DA6922F4804256
:1077E00022F01002DA61DA6922F4405242F4805247
:1077F000DA61DA6922F02002DA61DA6922F0400205
:10780000DA61DA6942F08002DA61DA6922F4407200
:10781000DA61DA6922F44062DA61D3F80C2822F0E6
:10782000FF0242F01D02C3F80C285A6C22F4804279
:1078300022F0100242F010025A645A6C22F44052B4
:1078400042F480525A645A6C22F020025A645A6CF4
:1078500022F040025A645A6C42F080025A645A6C18
:1078600022F440725A645A6C22F440625A64394BD2
:10787000DA68C2F30222D11E042994BFB21A04228C
:107880004FF0FF3303FA02F36FEA030388BF294680
:1078900003F00303304A8B401B0182F82733802317
:1078A00053602E4A21782E4852F821200023CDE93A
:1078B0000A2309A90C22CDE90E23CDE90C33099343
:1078C0001093FEF737FC4FF0402202F6080353E80E
:1078D000003F23F0604302F6080040E80031002931
:1078E000F3D14FF0402202F6080353E8003F23F0A3
:1078F000606302F6080040E800310029F3D1184B1C
:107900001A6822F000521A605A6822F490425A60B3
:107910009A6822F02A029A601A6842F001021A60FC
:10792000DA699102FCD5DA695202F9D50D4A13469B
:10793000002143F808190C4959600C4B42F8083CE7
:1079400023B0F0BDAD110020001002400008004837
:107950000000024000ED00E000E100E068020020CD
:1079600000480040E8090020A9070020AA090020DB
:107970001A4B1B4A5A621B4A52689A621A6A6FF380
:107980000F0242F400721A624FF0402101F50062CA
:1079900052E8002F42F0100201F5006C4CE8002084
:1079A0000028F3D1DA6942F00202DA61DA6942F0C2
:1079B0000802DA61DA6942F00102DA614FF040222E
:1079C00002F6080353E8003F43F0400302F60800C4
:1079D00040E800310029F3D1704700BF00000240A9
:1079E00024480040E0090020134B1449D96414498D
:1079F00009681965996C6FF30F011143402299646E
:107A0000026250E8002F42F0400240E800210029C5
:107A1000F7D15A6C42F001025A644FF0402202F64C
:107A2000080353E8003F43F0800302F6080040E8F3
:107A300000310029F3D1704700000240284800407F
:107A4000E0090020FEE7FEE7FEE7FEE7FEE77047FD
:107A500070477047FCF760B80148FDF758B900BFA0
:107A600080050020034B1A68920644BF20225A600A
:107A7000704700BF000002400148FDF748B900BF51
:107A8000B0060020704703F0F5BD03F0D5BD00003F
:107A9000014805F081BB00BF004800400B4B1A6E47
:107AA00042F0010282B01A661A6E02F001020092E0
:107AB000009A9A6D42F080529A659B6D03F0805354
:107AC0000193019B02B0FDF7C5B900BF0010024051
:107AD0000A4A136810B50BB9094B136009490A4CDF
:107AE0001844091B884207D90AF0F4FE0C230360EE
:107AF0004FF0FF33184610BD1060FBE7EC09002083
:107B0000F0150020F87F00200004000001207047DD
:107B100008B50AF0DFFE162303604FF0FF3008BD02
:107B200008B50AF0D7FE16230360FEE770B50E46CF
:107B300015460C46A31B9D4201DC284670BDAFF3E1
:107B4000008004F8010BF5E770B50E4615460C46AB
:107B5000A31B9D4201DC284670BD14F8010BAFF356
:107B60000080F5E74FF0FF3070474FF400534B6053
:107B70000020704701207047002070470D4885465F
:107B80000D480E490E4A002302E0D458C450043375
:107B9000C4188C42F9D30B4A0B4C002301E013604C
:107BA0000432A242FBD3FBF75FF90AF099FEFEF71D
:107BB00021FEFEE7F87F0020000000202C050020B9
:107BC00064C301082C050020F0150020FEE700002A
:107BD00008B57F210748FBF7B9FE0622064905488C
:107BE000FBF70CFD054A00231360054A1360054AA4
:107BF000136008BDE0050020260A0020000A0020CE
:107C0000FC090020F8090020064B074A198811805A
:107C1000064A598811809A88054B1A80054B012223
:107C20001A707047260A0020080A0020060A002061
:107C3000040A0020F00900201E4B1F4A18885988AA
:107C400080B2F0B510801D4A1D4C89B211809A880F
:107C5000DD8892B222801B4C25801B4C1D89B4F814
:107C6000A8605F89B4F8AA30B4F8CA40ADB240F653
:107C7000B83CBFB20CFB03F3B3FBF7F36B436425D3
:107C8000B3FBFCF39B1BA41B6B4393FBF4F30F4C64
:107C90001E3323600E4B1B88C01A0E4B18600E4B10
:107CA0001B88C91A0D4B19600D4B1B88D21A0D4B3E
:107CB0001A60F0BD260A0020100A00200E0A0020DB
:107CC0000C0A00200A0A00200075FF1FF40900209A
:107CD000080A0020000A0020060A0020FC090020F3
:107CE000040A0020F8090020012803D0022815D03A
:107CF0000020704701390329FAD8DFE801F00206B5
:107D0000090C0E4B188880B270470C4B5888FAE764
:107D10000A4B9888F7E7094BD888F4E7013903291B
:107D2000E6D8DFE801F002040608054BEAE7044B59
:107D3000ECE7034BEDE7024BEEE700BF260A00201D
:107D4000120A0020F8B54FF4805107464FF09040DA
:107D5000FCF722FE40F2DC54064600254FF4805129
:107D60004FF09040FCF718FEB04207D10135ADB29C
:107D7000B5F5FA7F04D13E700120F8BD0646002516
:107D8000013CA4B2002CE9D12046F6E738B5354BCA
:107D90001B7823B3344A354C13782BB9C4E901332B
:107DA00001212170237311703048FFF7CBFFB0B170
:107DB000237A2F4DA3B12378E3B9FBF7B9FE6368AB
:107DC000C01A41F28833984214D92B7813B9012391
:107DD00063722B70237813B100232B70237238BD8C
:107DE00023783BB901232372FBF7A2FE237A60605C
:107DF000002BE0D12B78002BECD1237A002BEED096
:107E00002378002BEBD0FBF793FE6368C01A63283E
:107E10000AD9FBF78DFE6368C01AB0F5FA7F03D864
:107E20000123A3720023D9E7FBF782FE6368C01A1F
:107E3000B0F5FA6F0AD3FBF77BFE6368C01A41F214
:107E40008833984202D80123E372EBE7FBF770FE18
:107E50006368C01A41F28833984284BF01232373B8
:107E6000E0E700BF2D0000204C0A00203C0A002063
:107E70003A0A002008B5084800F0E4F84FF48051B1
:107E80004FF09040FCF788FD28B902F097FEBDE85E
:107E9000084002F0EFBE08BD700A002001F02ABEC3
:107EA00008B5FFF773FF02F0DBFD02F02DFDBDE822
:107EB000084002F0F9BB000038B51C4C1C4DA37AF9
:107EC00063B12B780133DBB2032B92BF1A46002239
:107ED00013462A70174A13700023A372637A6BB19A
:107EE000154B1B7853B1154A13780133DBB2042BC1
:107EF000137010D90123137000236372104B1B7889
:107F00006BB9104B1B7863B90F4B1B785BB9094BEE
:107F10001B782B7038BDEFD106F07EFBECE7052314
:107F2000F7E70623F5E70723F3E700BF3C0A002045
:107F3000590A0020580A0020B511002076020020BE
:107F4000F4110020F2110020F311002010B51D4B98
:107F50001B78072B07D8DFE803F025220428062B1F
:107F60002E3101F021FE184C02F04EFCFBF7E0FD33
:107F70002368984212D9154A13780133DBB2591E8F
:107F80004B424B411370124A1368B3FA83F35B09F7
:107F90001360FBF7CDFD00F57A70206010BD02F094
:107FA000B3FFE0E702F008F9DDE701F0D5FFDAE71B
:107FB00002F084FAD7E702F0D3FAD4E702F022FB0A
:107FC000D1E700BF590A0020540A0020C011002048
:107FD000500A00204B2908B530D83F2908D8292954
:107FE00028D02B2924D0A1F128035842584108BD9C
:107FF00040390B2922D8DFE801F00F062121212189
:108000002121211313170E4B4FF400410AB199613E
:1080100000E099620120EAE7094B4FF40051F5E7CF
:10802000074B4FF48041F1E7054B4FF40061EDE75A
:1080300000BFEFE71046FBF781FDEBE70020D6E736
:108040000004004810B50749074B084A044607F0EA
:108050007FFF204608F0F7FD20460021BDE81040D4
:1080600008F0F9BD0CBD0108D57F0008E70801083C
:1080700010B5274807F0BBFE2649254808F0D4F97B
:10808000254B23480C22002108F094F9234B1B7840
:10809000022B39D0032B39D0012B05D1204B1C48A2
:1080A0001822002108F086F91E4B194824220021CD
:1080B00008F080F91C4B16483022002108F07AF9AC
:1080C000134807F09EFE194B1A7C4AB11849194A09
:1080D00008780C2404FB002292780A7000221A749B
:1080E0005A7C4AB11249134A08780C2404FB002236
:1080F00052780A7000225A740F4A937A1BB10023F7
:1081000093720E4A137010BD0D4BC8E70D4BC6E7B6
:10811000700A002077890108C84901089C010020E5
:10812000CF490108F1490108FC4901085C0A002017
:10813000370B0020300000203C0A0020360B0020C6
:10814000DA490108E549010810B52C4807F04FFE4F
:108150002B492A4808F068F92A4B28480C220021AC
:1081600008F028F9284B1B78022B42D0032B42D071
:10817000012B05D1254B21481822002108F01AF9BE
:10818000234B1E482422002108F014F9214B1B48E0
:108190003022002108F00EF9184807F032FE1E4B7D
:1081A0001A7C4AB11D491E4A08780C2404FB00229F
:1081B00092780A7000221A745A7C4AB11749184AF8
:1081C00008780C2404FB002252780A7000225A74AA
:1081D000144B9A7A62B11149114A08780C2404FBB5
:1081E000002212790A70104A1978117000229A72CE
:1081F00010BD0E4BBFE70E4BBDE700BF700A00205D
:1082000077890108054A01089C0100200C4A0108F1
:10821000F1490108FC4901085C0A0020370B0020E5
:10822000300000203C0A0020350B0020174A0108CE
:10823000224A010810B52C4807F0D9FD2B492A48DD
:1082400008F0F2F82A4B28480C22002108F0B2F876
:10825000284B1B78022B42D0032B42D0012B05D197
:10826000254B21481822002108F0A4F8234B1E4872
:108270002422002108F09EF8214B1B4830220021C7
:1082800008F098F8184807F0BCFD1E4B1A7C4AB15C
:108290001D491E4A08780C2404FB002292780A70BB
:1082A00000221A745A7C4AB11749184A08780C24DB
:1082B00004FB002252780A7000225A74144B9A7AF6
:1082C00062B11149114A08780C2404FB002212798A
:1082D0000A70104A1978117000229A7210BD0E4B64
:1082E000BFE70E4BBDE700BF700A00207789010889
:1082F000054A01089C010020CF4901082E4A0108C7
:10830000FC4901085C0A0020370B002030000020E7
:108310003C0A0020350B0020DA490108E549010834
:1083200010B52C4807F063FD2B492A4808F07CF86B
:108330002A4B28480C22002108F03CF8284B1B78D7
:10834000022B42D0032B42D0012B05D1254B2148D3
:108350001822002108F02EF8234B1E482422002169
:1083600008F028F8214B1B483022002108F022F8A1
:10837000184807F046FD1E4B1A7C4AB11D491E4A9B
:1083800008780C2404FB002292780A7000221A74E8
:108390005A7C4AB11749184A08780C2404FB002279
:1083A00052780A7000225A74144B9A7A62B11149B9
:1083B000114A08780C2404FB002212790A70104A32
:1083C0001978117000229A7210BD0E4BBFE70E4B48
:1083D000BDE700BF700A002077890108054A01083F
:1083E0009C010020CF490108F1490108394A0108E0
:1083F0005C0A0020370B0020300000203C0A0020DF
:10840000350B0020DA490108E549010810B52C4870
:1084100007F0EDFC2B492A4808F006F82A4B1B7898
:10842000022B48D0032B48D0012B05D1274B2448E1
:108430000C22002107F0BEFF254B21481822002105
:1084400007F0B8FF234B1E482422002107F0B2FF9B
:10845000214B1B483022002107F0ACFF184807F0E1
:10846000D0FC1E4B1A7C4AB11D491E4A08780C24C8
:1084700004FB002292780A7000221A745A7C4AB1D6
:108480001749184A08780C2404FB002252780A7015
:1084900000225A74144B9A7A62B11149114A087831
:1084A0000C2404FB002212790A70104A197811700A
:1084B00000229A7210BD0E4BB9E70E4BB7E700BF12
:1084C000700A0020778901089C010020CF4901082B
:1084D000424A0108FC4901084D4A01085C0A002093
:1084E000370B0020300000203C0A0020350B002014
:1084F000DA490108E549010810B5294807F077FC79
:108500002849274807F090FF274B25480C220021D7
:1085100007F050FF254B22481822002107F04AFFA0
:10852000234B1F482422002107F044FF214B1C4805
:108530003022002107F03EFF1F4B194830222E2128
:1085400007F038FF164807F05CFC1C4B1A7C4AB158
:108550001B491C4A08780C2404FB002292780A70FC
:1085600000221A745A7C4AB11549164A08780C241C
:1085700004FB002252780A7000225A74124B9A7A35
:1085800062B10F490F4A08780C2404FB00221279CB
:108590000A700E4A1978117000229A7210BD00BF3D
:1085A000700A002077890108424A0108FC49010845
:1085B000574A0108614A01085D4A01085C0A002027
:1085C000370B0020300000203C0A0020350B002033
:1085D00010B5294807F00BFC2849274807F024FF6D
:1085E000274B25480C22002107F0E4FE254B2248AA
:1085F0001822002107F0DEFE234B1F482422002111
:1086000007F0D8FE214B1C4824222E2107F0D2FE71
:108610001F4B19483022002107F0CCFE164807F006
:10862000F0FB1C4B1A7C4AB11B491C4A08780C24ED
:1086300004FB002292780A7000221A745A7C4AB114
:108640001549164A08780C2404FB002252780A7057
:1086500000225A74124B9A7A62B10F490F4A087875
:108660000C2404FB002212790A700E4A197811704A
:1086700000229A7210BD00BF700A0020778901089D
:10868000FC490108574A0108694A01085D4A010886
:10869000714A01085C0A0020370B002030000020DE
:1086A0003C0A0020350B002010B5294807F09FFB3D
:1086B0002849274807F0B8FE274B25480C220021FF
:1086C00007F078FE254B22481822002107F072FEA1
:1086D000234B1F4818222E2107F06CFE214B1C480B
:1086E0002422002107F066FE1F4B1948302200218A
:1086F00007F060FE164807F084FB1C4B1A7C4AB159
:108700001B491C4A08780C2404FB002292780A704A
:1087100000221A745A7C4AB11549164A08780C246A
:1087200004FB002252780A7000225A74124B9A7A83
:1087300062B10F490F4A08780C2404FB0022127919
:108740000A700E4A1978117000229A7210BD00BF8B
:10875000700A002077890108574A0108694A010810
:108760005D4A0108774A01087D4A01085C0A002039
:10877000370B0020300000203C0A0020350B002081
:1087800010B5294807F033FB2849274807F04CFE6D
:10879000274B25480C22002107F00CFE254B2248D0
:1087A0000C222E2107F006FE234B1F481822002121
:1087B00007F000FE214B1C482422002107F0FAFD9F
:1087C0001F4B19483022002107F0F4FD164807F02E
:1087D00018FB1C4B1A7C4AB11B491C4A08780C2414
:1087E00004FB002292780A7000221A745A7C4AB163
:1087F0001549164A08780C2404FB002252780A70A6
:1088000000225A74124B9A7A62B10F490F4A0878C3
:108810000C2404FB002212790A700E4A1978117098
:1088200000229A7210BD00BF700A002077890108EB
:10883000694A01085D4A0108774A0108844A01082B
:108840008B4A01085C0A0020370B00203000002012
:108850003C0A0020350B002010B5264807F0C7FA67
:108860002549244807F0E0FD244B22480C22002132
:1088700007F0A0FD224B1F481822002107F09AFDA7
:10888000204B1C482422002107F094FD1E4B194860
:108890003022002107F08EFD164807F0B2FA1B4B7C
:1088A0001A7C4AB11A491B4A08780C2404FB00229E
:1088B00092780A7000221A745A7C4AB11449154AF7
:1088C00008780C2404FB002252780A7000225A74A3
:1088D000114B9A7A62B10E490E4A08780C2404FBB7
:1088E000002212790A700D4A1978117000229A72CA
:1088F00010BD00BF700A002077890108774A01087F
:10890000844A0108914A0108974A01085C0A00203C
:10891000370B0020300000203C0A0020350B0020DF
:1089200010B5264807F063FA2549244807F07CFD76
:10893000244B22480C22002107F03CFD224B1F480B
:108940001822002107F036FD204B1C48242200216C
:1089500007F030FD1E4B19483022002107F02AFD98
:10896000164807F04EFA1B4B1A7C4AB11A491B4AAB
:1089700008780C2404FB002292780A7000221A74F2
:108980005A7C4AB11449154A08780C2404FB002289
:1089900052780A7000225A74114B9A7A62B10E49C9
:1089A0000E4A08780C2404FB002212790A700D4A42
:1089B0001978117000229A7210BD00BF700A002051
:1089C00077890108844A0108914A01089D4A0108F3
:1089D000A34A01085C0A0020370B00203000002069
:1089E0003C0A0020350B002030B589B0142200214C
:1089F00003A809F00DFF304A304B117C21B11978E2
:108A00000131197000211174517C21B1197801399B
:108A10001970002151741B78294A2A4C0E2103A891
:108A200009F080FE284807F0E2F92748012107F005
:108A3000A8FD00220F23114623480093402307F08E
:108A40008FF92249204807F0EFFC1F48002107F06A
:108A500098FD1F4B1C480C22112107F0ABFC1A4853
:108A6000012107F08EFD1B49174807F0DDFC03AB21
:108A700022220E21144807F09DFC134807F0C1F98B
:108A8000A37ABBB1002003F009FD134B134D5B78B3
:108A90002B70FDF7EBFD042301202B7003F0FEFC8F
:108AA0000F4A104B11780C2000FB0133DB78137058
:108AB0000023A37209B030BD5C0A0020BA11002067
:108AC000AB4A01083C0A0020700A002041790108E5
:108AD000B34A0108778901084D050020760200207D
:108AE000370B00203000002070B592B01422002116
:108AF00003A809F08DFE1422002108A809F088FEC1
:108B0000142200210DA809F083FE5D4B5D4C1A78FC
:108B10005D4D1AB92A78227001221A705B4807F05D
:108B200066F95A48012107F02CFD00220F23114657
:108B300056480093402307F013F95549534807F06E
:108B400073FC5248002107F01CFD524B4F480C2289
:108B5000112107F02FFC4D48012107F012FD4E496D
:108B60004A4807F061FC2B78022B67D0032B6BD0AF
:108B7000012B0BD1494903A809F0D9FE484908A89F
:108B800009F0D5FE47490DA809F0D1FE464A137CED
:108B900043B123780133DBB2042B28BF01232370B8
:108BA00000231374537C43B12378012B8CBF03F152
:108BB000FF3303232370002353742378022B4DD0FB
:108BC000032B5AD0012B17D1384B304819220021E2
:108BD00007F0F0FB03AB19222C480A2107F0EAFB4F
:108BE00008AB23220A21294807F0E4FB27480DABF4
:108BF0002D220A2107F0DEFB2D4E244807F001F953
:108C0000B37ACBB123782B70002003F047FC294BBB
:108C1000294C5B782370FDF729FD04230120237084
:108C200003F03CFC254A264B11780C2000FB013355
:108C3000DB7813700023B37212B070BD214903A812
:108C400009F075FE20499AE71E4903A809F06FFE56
:108C5000134908A809F06BFE1C4994E7134B232223
:108C600000210A4807F0A6FB08AB232207480A2187
:108C700007F0A0FB03AB1922B4E70C4B2D22EFE762
:108C8000110B0020100B00209C010020700A002016
:108C900041790108B94A010877890108BF4A0108EA
:108CA000C44A0108C94A01085C0A0020B24B010805
:108CB0003C0A00204D05002076020020370B0020E2
:108CC00030000020D34A0108D84A0108DD4A0108D3
:108CD00030B589B01422002103A809F099FD344968
:108CE000344A0B7C43B113780133DBB2782B28BFB5
:108CF0000823137000230B744B7C43B11378082BAB
:108D00008CBF03F1FF337723137000234B74137868
:108D1000294A2A4C142103A809F004FD284807F029
:108D200066F82748012107F02CFC00220F2311468A
:108D300023480093402307F013F82249204807F006
:108D400073FB1F48002107F01CFC1F4B1C480C2222
:108D5000112107F02FFB1A48012107F012FC1B49D3
:108D6000174807F061FB03AB22220521144807F0E6
:108D700021FB134807F045F8A37ABBB1002003F0AC
:108D80008DFB134B134D5B782B70FDF76FFC0423A9
:108D900001202B7003F082FB0F4A104B11780C203E
:108DA00000FB0133DB7813700023A37209B030BDE0
:108DB0005C0A00202C000020E74A01083C0A002041
:108DC000700A002041790108F34A010877890108F7
:108DD0004D05002076020020370B002030000020D7
:108DE00070B596B01422002102A809F011FD1422DA
:108DF000002107A809F00CFD142200210CA809F09D
:108E000007FD1422002111A809F002FD784B794CCE
:108E10001A78794D1AB92A78227001221A70774887
:108E200006F0E5FF7548012107F0ABFB00220F2398
:108E3000114672480093402306F092FF70496F4834
:108E400007F0F2FA6D48002107F09BFB6D4B6B4871
:108E50000C22052107F0AEFA6848012107F091FBCA
:108E60006949664807F0E0FA2B78032B13D8DFE84E
:108E700003F0022D333D654902A809F058FD64490D
:108E800007A809F054FD63490CA809F050FD624998
:108E900011A809F04CFD614A137C43B123780133DA
:108EA000DBB2042B28BF0023237000231374537CF0
:108EB0002BB1237843B3013B2370002353742378F1
:108EC000032B3BD8DFE803F0225C6B80544902A8F7
:108ED00009F02DFD5349D3E7514902A809F027FDB8
:108EE0004B4907A809F023FD4F49CDE74C4902A89B
:108EF00009F01DFD464907A809F019FD4B490CA8CA
:108F000009F015FD4A49C3E70323D5E7494B3B4820
:108F10001922002107F04EFA02AB192237480A2124
:108F200007F048FA07AB232234480A2107F042FA37
:108F30000CAB2D2231480A2107F03CFA3E4E2F4857
:108F400006F05FFFB37ACBB123782B70002003F0DB
:108F5000A5FA3A4B3A4C5B782370FDF787FB042364
:108F60000120237003F09AFA364A374B11780C200F
:108F700000FB0133DB7813700023B37216B070BDB1
:108F80002C4B1E482322002107F014FA07AB2322A2
:108F90001A480A2107F00EFA02AB1922C4E7254B42
:108FA00016482D22002107F005FA0CAB2D220A21CC
:108FB000124807F0FFF902AB104819220A2107F006
:108FC000F9F907AB2322B5E71A4B0C482D220021F3
:108FD00007F0F0F911AB2D220A21084807F0EAF951
:108FE00007AB064819220A2107F0E4F90CABE9E7C0
:108FF0000F0B00200E0B0020C0120020700A002072
:1090000041790108F94A01080F990108034B010849
:109010000D4B0108194B0108234B01085C0A002085
:109020002F4B0108394B0108454B01084F4B0108F4
:10903000594B0108B24B01083C0A00204D050020A5
:1090400076020020370B00203000002070B596B06B
:109050001422002102A809F0DBFB1422002107A83A
:1090600009F0D6FB142200210CA809F0D1FB142230
:10907000002111A809F0CCFB784B794C1A78794D76
:109080001AB92A78227001221A70774806F0AFFECA
:109090007548012107F075FA00220F231146724826
:1090A0000093402306F05CFE70496F4807F0BCF95E
:1090B0006D48002107F065FA6D4B6B480C220021CA
:1090C00007F078F96848012107F05BFA69496648BA
:1090D00007F0AAF92B78032B13D8DFE803F0022D51
:1090E000333D654902A809F022FC644907A809F04C
:1090F0001EFC63490CA809F01AFC624911A809F08A
:1091000016FC614A137C43B123780133DBB2042B94
:1091100028BF0023237000231374537C2BB12378C2
:1091200043B3013B2370002353742378032B3BD8B4
:10913000DFE803F0225C6B80544902A809F0F7FBDA
:109140005349D3E7514902A809F0F1FB4B4907A85D
:1091500009F0EDFB4F49CDE74C4902A809F0E7FBC8
:10916000464907A809F0E3FB45490CA809F0DFFBD5
:109170004949C3E70323D5E7484B3B48192200215F
:1091800007F018F902AB192237480A2107F012F943
:1091900007AB232234480A2107F00CF90CAB2D222F
:1091A00031480A2107F006F93D4E2F4806F029FE06
:1091B000B37ACBB123782B70002003F06FF9394BD1
:1091C000394C5B782370FDF751FA0423012023709A
:1091D00003F064F9354A364B11780C2000FB01335B
:1091E000DB7813700023B37216B070BD2B4B1E4892
:1091F0002322002107F0DEF807AB23221A480A21B8
:1092000007F0D8F802AB1922C4E7244B16482D22E8
:10921000002107F0CFF80CAB2D220A21124807F0ED
:10922000C9F802AB104819220A2107F0C3F807ABAE
:109230002322B5E7194B0C482D22002107F0BAF87C
:1092400011AB2D220A21084807F0B4F807AB0648F5
:1092500019220A2107F0AEF80CABE9E70D0B00204C
:109260000C0B0020C1120020700A00204179010877
:10927000654B01080F990108034B01080D4B0108CC
:10928000194B0108234B01085C0A00202F4B0108F1
:10929000394B0108454B0108714B0108B24B0108DD
:1092A0003C0A00204D05002076020020370B0020EC
:1092B0003000002070B592B01422002103A809F0FC
:1092C000A7FA1422002108A809F0A2FA142200210A
:1092D0000DA809F09DFA654B654C1A78654D1AB9D1
:1092E0002A78227001221A70634806F080FD6248D5
:1092F000012107F046F900220F2311465E48009332
:10930000402306F02DFD5D495B4807F08DF85A4873
:10931000002107F036F95A4B57480C22112107F06B
:1093200049F85548012107F02CF95649524807F0F1
:109330007BF82B78012B62D0022B66D05BB95249A7
:1093400003A809F0F4FA514908A809F0F0FA5049C5
:109350000DA809F0ECFA4F4A137C43B1237801338E
:10936000DBB2032B28BF0023237000231374537C2C
:1093700033B12378002B52D0013B23700023537468
:10938000217801294DD002295AD0B1B9424B3A482F
:10939000192207F00FF803AB192237480A2107F00A
:1093A00009F808AB232234480A2107F003F80DAB73
:1093B0002D2231480A2106F0FDFF384E2E4806F0D6
:1093C00020FDB37ACBB123782B70002003F066F830
:1093D000334B344C5B782370FDF748F904230120AC
:1093E000237003F05BF8304A304B11780C2000FBFF
:1093F0000133DB7813700023B37212B070BD2C49B7
:1094000003A809F094FA2B499EE7294903A809F01B
:109410008EFA1E4908A809F08AFA274998E702231C
:10942000ABE71D4B14482322002106F0C3FF08AB15
:10943000232211480A2106F0BDFF03AB1922B2E72F
:10944000154B0D482D22002106F0B4FF0DAB2D2247
:109450000A21094806F0AEFF03AB192206480A218B
:1094600006F0A8FF08AB2322A3E700BF0B0B0020E8
:109470000A0B0020AD110020700A0020417901087C
:109480007D4B010877890108834B01088B4B01084C
:10949000924B01085C0A0020B24B01083C0A0020F4
:1094A0004D05002076020020370B00203000002000
:1094B000984B0108A04B0108A74B010830B589B0B3
:1094C0001422002103A809F0A3F93A483A4C06F007
:1094D0008EFC3848012107F054F800220F23114672
:1094E00034480093402306F03BFC3449314806F0F1
:1094F0009BFF3048002107F044F8314B2D480C22E7
:10950000112106F057FF2B48012107F03AF82D4AA8
:10951000137C43B123780133DBB2652B28BF0023D2
:10952000237000231374537C33B12378002B3FD076
:10953000013B2370002353744FF44851002003F083
:109540000DFD4FF44851012003F008FD03F04AFDE2
:1095500023781D4A1D4C0E2103A809F0E3F81C498D
:10956000144806F061FF03AB22220521114806F0E2
:1095700021FF104806F045FCA37ABBB1002002F0A1
:109580008DFF144B144D5B782B70FDF76FF804239F
:1095900001202B7002F082FF104A114B11780C2031
:1095A00000FB0133DB7813700023A37209B030BDD8
:1095B0006423BEE7700A002064020020417901089C
:1095C000AD4B01085C0A0020B44B01083C0A0020A6
:1095D000778901084D05002076020020370B002016
:1095E0003000002070B58CB01422002102A809F0D0
:1095F0000FF91422002107A809F00AF9504B514C29
:109600001A78514D1AB92A78227001221A704F48DF
:1096100006F0EDFB4D48012106F0B3FF00220F23B9
:1096200011464A480093402306F09AFB48494748B0
:1096300006F0FAFE4548002106F0A3FF454B4348DB
:109640000C22112106F0B6FE4048012106F099FFD8
:1096500041493E4806F0E8FE2B78002B3DD0012B17
:1096600044D03E4A137C43B123780133DBB2591E08
:109670004B424B41237000231374537C33B1237846
:10968000002B39D0013B237000235374217800292B
:1096900034D0012944D0324E2C4806F0B2FBB37AC4
:1096A000CBB123782B70002002F0F8FE2D4B2E4C0E
:1096B0005B782370FCF7DAFF04230120237002F0AB
:1096C000EDFE2A4A2A4B11780C2000FB0133DB788F
:1096D00013700023B3720CB070BD264902A809F0C4
:1096E00026F9254907A809F022F9BAE7234902A873
:1096F00009F01DF92249F5E70123C4E7214B13487E
:10970000192206F057FE02AB19221048052106F077
:1097100051FE07AB232205210C4806F04BFEBAE7A9
:10972000184B0A482322002106F044FE07AB2322EF
:109730000648052106F03EFE02AB1922EBE700BF0A
:10974000090B0020080B0020AC110020700A00203B
:1097500041790108BE4B01080F9901085C0A0020FD
:109760003C0A00204D05002076020020370B002027
:1097700030000020C44B0108D14B0108DE4B01082A
:10978000EB4B0108B24B010870B58CB014220021DC
:1097900002A809F03DF81422002107A809F038F8C2
:1097A000504B514C1A78514D1AB92A782270012227
:1097B0001A704F4806F01BFB4D48012106F0E1FEF0
:1097C00000220F2311464A480093402306F0C8FAAE
:1097D0004849474806F028FE4548002106F0D1FEDA
:1097E000454B43480C22112106F0E4FD404801217D
:1097F00006F0C7FE41493E4806F016FE2B78002BC6
:109800003DD0012B44D03E4A137C43B12378013331
:10981000DBB2591E4B424B41237000231374537C1F
:1098200033B12378002B39D0013B237000235374CC
:109830002178002934D0012944D0324E2C4806F03A
:10984000E0FAB37ACBB123782B70002002F026FE29
:109850002D4B2E4C5B782370FCF708FF042301206E
:10986000237002F01BFE2A4A2A4B11780C2000FBC1
:109870000133DB7813700023B3720CB070BD26493E
:1098800002A809F054F8254907A809F050F8BAE7EA
:10989000234902A809F04BF82249F5E70123C4E760
:1098A000214B1348192206F085FD02AB19221048FE
:1098B000052106F07FFD07AB232205210C4806F0A9
:1098C00079FDBAE7184B0A482322002106F072FD01
:1098D00007AB23220648052106F06CFD02AB1922D6
:1098E000EBE700BF070B0020060B002074020020EE
:1098F000700A002041790108F84B01080F9901080E
:109900005C0A00203C0A00204D0500207602002061
:10991000370B002030000020FE4B0108074C0108E7
:109920000F4C0108184C0108B24B010870B58CB0FF
:109930001422002102A808F06BFF1422002107A8BE
:1099400008F066FF504B514C1A78514D1AB92A78DD
:10995000227001221A704F4806F049FA4D48012141
:1099600006F00FFE00220F2311464A4800934023C1
:1099700006F0F6F94849474806F056FD45480021EB
:1099800006F0FFFD454B43480C220B2106F012FD6B
:109990004048012106F0F5FD41493E4806F044FDEE
:1099A0002B78002B3DD0012B44D03E4A137C43B191
:1099B00023780133DBB2591E4B424B412370002305
:1099C0001374537C33B12378002B39D0013B2370BF
:1099D000002353742178002934D0012944D0324E19
:1099E0002C4806F00EFAB37ACBB123782B70002006
:1099F00002F054FD2D4B2E4C5B782370FCF736FEA5
:109A000004230120237002F049FD2A4A2A4B1178D1
:109A10000C2000FB0133DB7813700023B3720CB011
:109A200070BD264902A808F082FF254907A808F062
:109A30007EFFBAE7234902A808F079FF2249F5E73B
:109A40000123C4E7214B1348192206F0B3FC02ABF3
:109A500019221048052106F0ADFC07AB2322052191
:109A60000C4806F0A7FCBAE7184B0A48232200214D
:109A700006F0A0FC07AB23220648052106F09AFC5D
:109A800002AB1922EBE700BF050B0020040B0020FE
:109A9000B4110020700A002041790108204C01080F
:109AA0000F9901085C0A00203C0A00204D050020A7
:109AB00076020020370B002030000020284C0108DF
:109AC000334C01083D4C0108484C0108B24B0108D9
:109AD00030B5039D441AE81A4443521A94FBF2F23B
:109AE0001A44954203DB9342B8BF13461D462846ED
:109AF00030BD000007B5274806F079F9264B0193E1
:109B000000223023114600932248402306F021F919
:109B1000204806F076F94FF47A70FAF70FF81D48EE
:109B200006F065F91B48012106F0E0FB1948002109
:109B300006F089FC1748012106F023FD1749154856
:109B400006F072FC532316220121124806F0D1FBC5
:109B50001349104806F068FC124B0E481B220221E4
:109B600006F028FC0F4B0B482022022106F022FCB5
:109B70000C4B08482622022106F01CFC054826232F
:109B800000220B2106F0DEFC024803B05DF804EB76
:109B900006F037B9700A0020974E010829BC010869
:109BA00085AD0108524C01082DE9F0432DED028BE3
:109BB000ADB03222002105A808F02AFE3222002191
:109BC00012A808F025FE322200211FA808F020FE6E
:109BD00002A903A805F02AF80DF10A0104A805F06E
:109BE0000FF8AD48AD4FAE4E9FEDAE8A002106F0A6
:109BF000C8FC30230022A84800930C21362306F02D
:109C0000AFF8A949A44806F00FFCA348012106F0CB
:109C1000B8FCA649A04806F007FCA54B9E481722B1
:109C20000E2106F0C7FBA3499B4806F0FDFB3B78DD
:109C3000013B072B43D8DFE813F008004500610122
:109C40007E0145004200080045009B4B1868F8F76C
:109C50002BFC9A4ACDE90001322112A808F062FDDE
:109C6000974B986BF8F720FC944ACDE9000132211C
:109C70001FA808F057FD9349874806F0D5FB924B83
:109C800085481522342106F095FB904B82481D2211
:109C9000342106F08FFB8B497F4806F0C5FB8A4BC9
:109CA0007D482622342106F085FB3421874B7A48F3
:109CB0002E2206F07FFB7F49774806F0B5FB002493
:109CC00025463DE00398F8F7DDFB814B0022F8F7CD
:109CD00043FC0446BDF808000D46F8F7C3FB7D4B76
:109CE0000022F8F763FD0B46024629462046F8F7A6
:109CF0007DFA794ACDE90001322112A808F012FD5F
:109D000005460498F8F7BEFB714B0022F8F724FCD7
:109D10008046BDF80A008946F8F7A4FB6D4B002287
:109D2000F8F744FD02460B4640464946F8F75EFA0E
:109D3000694ACDE9000132211FA808F0F3FC04466E
:109D40001FAB1B221521544806F034FB1D22009244
:109D5000402351480E2106F041FC54494E4806F07C
:109D600063FB5E4B4C4827220E2106F023FB514932
:109D7000494806F059FB12AB47482C22152106F042
:109D800019FB3B78022B1AD14749434806F04CFB9C
:109D900004EB440149000F2415313F48009401238E
:109DA000142289B206F087F805EB45014900153108
:109DB000394800940123242289B206F07CF80E244D
:109DC0002246402321463448009406F007FC3749D8
:109DD000314806F029FB1D22009221462E484023DF
:109DE00006F0FCFB3E4BD3ED007AC7EE887A17EE07
:109DF000900AF8F759FB384ACDE90001322105A84D
:109E000008F090FC2448012106F0BBFB05AB0722BB
:109E10001021214806F0CEFA32491F4806F004FB13
:109E2000314B1D480B22222106F0C4FA2F491A4853
:109E300006F0FAFA2E4B18480D22172106F0BAFA4E
:109E40003222002105A808F0E3FCD6ED007A294A69
:109E5000FDEEE77A322117EE903A05A808F062FC91
:109E600012490D4806F0E0FA05AB0D2227210A48F9
:109E700006F0A0FA1D49084806F0D6FA1E4B06481F
:109E80000622312106F096FA034805F0BAFF2DB0FC
:109E9000BDEC028BBDE8F083700A00207602002042
:109EA0000C1300200000C8426BB90108C29F0108D2
:109EB000C94C0108B2810108D8120020544C010895
:109EC0006812002077890108594C0108164D0108D5
:109ED0000080764000005940204D0108344D0108B3
:109EE0001413002010660108674C0108C0B3010874
:109EF000694C0108FE4C0108604C01083068F8F715
:109F0000D3FA114ACDE90001322112A808F00AFC67
:109F10000E4BD3ED007AF8EEE77AC7EE887A17EEAB
:109F2000900AF8F7C1FA084ACDE9000132211FA8CA
:109F300008F0F8FBC3E6064B064A1B68322112A85C
:109F400008F0F0FBBBE600BF5C4C010804120020E7
:109F500070110020634C010830B5ABB032220021F3
:109F600003A808F055FC3222002110A808F050FC8C
:109F7000322200211DA808F04BFC7448002106F095
:109F800000FB30230022714800930C21362305F09A
:109F9000E7FE6F496D4806F047FA6C48012106F06C
:109FA000F0FA6C49694806F03FFA6B4B6748172294
:109FB0000E2106F0FFF96949644806F035FA684B4E
:109FC0001B78013B072B42D8DFE803F00477879921
:109FD000AD410477634B1B78032B22D8DFE803F0F5
:109FE0000267696B604C2068F8F75EFA5F4ACDE95A
:109FF0000001322103A808F095FB6068F8F754FAD5
:10A000005A4ACDE90001322110A808F08BFBA06864
:10A01000F8F74AFA554ACDE9000132211DA808F0A7
:10A0200081FB5349494806F0FFF903AB0B2213218A
:10A03000464806F0BFF910AB44481B22132106F036
:10A04000B9F91DAB2C221321404806F0B3F91D25A8
:10A050002A4640233D4800950E2106F0BFFA3D49AF
:10A060003A4806F0E1F90E24424B384827220E21E7
:10A0700006F0A0F92246402321463448009406F019
:10A08000ADFA3449314806F0CFF921463A4B2F4812
:10A09000082206F08FF940232A4621462B480095D6
:10A0A00006F09CFA294805F0ACFE2BB030BD334CCD
:10A0B00099E7334C97E7334C95E7334B1B78032BE9
:10A0C000AFD8DFE803F002040608304C8BE7304CD1
:10A0D00089E7304C87E7304C85E725491B4806F077
:10A0E000A3F92E4B19480B22132106F063F92C4BD0
:10A0F00016481B22132106F05DF92A4BA2E71C49E2
:10A10000124806F091F9284B10480B221D2106F049
:10A1100051F9264B0D481B221D2106F04BF9244B0B
:10A120002C221D2190E71249084806F07DF9214BA9
:10A1300006480B221D2106F03DF91E4B03481B2249
:10A140001D2106F037F91B4BEAE700BF700A00201B
:10A150006BB90108C29F01086B4C01080F990108F7
:10A1600076020020C11200204C0300206D4C010833
:10A1700039A701086F4A0108A84C010834030020E0
:10A180001C03002004030020C0120020EC02002069
:10A19000D4020020BC020020A4020020724C01085E
:10A1A0007C4C0108864C0108904C0108974C010832
:10A1B0009E4C0108A54C010800B591B03222002147
:10A1C00003A808F025FBA148002106F0DAF93023A6
:10A1D00000229E4800930C21362305F0C1FD9B48C8
:10A1E000012106F0CEF99A49984806F01DF9994BDD
:10A1F0001B78012B61D19649944806F015F9964BCE
:10A200001B78013B072B0BD8DFE803F0044F5153B9
:10A21000550A044F914B8D4809220E2106F0CAF8C9
:10A220000C228A48009240230E2106F0D7F98C4B6D
:10A2300086481522122106F0BDF88A49834806F0A7
:10A24000F3F8894B81481522222106F0B3F8182231
:10A25000009240237D480E2106F0C0F97C497B48DE
:10A2600006F0E2F8814B794821220E2106F0A2F88F
:10A270007F4B804A1B78322103A808F053FA7949B2
:10A28000724806F0D1F803AB212222216F4806F074
:10A2900091F824226D48009240230E2106F09EF989
:10A2A0006A4805F0AEFD11B000BD734BB3E7734BC8
:10A2B000B1E7734BAFE7734BADE7022B7BD164493A
:10A2C000624806F0B1F8644B1B78013B072B0BD8B2
:10A2D000DFE803F004696B6D6F0A04695F4B5B484C
:10A2E00009220E2106F066F80C22584800924023FD
:10A2F0000E2106F073F95A4B54481522122106F02C
:10A3000059F85849514806F08FF85F4B1522222121
:10A310004E4806F04FF81822009240234B480E2179
:10A3200006F05CF94A49494806F07EF8574B474821
:10A330002122162106F03EF8554B4E4A1B78322159
:10A3400003A808F0EFF94749404806F06DF803AB61
:10A35000212222213D4806F02DF82422009240239C
:10A360003A480E2106F03AF93949384806F05CF8C7
:10A37000484B36482D22122106F01CF83949334843
:10A3800006F052F8444B1A78444B322153F82230ED
:10A39000434A03A808F0C6F903AB2D2222212B481B
:10A3A00006F008F87CE7344B99E7344B97E7344BD9
:10A3B00095E7344B93E7032B7FF472AF244923488E
:10A3C00006F032F8244B1B78013B072B0BD8DFE853
:10A3D00003F004393B6D6F0A0439204B1B480922F6
:10A3E0000E2105F0E7FF0C221848009240230E21B1
:10A3F00006F0F4F81A4B154815220E2105F0DAFF85
:10A400001849124806F010F81F4B104815221D215C
:10A4100005F0D0FF0E490D4806F006F8214B0B4819
:10A4200015222C2105F0C6FF1F4B084815222F21AD
:10A4300005F0C0FF0B49054805F0F6FF0A4B152251
:10A44000312165E70C4BC9E70C4BC7E7700A0020C8
:10A45000C0B301089C01002076020020AA4C01082C
:10A46000E24C010839A70108D44A0108E74C010869
:10A470002C000020EC4A0108B54C0108BE4C010834
:10A48000CB4C0108D84C0108C54A0108ED4C010825
:10A49000BA110020F14C0108AD1100206802002023
:10A4A000F64C0108FA4C0108B24B0108014B95E744
:10A4B000014B93E7CB4C0108D84C010800B591B093
:10A4C0003222002103A808F0A3F91E48002106F05B
:10A4D00058F83023002200931A4836230C2105F047
:10A4E0003FFC1848012106F04CF81749154805F0C3
:10A4F0009BFF792314221121124805F0FAFE13491B
:10A50000104805F091FF124B124A1B78322103A824
:10A5100008F008F903AB112226210A4805F04AFF8A
:10A520000D4B08482122132105F044FF0B4B054831
:10A530002B22132105F03EFF024805F062FC11B00A
:10A5400000BD00BF700A00201F5001088B6F01087A
:10A55000FE110020FC4C0108014D0108064D0108C8
:10A5600000B591B03222002103A808F051F91E482D
:10A57000002106F006F83023002200931A48362303
:10A580000C2105F0EDFB1848012105F0FAFF1749F1
:10A59000154805F049FF792314221121124805F0CE
:10A5A000A8FE1349104805F03FFF124B124A1B78D2
:10A5B000322103A808F0B6F803AB112226210A487D
:10A5C00005F0F8FE0D4B08482122132105F0F2FE9C
:10A5D0000B4B05482B22132105F0ECFE024805F039
:10A5E00010FC11B000BD00BF700A00201F50010810
:10A5F0008B6F0108FE110020FC4C01080E4D010874
:10A60000144D010800B591B03222002103A808F0D2
:10A61000FFF81E48002105F0B4FF3023002200930C
:10A620001A4836230C2105F09BFB1848012105F040
:10A63000A8FF1749154805F0F7FE792314221121C8
:10A64000124805F056FE1349104805F0EDFE124B76
:10A65000124A1B78322103A808F064F803AB1122D8
:10A6600026210A4805F0A6FE0D4B08482122132199
:10A6700005F0A0FE0B4B05482B22132105F09AFE96
:10A68000024805F0BEFB11B000BD00BF700A0020FB
:10A690001F5001088B6F0108FE110020FC4C0108BF
:10A6A000014D0108184D010873B54D4E3478012C49
:10A6B0003FD14C4B4C4A1A604C4D2B78002B00F08C
:10A6C00087804B4B1B78002B4CD0012C49484FF016
:10A6D00000014FF0080632D105F053FF0B2328226A
:10A6E00044480096002105F03BFB4248214605F016
:10A6F00048FF41493F4805F097FE404B3D482F2217
:10A70000002105F057FE3E4CF9F712FA23689842F3
:10A710000DD9374A1378B3FA83F35B0913702B789A
:10A720000BB1013B2B70F9F703FAFA30206002B04D
:10A7300070BD022CC0D12B4B42F23252BBE705F068
:10A7400020FF0B2328222B480096002105F008FB50
:10A750002848012105F015FF2749264805F064FE29
:10A76000284BCBE7012C23484FF001011CD105F009
:10A7700008FF082328221F48009300210B2305F01F
:10A78000EFFA1C48002105F0FCFE1B49194805F0B2
:10A790004BFE1A4B17482F22002105F00BFE1548DF
:10A7A000012105F0EEFEAEE705F0EBFE08232822BE
:10A7B0001048009300210B2305F0D2FA0D48002128
:10A7C00005F0DFFE0C490B4805F02EFE0D4BE1E7CE
:10A7D0000949084805F028FE3378012BC3E700BF7C
:10A7E0009C0100202C0B00202C081B00340B0020A7
:10A7F0001C0B0020700A00206BB90108D44A010824
:10A80000180B0020C54A010838B5364B364D1B7869
:10A81000022B0AD12878002862D1344C4FF4481119
:10A82000216002F09BFB216850E0314B1B78013B1B
:10A83000072B09D8DFE803F004292C2F2908042965
:10A840002A4B4FF448521A602A4B1B68002B44D005
:10A85000294B2A4C1B682BB3F9F76AF923689842F5
:10A860000AD9274A1378B3FA83F35B091370F9F70F
:10A870005FF900F5FA7020602878002830D1204B6D
:10A880001C78F4B1194C2168CBE7184B3222DAE777
:10A89000164B1C4AD7E7184B01221A60134B4FF096
:10A8A0001012D0E7F9F744F923689842E4D9144A22
:10A8B0001378B3FA83F35B091370F9F739F996301B
:10A8C000D9E72146204602F049FB2146012002F04B
:10A8D00045FBBDE8384002F085BB28780028D1D080
:10A8E00038BD00BFC1110020AC110020300B00208A
:10A8F00076020020240B0020280B0020140B0020DF
:10A90000120B00200032320007B54F48002105F03D
:10A9100038FE1C234C4800930A220923002105F02D
:10A920001FFA4948012105F02CFE484B1B78032BE8
:10A9300079D8022B43D0032B58D0012B22D1444984
:10A94000414805F071FD5323182201213E4805F0CE
:10A95000D0FC40493C4805F067FD3F4B3A48102287
:10A96000022105F027FD3C4B37481D22022105F04E
:10A9700021FD394B23223448022103B05DF804EB5A
:10A9800005F018BD3249304805F04EFD5323122220
:10A9900001212D4805F0ADFC2E492B4805F044FD62
:10A9A0002D4B29481722022105F004FD2A4B1C22B9
:10A9B0002548022105F0FEFC274B2222DBE7244933
:10A9C000214805F031FD53231E2201211E4805F0C8
:10A9D00090FC20491C4805F027FD1F4B1A48102207
:10A9E000022105F0E7FC1C4B1622E1E71849164846
:10A9F00005F01AFD532324220121134805F079FCA8
:10AA00001449114805F010FD134B0F481022022184
:10AA100005F0D0FC104B0C481622022105F0CAFCB0
:10AA20000D4B1C22A7E70D4B1B78032B0AD801A264
:10AA300052F823F0BFA9000885A900083FA9000823
:10AA4000EDA9000803B000BD700A0020590A0020DB
:10AA500029BC010885AD0108524C0108580A0020A4
:10AA600013B54C494C4805F0DFFC4C4B1B78012BCF
:10AA700010D14B4B1C78631E5C425C41494B1B78E8
:10AA8000013B072B00F28380DFE803F0062D4965C8
:10AA90002D81062D0024F1E73F4884F0010105F0E7
:10AAA00070FD0823C4B9404A3B48CDE90032214635
:10AAB000012205F04EF93848214605F062FD3B4B76
:10AAC00035480822022105F075FC3348012102B007
:10AAD000BDE8104005F055BD2F480093012200212C
:10AAE00005F03EF9E7E72C4884F0010105F049FD47
:10AAF00008236CB92C4A2848CDE9003221460122AE
:10AB000005F027F92448214605F03BFD284BD7E7FF
:10AB1000214800930122002105F022F9F2E71E48A6
:10AB200084F0010105F02DFD08236CB91E4A1A4876
:10AB3000CDE900322146012205F00BF916482146E5
:10AB400005F01FFD1B4BBBE71348009301220021BA
:10AB500005F006F9F2E7104884F0010105F011FD57
:10AB600008236CB9104A0C48CDE900322146012275
:10AB700005F0EFF80848214605F003FD0E4B9FE76E
:10AB8000054800930122002105F0EAF8F2E702B03F
:10AB900010BD00BFC29F0108700A0020C111002033
:10ABA000C01100207602002017500108BC4C01089B
:10ABB000A84C0108D64A0108A94A010808B54FF473
:10ABC0004851002002F0CAF94FF44851012002F028
:10ABD000C5F902F007FA1D4805F009F91C491B48A0
:10ABE00005F022FC1B4B19480C22002105F0E2FB6A
:10ABF000194B1B78022B24D0032B24D0012B05D119
:10AC0000164B12481822002105F0D4FB144B0F48B4
:10AC10002422002105F0CEFB124B0C4830220021EB
:10AC200005F0C8FB094805F0ECF80F4B01221A703B
:10AC30004FF480514FF09040F9F7AEFE0028F7D066
:10AC400008BD0A4BDDE70A4BDBE700BF700A0020B6
:10AC500077890108C84901089C010020CF490108F3
:10AC6000F1490108FC490108360B0020DA490108C6
:10AC7000E5490108F8B50120144D154C154F164E45
:10AC800001F00CFC03F0C8FC04232B7022683B6825
:10AC90009A4205D04FF00102B4BF3274727423603F
:10ACA000FDF774F80D4B1A780D4B0C2101FB0233A4
:10ACB0000C4A9B68136098470B4B18780028E5D125
:10ACC00001F0ECFB094B5B782B70F8BD760200209D
:10ACD000200B0020701100205C0A0020370B0020A0
:10ACE00030000020380B0020360B00204D050020DE
:10ACF000F0B591B03222169D04460E4603A80021FD
:10AD000007F086FD2C48012105F03BFC85EAE5773C
:10AD10002A49294805F088FBA7EBE577284A2B4606
:10AD2000322103A807F0FEFCB7F57A7F26DB083C4A
:10AD300006F10902E1B203AB92B21F4805F03AFBFB
:10AD400025230093DDE917120D232846FEF7C0FEE8
:10AD5000192804461CDD1925A9B2A1F119035B00CD
:10AD6000C1F13A029BB200931348012392B201351C
:10AD700004F0F6FFAC42EFD111B0F0BD632F01DD5E
:10AD8000053CD5E7092FCCBF043C04F1FF34CFE7E5
:10AD9000F2D01925A9B2C1EBC1335B00323301F106
:10ADA00008029BB200930448012392B2013D04F0D3
:10ADB000D7FFAC42EEDBDFE7700A002085AD01086B
:10ADC000FE4C010870B590B03222044601F109062C
:10ADD00003A80021149D07F01BFD4548012105F043
:10ADE000D0FB4449424805F01FFB42F20F739D42DD
:10ADF0002BDD093C404A2B463221E4B203A807F080
:10AE000091FC03ABB2B22146394805F0D3FA3F2397
:10AE10000093DDE9151227232846FEF759FE332853
:10AE2000044651DD3325A9B2A1F133035B00C1F122
:10AE300054029BB200932E48012392B2013504F0D4
:10AE40008FFFAC42EFD110B070BDB5F57A7F01DB5A
:10AE5000083CCFE7632D01DD053CCBE7092D01DD83
:10AE6000043CC7E7002D01DB013CC3E7234B9D42B7
:10AE700019DA0C3C204A6B42322103A807F052FC3D
:10AE8000E4B21F491A4805F0CFFA1E4B1848B2B277
:10AE9000A11C05F08FFA1749154805F0C5FA03AB58
:10AEA000B2B2611DB0E715F57A7F01DC093CE1E73C
:10AEB00015F1630F01DA083CDCE715F1090F01DA3F
:10AEC000053CD7E7043CD5E7BDD03325A9B2C1EB9B
:10AED000C1335B006633A1F112029BB200930448B8
:10AEE000012392B2013D04F03BFFAC42EEDBAAE746
:10AEF000700A002085AD0108FE4C0108F1D8FFFF63
:10AF00006BB90108FA4C010870B52DED028BA0B0A9
:10AF100006AE32220021304607F07AFC32220021B0
:10AF200013A807F075FC0DF1120105A803F07EFED1
:10AF300014248948894DDFED8A8A002105F021FB20
:10AF400085480094362300220C2104F009FF1F23BA
:10AF50002246814800930C21362304F001FF7E48ED
:10AF6000012105F00EFB7C48362322460E2105F018
:10AF7000E2FA1C2317227848262105F0E3FA7949E2
:10AF8000754805F051FA784B73481D22182105F0D9
:10AF900011FA764B70481D22332105F00BFA4FF45D
:10AFA00096630293A3F516630193714BD3ED007A78
:10AFB000FDEEE77A0C22CDED007A2B6827211920CF
:10AFC000FFF796FE6749644805F02EFA694B624820
:10AFD00007220E2105F0EEF9BDF8123007EE903A87
:10AFE000F8EE677A87EEA88A18EE100AF7F75CFA8F
:10AFF000F2EE047AB4EEE78AF1EE10FA75D5CDE9F7
:10B0000000015D4A3221304607F08CFB059B5B4A0C
:10B010000446322113A807F085FB59494E4805F034
:10B0200003FA584B4C4812222A2105F0C3F956491D
:10B03000494805F0F9F9631E334412222C21464891
:10B0400005F0B8F904F180030DEB0304002304F8C4
:10B050006A3C122233461B213F4805F0ABF90F230F
:10B06000009333213C4801230D2204F024FF05996D
:10B07000002945DB09295EDD63295EDDB1F57A7FB4
:10B080005DDB42F20F7399425BDD404B99425ADD22
:10B090003F4B994259DD3F4B994258DB3E4B994219
:10B0A00057DD3E4B9942D4BF10210B2113AB082230
:10B0B000294805F07FF94FF496630293A3F51663D0
:10B0C0000193374BD3ED007AFDEEE77A0C22CDEDFC
:10B0D000007A2B6827213420FFF774FE1E4804F005
:10B0E00090FE20B0BDEC028B70BDB4EEE88AF1EEAC
:10B0F00010FACDE9000101D52A4A83E72A4A81E7FF
:10B1000011F1090F19DA11F1630F18DA11F57A7FCD
:10B1100017DC264B994216DA254B994215DA254B56
:10B12000994214DA244B994213DA244B9942ACBF6A
:10B1300010210B21BAE72421B8E72121B6E71F210E
:10B14000B4E71C21B2E71A21B0E71721AEE71521B9
:10B15000ACE71221AAE700BF700A00209801002086
:10B160000000C842C29F0108BC4C0108D64A010831
:10B17000D8120020A84C01081E4D0108254D0108D9
:10B1800085AD0108524C0108479101089F860100D6
:10B190003F420F0080969800FFE0F505FFC99A3BFB
:10B1A0000C1300201F4D0108204D0108F1D8FFFFAE
:10B1B0006179FEFFC1BDF0FF816967FF011F0AFAD7
:10B1C000314B324AD3ED007A314B197839B9BCEEA4
:10B1D000E77A116017EE100A012150821970538A24
:10B1E00007EE103AF8EEC76AF4EEE76AF1EE10FAED
:10B1F0001ADD43F260018B423CD99FED267AF4EED2
:10B20000C77AF1EE10FA35D51168C3F57F533F3395
:10B210000B4407EE103AB8EEC77A37EE277ABDEE48
:10B22000C77A82ED007A1AE01FD5B3F57A6F21D282
:10B230009FED197AF4EEC77AF1EE10FA1ADD92ED6D
:10B24000007ADFED166AB8EEC77A76EEE76A37EE77
:10B25000667ABDEEC77A17EE101ACB1A1360FCEEB1
:10B26000E77A17EE903A53827047F4EE676AF1EE90
:10B2700010FAF9D092ED007A77EEE66AB8EEC77A66
:10B2800037EE267ACBE700BF401000203C0B0020B1
:10B29000500B002000007A450080414600FC7F46AC
:10B2A00082B000230193036898688007FCD5D960B9
:10B2B0009968C807FCD59968C90751BF019BDB682D
:10B2C000138000205EBF01330120019302B070475C
:10B2D000074B00221A805A804FF0904310229A6147
:10B2E000044B1A68136843F040031360704700BFB3
:10B2F000600B00204C060020F8B50F4B0F4E104895
:10B300004FF09044102548F221014FF6FF77198045
:10B310005F803246A562A562FFF7C2FFB21C0848F3
:10B320003946FFF7BDFF7388064AA561A561138002
:10B33000C3F34D035380F8BD5C0B0020580B002075
:10B340004C060020600B002008B5FFF7D5FF044B2A
:10B35000044A5B88138007EE903AB8EE670A08BD8E
:10B36000600B0020520B0020064B19884AF655222C
:10B37000914204D15888003818BF0120704700203E
:10B38000704700BF00D80108044B19884AF65522BF
:10B3900091420CBF58880020704700BF00D80108B8
:10B3A00038B504460D46FFF7DFFF40B1FFF7ECFF6D
:10B3B000A84228BF2846002380B2984200DC38BD4E
:10B3C00003F1006202F5E83292F80828E2540133F2
:10B3D000F3E700002DE9F04186B007460E46102243
:10B3E000002102A807F014FA1FB9002006B0BDE83A
:10B3F000F081002EF9D07307F7D106F10803B3F5F9
:10B40000006FF2D8F9F73EF80028EED12A4B9A697E
:10B4100042F040429A614CF2FA321A6101230290E2
:10B4200005930190039301A93B2302A80493F9F724
:10B4300003F910B1F9F738F8D7E74AF655221F4952
:10B4400042EA06420346F9F763F80028F2D1DFF832
:10B4500070803C460546A27863786179E0781204F2
:10B4600042EA032223781A43237943EA0123A1798C
:10B4700043EA0143E17942EA006243EA01630020C2
:10B4800008EBC501F9F744F80028D3D10135B5EB35
:10B49000D60F04F10804DEDB00F1006303F5E833A6
:10B4A00093F808283B5C9A42C4D10130B042F3DBE8
:10B4B000F8F7FAFF012099E70020024000D80108C0
:10B4C00008D80108014B4000187070477C0B002021
:10B4D000034900231A460B80024B1A70704700BFC5
:10B4E0007E0B00207D0B002010B5064A064C002381
:10B4F00023601360F8F71CFB044B186001232360E2
:10B5000010BD00BF6C0B0020700B0020680B0020EA
:10B51000054A08B500231360044A1360F8F708FBD6
:10B52000034B186008BD00BF700B00206C0B00209F
:10B53000680B00200A4B1A6842F001021A601A6870
:10B5400042F008021A601A6842F010021A601A6883
:10B5500042F080021A601A6842F020021A607047B6
:10B5600000540040084B1A6822F008021A601A685A
:10B5700022F010021A601A6822F080021A601A681B
:10B5800022F020021A60704700540040B1F5167F87
:10B5900010B50C4601D811B910BD4FF4167400282F
:10B5A000FAD022460146044807F0C9F9034B0022AD
:10B5B0001A80034B1C80EFE7800B00207A0B0020E1
:10B5C000780B0020094B0A495A6A0B889BB2B3F5E5
:10B5D000167F06D20B889BB2581C08800549CA54B6
:10B5E0007047054B01221A70704700BF005400409D
:10B5F0007E0B0020D80D00207D0B00200A4B0B494C
:10B600001A8892B28A5C0A49D2B28A621A880132D6
:10B610001A80084A1988128889B292B2914224BFCE
:10B6200000221A80704700BF7A0B0020800B002098
:10B6300000540040780B002010B50D4C2046F9F75F
:10B6400085FC636823F000736360236823F00103C3
:10B650002360236823F008032360FFF739FFFFF717
:10B6600057FFFBF769FBBDE81040FFF763BF00BF62
:10B670000054004038B54E4D4E4C2B6801332B60C2
:10B680004D4B04221A702A6840F6B8339A4219D9F1
:10B690002046F9F75BFC636823F00073636023685E
:10B6A00023F001032360236823F008032360FFF7DE
:10B6B0000FFFFFF72DFFFBF73FFBFFF73BFF0023DB
:10B6C0002B6038BDA36913F0080FA36928D03B4A4B
:10B6D0001B0C127803F0FE039A423BD138490B88C9
:10B6E0009BB26BB1FFF73EFF364B1B7823B909883D
:10B6F000354889B200F0A6F8FFF7EAFEFFF71AFF17
:10B700002C4B9A69D40318D4DA6942F00802DA6142
:10B710001A6842F004021A60BDE83840FFF7E4BE40
:10B72000DD061CD4A36998071DD4A36959071ED44C
:10B73000A3699A061FD4A369C3E79A6912F4803FEC
:10B74000DA6942F00802DA61BBD01A6842F00202FC
:10B750001A60B6E7E36943F00803E361B1E7E36920
:10B7600043F01003F9E7BDE83840FFF747BFBDE8F5
:10B770003840FFF727BFE36943F02003E361A36983
:10B78000DB075CBF0123A361FFF7ECFE0D4B1B78C9
:10B790002BB90B4B0C48198889B200F053F8FFF70E
:10B7A00097FEFFF7B5FEBDE83840FFF7C3BE00BF08
:10B7B000740B002000540040340B00207C0B002050
:10B7C0007E0B00207D0B0020D80D002010B500233B
:10B7D000D45C0CB1CC5CC4540133042BF8D110BD43
:10B7E000F8B50E469DF81C40114601349DF818200E
:10B7F0000D78E4B2AD1AA41AADB2A4B2A54210D22B
:10B800005F1EBFB2641BA7420BDC3A4601312844DD
:10B8100007F095F83A460121701906F0F9FF01206A
:10B82000F8BD0020FCE70000044B03F5B26007C838
:10B83000034B186059609A60704700BF0070FF1F8B
:10B8400030100020F0B52DED028B102491B00F4682
:10B8500022460021064608AD0DEB040006F0D8FF95
:10B8600022460021284606F0D3FF224600210CA8DC
:10B8700006F0CEFF012F40F2ED833278832A00F2EA
:10B88000C880150600F16D823F2A59D83B2A00F284
:10B890004983232A0DD81F2A00F22E830F2A40F253
:10B8A0008781103A022A40F2A28211B0BDEC028BCD
:10B8B000F0BD303A032AF8D830233321CDE90031E6
:10B8C00032463B460CA904A8FFF78AFF0028ECD0BB
:10B8D0009DF8303033B1A44A9DF810001168A34A96
:10B8E00002F821009DF8310038B19F4A9DF81110EF
:10B8F00014689E4A02EB840251709DF832203AB1DE
:10B9000099499DF812400D68984901EB85018C70AA
:10B910009DF8331029B19DF81340954904B10124D5
:10B920000C7003431A43C0D08F4A9049136851F8F2
:10B9300023009049082B0860B7D801331360B4E79F
:10B94000532A1DD84F2A00F2BD82403A032AACD8B0
:10B9500040234320CDE9003032463B460CA904A8E1
:10B96000FFF73EFF0028A0D083480CAA04A9FFF7E8
:10B970002DFF0268814B9A4240F3E3810360E4E1CA
:10B98000703A0B2A91D870237B24CDE900343246DB
:10B990003B460CA904A8FFF723FF002885D0784C6C
:10B9A0009FED787A0CAA04A92046FFF70FFF0DAA95
:10B9B00005A9201DFFF70AFF0EAA06A904F1080039
:10B9C000FFF704FFD4ED007A6F4BF8EE677A87EE4D
:10B9D000870AD4ED027A83ED000AF8EE677A87EEE3
:10B9E000871AD4ED017A9FED697A83ED021AF8EE99
:10B9F000677AC7EE870AC3ED010A654B1B78002BF7
:10BA00007FF453AF634801F047FA624A0023936220
:10BA10004BE7F12A00F0888100F28C80B32A00F213
:10BA20008180AF2A00F2BC818D2A30D8872A7FF628
:10BA30003CAF0DF10A0103A803F0E2F8039B049365
:10BA4000BDF80A30ADF814308D228823CDE90032DC
:10BA50000CA93B46324604A8FFF7C2FE00283FF47B
:10BA600024AFBDF814300498039048F69F429342E7
:10BA7000ADF80A303FF619AF07EE903A9FED460A4F
:10BA8000F8EE677A87EE800A03F03AF80DE7603245
:10BA9000D2B20B2A3FF609AFA023AB20CDE900308C
:10BAA00032463B460CA904A8FFF79AFE00283FF453
:10BAB000FCAE3A4C9FED337A0CAA04A92046FFF75E
:10BAC00085FE0DAA05A9201DFFF780FE0EAA06A976
:10BAD00004F10800FFF77AFED4ED007A304BF8EE5F
:10BAE000677A87EE870AD4ED027A83ED000AF8EED2
:10BAF000677A87EE871AD4ED017A9FED247A83ED79
:10BB0000021AF8EE677AC7EE870AC3ED010A254BE1
:10BB10001B78002B7FF4C9AE234801F0BDF9224AFF
:10BB2000002374E7F02A7FF4C0AE7378012B7FF412
:10BB3000BCAE16E0FD2A00F01982FF2A00F0058253
:10BB4000F22A7FF4B2AE7378002B3FF4AEAE00F071
:10BB50009FFC07EE900A154BB8EE670A188000F0BC
:10BB60008BFCFAF783FDA0E68011002084110020F1
:10BB7000AC1100207C1100200C12002000752B7DE0
:10BB8000580300200050C3474C0300208096184BF8
:10BB9000C1120020681200200000C842F8020020F4
:10BBA000EC020020C012002010120020B81100206A
:10BBB00000230F24CDE9003432463B460CA904A8EB
:10BBC000FFF70EFE00283FF470AE9DF83030DBB179
:10BBD00070789C4B1870002838D09B4B9B4A1B7880
:10BBE00012781343DBB27BB9994B1B78052B0BD82A
:10BBF000042B984C03D123780BB102F00DFD0023E8
:10BC00002370012000F04AFC9DF8313043B39DF8C9
:10BC100011305A1E042A23D88C4A127802BB8E4C4B
:10BC20008B4D22782B709A421AD0032B12D89FED9D
:10BC30008B8AB0EE480A00F0E9FF03F097F8884BD2
:10BC400083ED0A8A874B83ED0A8A07E0814B012244
:10BC50001A70D7E7042B46D102F0DEFC2B78237054
:10BC60009DF83E302BB19DF81E207F4B02B1012282
:10BC70001A709DF83A302BB19DF81A207B4B02B117
:10BC800001221A709DF83F302BB19DF81F20784B90
:10BC900002B101221A709DF83B30002B3FF405AE33
:10BCA0009DF81B30002B3FF400AE724A0023136056
:10BCB000714A1360664A117807292FD16F490B70BA
:10BCC000012313706E4A137823F0020313706D4A38
:10BCD000002313706C4A13706C4A13706C4A137013
:10BCE0005A4A1370E1E59FED5D8AB0EE480A00F014
:10BCF0008DFF684B5A4893ED021AD3ED010A93ED7C
:10BD0000000A01F0C9F8644B564893ED021AD3EDCE
:10BD1000010A93ED000A01F0BFF890E70829D1D19C
:10BD200056490B700223CCE77378002B3FF4BDAD6E
:10BD3000454B1B78002B7FF4B8AD022000F0AEFB22
:10BD4000B3E5564B9A42FFF619AED0ED007ADFED1F
:10BD5000546A434BF8EEE77A87EEA67A83ED0E7AC3
:10BD6000A3E580238321CDE9003132463B460CA96F
:10BD700004A8FFF735FD00283FF497AD49480CAA09
:10BD800004A9FFF723FD0268474B9A4201DD0360D7
:10BD900002E0424B9A42FADB006802F01DFF84E5A4
:10BDA000B0234FF0B30ECDE9003E32463B460CA91E
:10BDB00004A8FFF715FD00283FF477AD3B480CAA17
:10BDC00004A9FFF703FD0268394B9A4201DD0360C5
:10BDD00002E0384B9A42FADB90ED000ADFED307A50
:10BDE000B8EEC00A80EE270A00F010FF5DE51223CE
:10BDF000CDE9004332463B460CA904A8FFF7F0FC0E
:10BE000000283FF452AD9DF830301BB12A4B9DF80D
:10BE100010201A709DF831302BB19DF81130022B93
:10BE20009CBF264A13709DF83230002B3FF43DAD85
:10BE30009DF81230642B3FF638AD214A137001F0A3
:10BE4000D1F832E5B6110020F4110020F2110020E3
:10BE5000760200204C050020750200200000000042
:10BE60006812002010120020B5110020B41100202B
:10BE700074020020DC110020C4110020C111002038
:10BE8000FE110020ED110020EC110020D511002042
:10BE9000D4110020980200208C020020008BD48254
:10BEA0000000C8420812002000752B7D04120020FB
:10BEB000C0D40100402BFEFFBA110020AD110020BC
:10BEC0006402002050234FF0530CCDE9003C324671
:10BED0003B460CA904A8FFF783FC00283FF4E5AC1F
:10BEE000AB4C04A920460CAAFFF770FC2168A948B6
:10BEF00002F018FF2060D8E420232325CDE9003587
:10BF000032463B460CA904A8FFF76AFC00283FF420
:10BF1000CCACA14C04A920460CAAFFF757FC216821
:10BF20009E48E5E73C233F22CDE900320CA93B4681
:10BF3000324604A8FFF754FC00283FF4B6AC9848FA
:10BF40000CAA04A9FFF742FCAFE47378A3F108023E
:10BF50006F2A3FF6AAAC934A117899423FF4A5ACF8
:10BF60001370FAF783FBFAF7E7FE9EE47378012B70
:10BF70007FF49BAC8C4C2046F8F7E8FF63688B4855
:10BF800023F000736360236823F0010323602368B8
:10BF900023F008032360F9F799FA8548F9F796FA30
:10BFA0008248FBF787FA8248FBF796FA8148F9F74F
:10BFB0003AF98048FBF706F97F48F7F7C7FB7E4858
:10BFC000FAF79CFD7D48FAF773F84FF0402202F52E
:10BFD000006353E8003F23F0100302F5006040E8DF
:10BFE00000310029F3D1764BDA6922F00202DA61DE
:10BFF000DA6922F00802DA61DA6922F00102DA6114
:10C000004FF0402202F6080353E8003F23F04003BC
:10C0100002F6080040E800310029F3D10B20F8F7C0
:10C020006FFF0C20F8F76CFF0D20F8F769FF0E206A
:10C03000F8F766FF6048F7F741FCBFF34F8F61499F
:10C04000614BCA6802F4E0621343CB60BFF34F8FC9
:10C0500000BFFDE77FF429AC39462846FFF796FA82
:10C060003478932C00F2C8808F2C00F26F81532C0F
:10C070004ED84F2C00F25281232C1BD81F2C00F2DB
:10C0800055810F2C40F21D81A4F11003022B3FF6C5
:10C090000CAC4E4B1B788DF820304D4B1B788DF837
:10C0A00021304C4B1B788DF82230C4F11301A4F1E0
:10C0B00010002EE13F2C1FD82F2C7FF6F6AB464BFD
:10C0C000D3ED007A454B1B68ADF820301B0C8DF882
:10C0D0002230434B1B788DF82330424B1B680A9368
:10C0E0002F4BFDEEE77A1B68CDED097A0B93C4F177
:10C0F0004001A4F130000CE1A4F14000C3B2032BD5
:10C100003FF6D3AB384B1B680893C4F1440100E100
:10C11000832C27D8230600F11181632C12D85F2CC1
:10C120007FF6C3AB314B9FED327AD3ED007A67EEE9
:10C13000877AC4F16401FDEEE77AA4F16000CDEDE9
:10C14000087AE6E0A4F170030B2B3FF6AEAB294B67
:10C150001B78032B00F20F81DFE813F008011201B6
:10C16000140116017834E4B2052C3FF69EAB0DF1B4
:10C170000A0103A802F044FD039B0893BDF80A30AE
:10C18000ADF824303078C0F18E018838C1E000BFAE
:10C190008802002068120020840200201012002073
:10C1A000701100202C000020005400405C0700208B
:10C1B000100700204C060020E00500200048004049
:10C1C0000000024000ED00E00400FA05BA11002072
:10C1D000AD11002064020020141300207C11002007
:10C1E000AC110020F40900200C120020D81200200D
:10C1F0000000C842C1120020EB2C40D8DF2C4ED8E2
:10C20000B32C26D8AF2C00F2A9809D2C12D8972CE5
:10C210007FF64BAB0DF10A0103A802F007FD039B6B
:10C220000893BDF80A30ADF824303078C0F19E0193
:10C2300098386EE004F16003DBB20B2B3FF635ABB0
:10C240005D4B1B78032B00F2A680DFE803F09FA96B
:10C25000ABAD04F14003DBB2032B3FF626AB574BEB
:10C260009FED577AD3ED007A67EE877AC4F1C40167
:10C27000FDEEE77AA4F1C000CDED087A49E0FE2C8E
:10C2800000F09480FF2C00F09480F32C12D0F42C5A
:10C290007FF40BAB8DF820703946284606E0203439
:10C2A000E4B24848C4F10C0189B22044FFF76EF9AA
:10C2B000FFF7FBBA00F0E6F839468DF80C0003A84A
:10C2C000F4E7414B1A78003A18BF01221A703F4B2D
:10C2D0001B78072B20D0082B08BF02238DF82130B4
:10C2E0003B4B8DF820201B788DF82A30394B1B787A
:10C2F0008DF82C30384B1B788DF82D30374B1B7850
:10C300008DF82E30364B1B788DF82F303078C0F1F9
:10C31000100189B22844C9E70123DFE7314B1B68CC
:10C320000893C4F15401A4F15000F2E72E4B1B68AE
:10C330000893C4F12401A4F12000EAE72B4B1B6809
:10C340000893C4F18401A4F18000E2E702F0B2FC9A
:10C3500008903078C0F194019038DAE7244B1B68DC
:10C360000893C4F1B401A4F1B000D2E7214B93E8E3
:10C37000070085E80700C4F17C01A4F17000C8E75C
:10C380001D4BF4E71D4BF2E71D4BF0E71D4B93E807
:10C39000070085E80700C4F1AC01A4F1A000B8E7EC
:10C3A000194BF4E7194BF2E7194BF0E719483946F6
:10C3B0007CE71948394679E7C01200200C130020A9
:10C3C0000000C84230100020B61100207602002084
:10C3D000B4110020C1110020FE110020B511002071
:10C3E000740200208802002084020020081200202D
:10C3F00004120020580300204003002028030020DE
:10C4000010030020F8020020E0020020C8020020F3
:10C41000B00200209D0100202C0000200B4B0C4995
:10C420000C4800221A7000230B600B4908600B496E
:10C430000B600B490B600B490B600B490B600B4900
:10C440000B600B4B1A700B4B1A707047AF1000202B
:10C45000A010002000004041741000207C1000203B
:10C46000781000205C100020701000204410002084
:10C47000AE100020AC100020014B83ED000A704785
:10C4800044100020014B1878704700BFAC1000200A
:10C49000014B1888704700BFA4100020012845D028
:10C4A00002286AD0002879D13D4B18603D4B1B789B
:10C4B000013B072B09D8DFE803F0043336080808EE
:10C4C0000433394B4FF448521A60384A1378022B20
:10C4D00002BF354B4FF448111960354B1B78003BB8
:10C4E00018BF01235B001370324B04229A62324B57
:10C4F00000221A70314A00231360314A1360314A16
:10C500001360314A1360314A1360314A1360314A73
:10C510001360314A1360314A1360314A1360704727
:10C52000214B3222D0E7204B2E4ACDE71C4B18601E
:10C530001C4B1B78013B072B09D8DFE803F00418DC
:10C540001B0808080418184B4FF448521A60174A81
:10C550001378022B02BF144B4FF4481119600123CA
:10C560001370144A04219161134A137070470E4BE3
:10C570003222EBE70C4B1B4AE8E70C4A002313700E
:10C580000C4A042191610C4901220A7016490A7073
:10C5900016490A70164A1370164A1360704700BF96
:10C5A000240B002076020020300B0020C111002057
:10C5B000FE11002000040048AF1000207C10002075
:10C5C0007810002058100020541000205010002037
:10C5D0004C1000206C100020681000206410002017
:10C5E0006010002000323200AE100020AC1000209D
:10C5F000AD100020A8100020F8B52DED068BFEF739
:10C60000A3FEDFEDB87AB84B37EEC00A83ED000A1F
:10C61000B64B93ED007AB4EEC70AF1EE10FA40F390
:10C62000928070EE477AB24BB24CC3ED007AFCEECA
:10C63000E77A44F2E84217EE903A9BB25343AE4A8F
:10C64000B3FBF2F34FF4B472B3FBF2F102FB11331C
:10C65000B3F5877FA94A2178A94EB4BF5A33A3F511
:10C6600087739BB213800020002971D0012976D0F6
:10C67000A44BDFEDA57AD6ED008A1D68A34B68EECA
:10C68000A78A1C68A24BB0EE680A1F6804F07EFB04
:10C69000A04BB0EE408A83ED000AB0EE680A04F0C9
:10C6A0003DFB07EE905A9C4B9FED9C7A83ED000A70
:10C6B000F8EEE76A9A4B9B4DC3ED006AE31B07EE69
:10C6C000903AF8EEE77A984B984C67EE877AB0EE9E
:10C6D00040AA28EE277AC3ED007AA0EE267A944B82
:10C6E00060EE277A83ED007AE6EEC87A914BC3EDCF
:10C6F000007A914B1B78002B00F0B3808F4B904A4F
:10C7000083ED007A8F4BD2ED006AC3ED007A8E4B39
:10C710008E4A93ED006A8E4B36EE476A83ED006ACF
:10C720008C4B93ED007AA6EE267AD2ED006A83ED6B
:10C73000007AB4EEE67AF1EE10FA30DDC3ED006A6D
:10C74000B0EE667A32E037EE407A77EEC77A6AE783
:10C7500007EE903AF8EE677AC6ED007A88E77E4DEC
:10C760007E4A2B780BB929701360136846F65F5127
:10C770008B427B4905D8013313607A4B30600B60E4
:10C7800076E7BCEEC00A784B086010EE102A002055
:10C790001A80FFF783FE754B2070187068E7F1EE82
:10C7A000666AB4EEE67AF1EE10FAC7D4704BD3EDB8
:10C7B000006AA6EE267A9FED6F6AB4EEC67AF1EEB5
:10C7C00010FA2ADCDFED6C6AF4EEC76AF1EE10FABB
:10C7D000C8BFB0EE667A624B6849D3ED006A684B19
:10C7E000684A76EEE76A82ED007AC3ED006A664B2E
:10C7F00091ED007AD3ED007A6449E6EE877A91ED07
:10C80000007AC3ED007AF4EEC77AF1EE10FA07DD94
:10C8100083ED007AF0EE477A09E0B0EE467ADAE787
:10C82000B1EE477AF4EEC77AF1EE10FAF0D4584B35
:10C8300093ED007AE6EE877AF4EEC67AF1EE10FA1E
:10C8400034DC9FED4D7AB4EEE77AF1EE10FAC8BF12
:10C85000F0EE477A4F4BC4ED007AC3ED007A1368CF
:10C860002B604D4BD3ED008AF3EE087AF4EEE78AA5
:10C87000F1EE10FA1DDC9FED499A28EE899AD5ED6C
:10C88000009A29EEE90AA9EE090AB5EEC00AF1EE0E
:10C8900010FA11DB04F01AFAB4EEE99AF1EE10FA8C
:10C8A0000DD585ED009AF0EE499A0FE0DFED317A73
:10C8B000D0E79FED3B9AE2E79FED3A0AECE7B1EE55
:10C8C000499AF4EEC99AF1EE10FAEAD4D4ED007A5E
:10C8D000F4EEC07AF1EE10FA66DD84ED000AF0EEB7
:10C8E000407A68E000FC7F46481000204410002099
:10C8F00040100020AE100020F9BF01003C100020C5
:10C90000A0100020000A00204DF38E3CFC090020FE
:10C91000F80900209C100020981000203ACD133F09
:10C92000941000207C10002090100020781000202F
:10C930008C10002088100020AF1000206C10002008
:10C94000B00100205810002070100020AC01002021
:10C950006810002064100020AD100020A8100020F6
:10C960005C10002000009644A4100020AC100020B1
:10C97000B4010020CDCCCC40CDCCCCC0A401002053
:10C98000541000206010002050100020A001002052
:10C99000A80100204C100020741000208105053FE4
:10C9A0004288474100000000B1EE400AF4EEC07A30
:10C9B000F1EE10FA91D428EE290A67EEC86AAAEEC1
:10C9C000270A8B4BEAEE296ADFED8A5AC3ED006A2B
:10C9D000B0EE407A96EEA57A874BF0EE407AD6EE2E
:10C9E000E57AB6EE006A27EE067A67EE867AB5EE4D
:10C9F000C07AF1EE10FAB5EEC00ACCBF01220022D7
:10CA0000F1EE10FAF5EEC07A83ED000ACCBF0123F7
:10CA10000023F1EE10FA03EB4203CCBF0122002207
:10CA200003EB8203754AD35C062B05D8DFE803F0DD
:10CA3000DC083E5D7E9DBD0000231A46194624E0B9
:10CA4000DFED6F6A27EE267A20EE260AC7EE287AF7
:10CA5000FDEEE77A17EE903AC0EE287A19B2FDEEB5
:10CA6000E77A17EE903A1AB2C1F57A739B1A03EB84
:10CA7000D373C3F34F031144194489B21A4492B2D9
:10CA8000B1F57A7F28BF4FF47A71BDEC068BB3F510
:10CA90007A7F5C4828BF4FF47A73B2F57A7F28BF5B
:10CAA0004FF47A7243638263C163F8BD9FED566AA7
:10CAB00027EE067A67EE867AC7EE286ABDEEE67A3A
:10CAC00017EE103A87EEA87A18B2FDEEC77A17EE85
:10CAD000903A1AB2C0F57A739B1A03EBD373C3F37F
:10CAE0004F03D11889B20244C8E7DFED456A20EE52
:10CAF000260A80EE287ABDEEC77A17EE103A27EEA6
:10CB0000A67A1AB2C7EE287AC2F57A71FDEEE77AF4
:10CB100017EE903A1BB2C91A01EBD171C1F34F0164
:10CB20001A440A4492B20B449BB2A9E7DFED366A7D
:10CB300020EE260A27EE267AC0EE287AFDEEE77A66
:10CB400017EE903AC7EE287A18B2C0F57A71FDEE6A
:10CB5000E77A17EE903A1BB2C91A01EBD171C1F313
:10CB60004F01CA1892B20344DDE79FED256A67EED4
:10CB7000867A27EE067AC7EEA86AFDEEE67A17EE09
:10CB8000903AC7EE287A18B2C0F57A72FDEEE77ACD
:10CB900017EE903A1BB2D21A02EBD272C2F34F02D6
:10CBA000991889B203441344BEE7DFED176A67EEB4
:10CBB000A67A20EE260A87EEA87AFDEEC77A17EE4F
:10CBC000903AC0EE287A19B2C1F57A72FDEEE77A92
:10CBD00017EE903A1BB2D21A02EBD272C2F34F0296
:10CBE0001944114489B2DEE74FF4FA7325E700BF18
:10CBF00084100020D7B3DD3F80100020B801002052
:10CC0000A081D844002C0140A081D8C40D4B1B78D2
:10CC1000B3B9DFED0D7AB4EEE70AF1EE10FA08DCF5
:10CC2000DFED0A7AF4EEC07AF1EE10FAD8BFF0EE3A
:10CC3000407AB7EE047A67EE877A054BC3ED007A47
:10CC4000704700BFAC10002000009644000096C45E
:10CC50005C100020034B93ED000AF7EE047A80EE9F
:10CC6000270A704788100020084BDFED097A93ED02
:10CC7000007ADFED086A27EE277AC7EE267AFCEE07
:10CC8000E77A17EE903A98B2704700BF4010002044
:10CC90000000614500FC7F4610B50446F9F7B6FB7D
:10CCA000636D9FED587A2065C31A07EE903AF8EE4F
:10CCB000677A67EE877AF5EEC07AF1EE10FA40F205
:10CCC0009080B6EE007AF4EEC77AF1EE10FA00F337
:10CCD000888094F83D30C4ED137A002B00F09080EA
:10CCE00094ED004A94ED0E6A94ED077AD4ED015A62
:10CCF000D4ED097AD4ED0A6A94ED0D5A36EE446A01
:10CD000074EE655A26EE077A65EEA75A77EE264A44
:10CD1000D4ED0C7A84ED106A74EEE54AB4EEE45A70
:10CD2000F1EE10FA04D8B5EEC06AF1EE10FA21DC8B
:10CD3000F4EEE47AF1EE10FAF0EE673A04DBB5EEC9
:10CD4000C06AF1EE10FA15D4D4ED084AE4EE866A12
:10CD5000F4EEE67AF1EE10FA08DCF4EEC56AF1EED4
:10CD600010FAD4BFF0EE663AF0EE453AC4ED0A3A56
:10CD7000F0EE636A37EE267A37EE657AB4EEE77A3C
:10CD8000F1EE10FA08D4B4EEC57AF1EE10FAD4BF81
:10CD9000F0EE477AF0EE457A94ED117AC4ED027A1E
:10CDA000B5EEC07AF1EE10FA14DDD4ED036A94ED1D
:10CDB000136A37EEE65AC5EE065AB4EEE57AF1EE9E
:10CDC00010FAC4ED125A0FD5F0EE667AE7EE067A45
:10CDD000C4ED027A606584ED014AC4ED037A012056
:10CDE00010BDDFED097A74E7B1EE477AF4EEC75A69
:10CDF000F1EE10FAEED5F0EE667AE6EE077AE7E7A6
:10CE00001846EDE7BD3786356F12833AB4EEE00A77
:10CE1000F1EE10FA39DA90F83D3080ED0C0A012B72
:10CE2000C0ED0D0A31D1D0ED027AB4EEE70AF1EE91
:10CE300010FA2BDCF4EEE07AF1EE10FAC8BFF0EE57
:10CE4000607AC0ED027AD0ED037AB4EEE70AF1EE33
:10CE500010FA1EDCF4EEE07AF1EE10FAC8BFF0EE44
:10CE6000607AC0ED037AD0ED0A7AB4EEE70AF1EE0B
:10CE700010FA08DCF4EEE07AF1EE10FAD4BFB0EE6E
:10CE8000670AB0EE600A80ED0A0A7047F0EE407A59
:10CE9000D7E7F0EE407AE4E7B5EEC00AF1EE10FA1B
:10CEA00025D4F5EEC00AF1EE10FA20D4B5EEC01A82
:10CEB000F1EE10FA1BD490F83C3080ED040A012BFF
:10CEC000C0ED050A80ED061A80ED070AC0ED080ADC
:10CED00080ED091A0BD1B1EE400AF1EE600AB1EE15
:10CEE000411A80ED070AC0ED080A80ED091A704763
:10CEF00008B5F5EEC01A134B4364F1EE10FA4FF08B
:10CF00000003B0EE407AF0EE606A80F83C2080F8D2
:10CF10003D108362036043608360836301DCF7EE4E
:10CF2000001AF0EE620AB0EE420AC0ED0B1AFFF7EB
:10CF30006DFFBDE80840F0EE660AB0EE470AFFF765
:10CF4000ABBF00BF0024F44808B5042104F002FE82
:10CF5000014B186008BD00BF201100201B4BDFED06
:10CF60001C6A1B781B4A07EE903AF8EE677AC1F309
:10CF7000074387EEA67A07EE903AF8EEE77A67EE77
:10CF8000877AFCEEE77A17EE903A1354C1F3072341
:10CF900007EE903AF8EEE77A0F4A67EE877AFCEEF2
:10CFA000E77A17EE903A1354CBB207EE903AF8EEC8
:10CFB000E77A0A4A67EE877AFCEEE77A17EE903A4C
:10CFC0001354074B1B6843F820107047640200207D
:10CFD0000000C8421C1100201A1100201811002066
:10CFE000201100202DE9F04704212148214E224D37
:10CFF000224CF8F747FE04211D48F8F7BBFF2049F3
:10D0000000274FF0800916F8018B15F801EB14F892
:10D0100001CB0A46002349FA03F018EA000F0CBFBF
:10D020004FF04D0A4FF0840A10EA0E0F22F802AFBB
:10D0300003F101030CBF4FF04D0A4FF0840A10EAD0
:10D040000C0F0CBF4D208420082BA2F810A01084D8
:10D05000E1D1182F01F1300101D01827D3E7BDE845
:10D06000F047084A024834230421F8F70FBF00BFF5
:10D07000100700201A1100201C1100201811002098
:10D08000B4100020B0100020F8B5012206460F466B
:10D090001648174C1021F7F785FCF6F749FD154B9C
:10D0A0001860154B012200251A702A4623685A552C
:10D0B0000135112DFAD12368AA221A70236855224E
:10D0C0005A7023680D4A10369E7023681278DA7001
:10D0D00026680E213771B01C02F09AF9307421686D
:10D0E00007482A46BDE8F840FAF77EBC000400482D
:10D0F000E0090020BC110020BB110020BA11002063
:10D100000048004070B501220C4600F110061021C5
:10D110001B481C4DF7F746FCF6F70AFD1A4B186042
:10D120001A4B286801221A700021142205F070FBA6
:10D130002B68AA221A702B6855225A702B68144A41
:10D140009E702B681278DA702E682146331D04F128
:10D150000C0251F8040B43F8040B9142F9D10A88F0
:10D160001A808A789A701121B01C02F051F9F0747B
:10D1700029680848BDE870401422FAF735BC00BFA2
:10D1800000040048E0090020BC110020BB11002071
:10D19000BA110020004800402DE9F043C3692DED8D
:10D1A000028BD90689B006463FD50368DA063CD51E
:10D1B000B14BB24C10270762DA6922F00102DA6142
:10D1C000196A6268C1F5007189B24FF001094FF028
:10D1D000000884F80A90218102F801801A6A6FF32E
:10D1E0000F0242F400721A62DA6942EA0902DA6155
:10D1F0002389D3B1A24A04210F2B117012D8032B1B
:10D2000013D9043B0B2B10D8DFE813F083052C084F
:10D210000F000F007F090F000F000F000F000F001D
:10D220000F003700192B01F0AF80F3695B061FD5A3
:10D2300056E8003F23F0400346E80034002CF7D1C5
:10D240008D4A904D536C904823F001035364102194
:10D250002246F7F7A7FB2B783BB18C48F8F728FF5D
:10D26000FAF762FAFAF784FB2C70894B00221A70E5
:10D2700009B0BDEC028BBDE8F08360680E2102F0BE
:10D28000C7F863689A7B8242CFD1824D59782A7859
:10D290009142CAD11A78252AC7D801A151F822F0A3
:10D2A000D5D3000839D300083FD40008C5D40008FE
:10D2B000F7D4000871D50008ADD500081FD60008C6
:10D2C0002BD6000883D60008D9D60008E5D7000879
:10D2D0001DD8000889D80008BFD800082BD2000844
:10D2E0002BD200082BD200082BD200082BD200082A
:10D2F0002BD200082BD200082BD200082BD200081A
:10D300002BD200082BD200082BD200082BD2000809
:10D310002BD200082BD200082BD200082BD20008F9
:10D32000F5D800088DD900085DDA000839DB00085F
:10D3300009DC000875DC00089B785A1E032A3FF6BA
:10D3400074AF554A1278002A7FF46FAF534FDFF85D
:10D3500064813A7888F800309A4212D0042B36D093
:10D360009FED4F8AB0EE480AFFF750FC01F0FEFC3B
:10D370004C4B83ED0A8A4C4B83ED0A8A98F80030B7
:10D380003B70012240481021F7F70CFBF6F7D0FB69
:10D39000464B18603E4B012200271A703A4623681C
:10D3A000DA550137112FFAD12368AA221A7023689F
:10D3B00055225A70D4E900231B78103393702368E8
:10D3C0002A78DA70256898F800302B71C5E001F0F2
:10D3D00023F9D3E79878DFF8E48088F8000050B3A9
:10D3E000334B2D4A1B7812781343DBB27BB9314B98
:10D3F0001B78052B0BD8042B2F4F03D13B780BB197
:10D4000001F00AF900233B700120FFF747F80122E1
:10D410001D481021F7F7C6FAF6F78AFB234B186070
:10D420001B4B012200271A703A462368DA55013750
:10D43000112FFAD1B8E7204B01221A70E5E79B784B
:10D44000DFF87C801048003B18BF01230122102127
:10D4500088F80030F7F7A6FAF6F76AFB134B186066
:10D460000B4B012200271A703A462368DA55013720
:10D47000112FFAD198E700BF00000240E009002018
:10D48000340B002024110020000400480048004014
:10D49000BB110020BA110020F211002075020020FB
:10D4A000000000006812002010120020BC110020B3
:10D4B000F4110020760200204C050020B611002057
:10D4C000FD110020DFF800839B78AB4888F800301E
:10D4D00001221021F7F766FAF6F72AFBA74B18602E
:10D4E000A74B012200271A703A462368DA55013704
:10D4F000112FFAD158E7DFF8D4925A88DFF8D0829A
:10D500009B799D48A9F800201021012288F800305D
:10D51000F7F748FAF6F70CFB984B1860984B012286
:10D5200000271A703A462368DA550137112FFAD1CD
:10D530002368AA221A70236855225A70D4E900235E
:10D540001B781033937023682A78DA702568B9F84D
:10D550000030AB8098F800302B720E21A81C01F02F
:10D5600057FF1122287421688648FAF73DFA5CE6D5
:10D57000DFF860925A88DFF860829B797E48A9F8CC
:10D5800000201021012288F80030F7F70BFAF6F797
:10D59000CFFA7A4B18607A4B012200271A703A466C
:10D5A0002368DA550137112FFAD1C1E79A7862B1B1
:10D5B000754A117811B17549002008700021117069
:10D5C00073490A7822F001020A709A79E2B171492E
:10D5D00000220A6070490A6070490878072818D14B
:10D5E0006A48027001220A7069490A7822F0020230
:10D5F0000A706B4900220A706A490A706A490A7007
:10D600006A490A706A490A7099781878FFF73CFDF0
:10D610000BE60828E8D15D4802700222E3E79B7818
:10D620000BB1F9F723F86368EEE7DFF8B081D3F8C0
:10D6300002305148C8F8003001221021F7F7B2F942
:10D64000F6F776FA4D4B18604D4B012200271A7001
:10D650003A462368DA550137112FFAD12368AA22F6
:10D660001A70236855225A70D4E900231B781033AE
:10D67000937023682A78DA702568D8F800306B60D8
:10D680006BE79B784B4A3C48003B18BF0123137063
:10D6900010210122F7F786F9F6F74AFA374B18609E
:10D6A000374B012200271A703A462368DA550137B2
:10D6B000112FFAD12368AA221A70236855225A70B2
:10D6C000D4E900231B781033937023682A78DA702A
:10D6D000D4E900539B7878E6DFF80481364FD8F818
:10D6E0000020B3F802C0187927F822C007EB8201A6
:10D6F00088705A799B793149003A18BF0122642B0E
:10D700000A7003D82E4A1370FFF76CFCD8F800306B
:10D7100057F823203AB1082B2A4998BF01330A60F1
:10D7200098BFC8F80030012213481021F7F73AF9E2
:10D73000F6F7FEF9114B1860114B012200271A7001
:10D740003A462368DA550137112FFAD12368AA2205
:10D750001A70236855225A70D4E900231B781033BD
:10D76000937023682A78DA70D4E90053D3F8022042
:10D770006A609B79F0E600BF00040048BC110020FD
:10D78000BB11002000480040F4110020C11100200E
:10D79000FE110020DC110020C411002076020020C0
:10D7A000ED110020EC110020D5110020D411002033
:10D7B000F2110020B511002084110020AC110020CE
:10D7C000640200207C11002080020020F011002063
:10D7D000EE110020D8110020D61100207011002079
:10D7E000801100209B78022B04D8BA4A1370BA4BE0
:10D7F00001221A700122B9481021F7F7D3F8F6F781
:10D8000097F9B74B1860B74B012200271A703A46B8
:10D810002368DA550137112FFAD14BE70122AF48BF
:10D820001021F7F7BFF8F6F783F9AD4B1860AD4B51
:10D83000012200271A703A462368DA550137112F62
:10D84000FAD12368AA221A70236855225A70D4E9A3
:10D8500000231B781033937023682A78DA70D4E998
:10D8600000839B7888F804300E2108F1020001F053
:10D87000CFFD216888F810003A469B48FAF7B4F8C3
:10D8800063689B782B70D0E49B789448012B98BFF9
:10D89000964A4FF0100198BF13700122F7F782F8F3
:10D8A000F6F746F98E4B18608E4B012200271A704E
:10D8B0003A462368DA550137112FFAD1FAE69B78F8
:10D8C0008648012B98BF8A4A4FF0100198BF137009
:10D8D0000122F7F767F8F6F72BF9814B1860814BB7
:10D8E000012200271A703A462368DA550137112FB2
:10D8F000FAD1DFE6D3F80220D3F806107D4BDFF82B
:10D900002082DFF82092C8F800209A42C9F800105F
:10D9100002DDC8F8003002E0774B9A42F9DBD8ED1F
:10D92000007ADFED766A764BF8EEE77A184687EEF6
:10D93000A67A002783ED0E7A01F0F4F90122C9F8E6
:10D94000000010216548F7F72DF8F6F7F1F8644B61
:10D950001860644B01221A703A462368DA55013781
:10D96000112FFAD12368AA221A70236855225A70FF
:10D97000236830229A7023682A78DA702568D8F8EC
:10D9800000306B60D9F80030AB60E6E5D3F80210E8
:10D99000D3F806209FED677AD3F80A30594FDFF8A5
:10D9A0008881396007EE901AF8EE677A5649BB60B5
:10D9B00087EE870A7A6007EE903AF8EE677A98F871
:10D9C000003081ED000A87EE871A07EE902A9FED5E
:10D9D0004F7A81ED021AF8EE677AC7EE870AC1ED39
:10D9E000010A2BB94648FFF757FA454A00239362CC
:10D9F000012210213948F6F7D5FFF6F799F8384B90
:10DA00001860384B01221A70002319462268D1543D
:10DA10000133112BFAD12368AA221A7023685522E8
:10DA20005A70236831229A7023682A78DA7098F83D
:10DA300000302568032B3FF690ADDFE813F0D800E7
:10DA400004000B000D00324B1A686A605A68AA6025
:10DA50009B68D1E02F4BF7E72F4BF5E7DFF8CC9031
:10DA6000D3F80220D3F80630C9F80030214BDFF894
:10DA7000C0809A42C8F8002002DDC8F8003002E0F9
:10DA80001D4B9A42F9DBD8F8000001F0A5F8D9F84F
:10DA90000010224801F046F90122C9F800001021C7
:10DAA0000E48F6F77FFFF6F743F80D4B18600D4B65
:10DAB000012200271A703A462368DA550137112FE0
:10DAC000FAD12368AA221A70236855225A70236853
:10DAD00032224FE7AD11002024110020000400483D
:10DAE000BC110020BB11002000480040740200203F
:10DAF000B411002000752B7D008BD4820000C84239
:10DB000068120020580300204C0300208096184B18
:10DB100040030020280300201003002010120020E2
:10DB20000C12002088020020C11200208402002074
:10DB3000081200200050C347D3F80210D3F8062083
:10DB40001FED047AD3F80A30A14FDFF8D482396090
:10DB500007EE901AF8EE677A9E49BB6087EE870A57
:10DB60007A6007EE903AF8EE677A98F8003081ED27
:10DB7000000A87EE871A07EE902A9FED977A81EDCB
:10DB8000021AF8EE677AC7EE870AC1ED010A2BB9CF
:10DB90009248FFF781F9914A0023936201221021F4
:10DBA0008F48F6F7FFFEF5F7C3FF8E4B18608E4BDC
:10DBB00001221A70002319462268D1540133112B17
:10DBC000FAD12368AA221A70236855225A70236852
:10DBD00033229A7023682A78DA7098F80030256822
:10DBE000032B3FF6BAACDFE803F002090B0D3B68EC
:10DBF0006B607B68AB60BB68EB60AEE47B4B23E79C
:10DC00007B4B21E77B4B1FE7D3F802307A4ADFF8E2
:10DC10001482934202DDC8F8002004E0774A934260
:10DC2000F9DBC8F80030D8ED007A9FED750AF8EE00
:10DC3000E77A002787EE800AFEF7E8FF01226848AE
:10DC40001021F6F7AFFEF5F773FF664B1860664BD1
:10DC500001221A703A462368DA550137112FFAD19A
:10DC60002368AA221A70236855225A702368342226
:10DC70009A70FEE4D3F802200492DA88ADF80C2002
:10DC800048F69F418A4218D8D3F80A10EFF310875C
:10DC900072B6524801F046F85A4BDFED597A1860D7
:10DCA000BDF80C30049800EE103AB8EE400A80EE51
:10DCB000270A00F025FF07B962B603A904A800F0FF
:10DCC0009FFF012246481021F6F76CFEF5F730FF62
:10DCD000444B1860444B012200271A703A462368CF
:10DCE000DA550137112FFAD12368AA221A70236856
:10DCF00055225A70236835229A7023682A78DA7080
:10DD00002568049B6B60BDF80C302B813D4B1B6874
:10DD100072E76068032101F07BFB6368DA78824276
:10DD200040F08280384F59783A7891427CD11A7805
:10DD3000402A79D19D78002D7FF477AA01222848C6
:10DD40001021F6F72FFEF5F7F3FE264B1860264B51
:10DD500001221A702A4623685A550135142DFAD12A
:10DD600023689FED278AAA221A70236855225A70C9
:10DD7000236850229A7023683A78DA70234BD3EDE7
:10DD8000007A67EE887AFDEEE77A17EE908A00F067
:10DD900091FF1F4B2768D3ED007AC7F8048067EE28
:10DDA000887AB860FDEEE77A17EE903AFB60194B7F
:10DDB0001B783B74184B1B787B74184B1B78BB7417
:10DDC0001121B81C01F024FBF8741422FFF7CBBB1F
:10DDD000F8020020EC0200208096184B1012002060
:10DDE00000040048BC110020BB110020E00200200C
:10DDF000C8020020B0020020C0D40100402BFEFF6A
:10DE00000000C84284020020BA110020D81200206D
:10DE10000C13002076020020C1110020FE1100200A
:10DE2000C0120020041200201846032101F0F0FA6D
:10DE30006368DA78824249D1994D59782A789142BB
:10DE400044D11A78442A41D19B78002B7FF4EDA964
:10DE5000EFF3108772B602A903A800F0E7FE0DF1F8
:10DE60000A0104A800F0CCFE07B962B601228D4871
:10DE70001021F6F797FDF5F75BFE8B4B18608B4B87
:10DE8000012200271A703A462368DA550137142F09
:10DE9000FAD12368AA221A70236855225A7023687F
:10DEA00054229A7023682A78DA702568039B6B6085
:10DEB000BDF808302B81049BEB60BDF80A302B8243
:10DEC0001121A81C01F0A4FAE8747EE7184603218A
:10DED00001F09EFA6368DA7882423FD1704F597838
:10DEE0003A7891423AD11A78412A37D19D78002D5B
:10DEF0007FF49BA901226B481021F6F753FDF5F73B
:10DF000017FE694B1860694B01221A702A46236874
:10DF10005A550135142DFAD12368AA221A702368A4
:10DF200055225A70236851229A7023683A78DA7021
:10DF30005F4B2768D3ED007AFDEEE77A17EE903A53
:10DF40007B605C4B1B68BB605B4B1B68FB605B4B87
:10DF50001B783B745A4B1B787B7431E718460321BE
:10DF600001F056FA6368DA78824247D14C4F59780B
:10DF70003A78914242D11A78422A3FD19D78002DB9
:10DF80007FF453A9012210214648F6F70BFDF5F75F
:10DF9000CFFD454B1860454B01221A7029462B4690
:10DFA0002268D1540133142BFAD12368AA221A70A3
:10DFB000236855225A70D4E900231B7810339370DC
:10DFC00023683A78DA703F4B25681B78032B09D811
:10DFD000DFE803F0020E10123B4B03CB6860A96030
:10DFE0001868E860394B1A889B782A82AB7467E717
:10DFF000374BF2E7374BF0E7374BEEE71846032194
:10E0000001F006FA6368DA78824275D1244F5978B4
:10E010003A78914270D11A78432A6DD19D78002DBB
:10E020007FF403A9012210211E48F6F7BBFCF5F787
:10E030007FFD1D4B18601D4B01221A7029462B468F
:10E040002268D1540133142BFAD12368AA221A7002
:10E05000236855225A70D4E900231B78103393703B
:10E0600023683A78DA701D4B25681B78032B09D892
:10E07000DFE803F0020F1113194B03CB6860A960AE
:10E080001868E860174B2A741B786B74164B1B7862
:10E09000ACE7164BF1E7164BEFE7164BEDE700BF89
:10E0A000BA11002000040048BC110020BB11002060
:10E0B00014130020F409002070110020AC1100207E
:10E0C00064020020C1120020580300207C110020AF
:10E0D000400300202803002010030020C01200206D
:10E0E000F8020020AD110020B5110020E002002050
:10E0F000C8020020B00200201846032101F088F970
:10E100006368DA7882423DD18C4F59783A789142EF
:10E1100038D11A78452A35D19D78002D7FF485A80D
:10E12000874B8848D3F890250492D3F8942505921C
:10E13000D3F89835069301221021F6F733FCF5F752
:10E14000F7FC814B1860814B01221A702A46236824
:10E150005A550135142DFAD12368AA221A70226863
:10E16000552353702268937023683A78DA7004ABB1
:10E1700003CB27687860B9601868F86001233B74A6
:10E18000734BE8E61846032101F042F96368DA7838
:10E19000824224D1694A5978127891421FD11A7863
:10E1A000462A1CD1997800297FF43FA80F2204A8A1
:10E1B00004F02EFBEFF3108072B6664B1968664BC5
:10E1C0001A68664B1B6800B962B6CDE90412069363
:10E1D000636804A91878FEF795FFFFF726B818467C
:10E1E000032101F015F96368DA7882427FF41DA8F3
:10E1F000524A5978127891427FF417A81A78472A20
:10E200007FF413A8997800297FF40FA80F2204A89F
:10E2100004F0FEFAEFF3108172B65148514B0078CA
:10E220008DF8180050481A6800788DF819004F488A
:10E230004F4B00788DF81A004E481B6800788DF817
:10E240001B004D4800788DF81C004C4800788DF874
:10E250001D004B4800788DF81E0001B962B6CDE96B
:10E260000423B5E76068042101F0D2F863681A79E5
:10E2700082427EF4DAAF314D59782A7891427EF4A9
:10E28000D4AF1B78622B7EF4D0AF012210212D4831
:10E29000F6F788FBF5F74CFC2B4B18602B4B012253
:10E2A0001A70002319462268D1540133192BFAD170
:10E2B000102200210DEB020004F0AAFA6368314A33
:10E2C000DF7898781368102F4FEA400023F001039D
:10E2D00028BF1027136040F00108F8F7C1FD3A4647
:10E2E0000A2304A95FFA88F0F8F76AFE2368AA22D5
:10E2F0001A70236855225A70236872229A70236814
:10E300002A78DA702568B0FA80F04009AF71A880E9
:10E3100004AB05F10A071A4603CA796008A98A42C4
:10E320003860134607F10807F5D11821A81C01F041
:10E330006FF81B22A876FFF716B900BFBA110020AC
:10E340000070FF1F00040048BC110020BB1100201A
:10E350009D01002088020020840200200412002079
:10E36000B61100200C120020FD11002074020020C4
:10E3700008120020B41100202C000020AD11002054
:10E38000B5110020005400406068182101F040F8E9
:10E3900063681A7E824254D19A4D59782A78914204
:10E3A0004FD11A78632A4CD1394697484A46F6F736
:10E3B000F9FAF5F7BDFB954B1860954B414683F88C
:10E3C000009043462268D1540133062BFAD163688A
:10E3D00093F80380B8F1100F31D88E4A9F7893F8E4
:10E3E0000490136823F001031360F8F739FD7F00F0
:10E3F0006168FFB208310A2342463846B9F1000F7E
:10E400001AD0F8F743FDB0FA80F040092368AA2239
:10E410001A70236855225A70236873229A702368F1
:10E420002A78DA70256803212871A81C00F0F0FF13
:10E4300006226871FFF797B8F8F778FDE3E7002048
:10E44000E4E71846182100F0E3FF63681A7E824271
:10E450007EF4EBAE6B4F59783A7891427EF4E5AE9C
:10E460001B78612B7EF4E1AE012210216648F6F79D
:10E4700099FAF5F75DFB654B1860654B01221A7040
:10E48000002319462268D1540133062BFAD1636860
:10E4900093F806809D78DA7893F804905D4B6D00D0
:10E4A000B8F1100FEDB228BF4FF01008EAB91A68A2
:10E4B00022F001021A60F8F7D3FC62680A23009385
:10E4C0000832434649462846F8F7BAFD2368AA228F
:10E4D0001A70236855225A70236871229A70B0FA14
:10E4E00080F023683A7840099BE71A6822F001021D
:10E4F0001A60F8F7B5FC62680A23009308324346B5
:10E5000049462846F8F7B6FDE0E76068072100F0C5
:10E510007FFF6368DA7982427EF487AEDFF8E480B9
:10E52000597898F8002091427EF47FAE1B78602BDA
:10E530007EF47BAE012210213348F6F733FAF5F76B
:10E54000F7FA324B1860324B01221A700023194639
:10E550002268D1540133192BFAD1102200210DEB7E
:10E56000020004F055F963682A4A9D789F79D978AA
:10E570006D0045F00105102FEDB228BF102781BBBB
:10E5800093F80490136823F001031360F8F768FC14
:10E590000A23009304AA3B4649462846F8F787FD1C
:10E5A0002368AA221A70236855225A7023687022A1
:10E5B0009A70236898F80020DA702568B0FA80F025
:10E5C0004009AF71A88004AB05F10A071A4603CAD7
:10E5D000796008A98A423860134607F10807F5D127
:10E5E000A3E6B3F80490136823F001031360F8F76F
:10E5F00037FC0A23009304AA3B4649462846F8F70D
:10E600006DFDCDE7BA11002000040048BC110020C8
:10E61000BB1100200054004010B500F01DFB084B5A
:10E6200000241C60074B1C60F7F7F0FE064B1860D7
:10E63000064B1C60064B1C60064B1C6010BD00BFE7
:10E64000601100203C1100205C11002058110020B6
:10E65000501100205411002010B52DED028BB0EEAA
:10E66000408AF7F7D3FE494B494A186013689FED7B
:10E67000497AC31A07EE903AF8EE677AF6EE006A26
:10E6800067EE877AF5EEC07AF1EE10FA64D9F4EE0F
:10E69000E67AF1EE10FA5FDCB0EE677A3E4B3F4966
:10E6A00083ED007A3E4B91ED007A93ED006A3D4B8D
:10E6B0003D4C3E4968EE064A27EE877A93ED006AA4
:10E6C00091ED005A27EE267A76EE085AD4ED006ACC
:10E6D000E7EE256AB1EE450AB4EEE60AF1EE10FA6D
:10E6E0003FDCF4EEC56AF1EE10FAC8BFF0EE456A01
:10E6F0002F4938EE466AD1ED005A26EE256AC6EE5D
:10E70000275A36EEA46A35EE866AB4EEC60AF1EEF2
:10E7100010FA08DCB4EEC56AF1EE10FAD4BFB0EE20
:10E72000460AB0EE450A234991ED006A2249B5EE4A
:10E73000C06AF1EE10FA1EDDD1ED005A70EE654AA6
:10E7400084EEA75AB4EEC56AF1EE10FA0CD5E6EEE7
:10E75000275AB0EE650A0EE09FED187AF0EE477A80
:10E760009CE7F0EE406AC3E7B1EE466AB4EEC56AD4
:10E77000F1EE10FAEBDC83ED008ABDEC028BC4ED08
:10E78000006A81ED000A106010BD00BF2811002052
:10E790005C110020BD3786352C1100204811002067
:10E7A000440200205411002058110020380200209B
:10E7B000400200203C020020501100206F12833ADA
:10E7C0002DE9F0478D4B8E4D93ED007A8D4B8E4C9D
:10E7D000D3ED006A2DED048BF7EE008A78EEC77A50
:10E7E00067EEA67AD5ED006AE6EE877AC3ED007A89
:10E7F000864B93ED007AF0EEE77AF4EEC77AF1EE0D
:10E8000010FA41DD00232360814F00F025FAD7ED97
:10E81000007A77EE807AC7ED007AF5F789F92368F8
:10E820007C4A97ED008AC01A10607B4AF0EEC87AE5
:10E83000C2ED007AA3B1794B1B68984210D9784B8E
:10E8400093ED007AF4EEC77AF1EE10FA08D5754B25
:10E85000D3ED007A78EEE78A28EE288A87ED008AE1
:10E86000714E724C3368D4ED057AD4ED086A94ED9C
:10E870001C7A002B67EEA66A27EE877A0BDD36EE50
:10E88000C76AB1EE477A09E02368002BBCD1F5F7DF
:10E890004FF92060B8E736EE876AF2D0D4E903A9D1
:10E8A000B4EEC86AA9EB0A08F1EE10FA37EE667A00
:10E8B00008F1010861D5B8F1000F02DD534540F3BE
:10E8C00096805B4A92ED007A38EE678A37EE277AB7
:10E8D00087ED008A82ED007A013B3360F1EE486AF1
:10E8E00086EEA77A534B83ED007A534B93ED007A73
:10E8F000524B67EEC78A93ED009AB0EE680AF1EECC
:10E90000490A02F07DFAB4EEC80AF1EE10FA0CDC06
:10E91000F1EE680AB0EE490A02F09AFAB4EEC08A43
:10E92000F1EE10FAD8BFB0EE480A454BB8F1000F2F
:10E9300083ED000A3CDDB5EEC08AF1EE10FA33DD5E
:10E940003368534514BF00230123D5ED007A3D4AB7
:10E950003D491370F0EEE77AB2EE007A3B4AF4EEEE
:10E96000C77AF1EE10FA116024DD9FED390ABDEC93
:10E97000048BBDE8F047FEF749B9B4EEC87AF1EE72
:10E9800010FAABDDB8F1000F01DD4B45A6DA284ADD
:10E9900092ED007A38EE278A37EE677A87ED008AA3
:10E9A00082ED007A013398E702D533684B45C9E719
:10E9B0000023CAE730EE480A264A82ED000A83B9EE
:10E9C000B4F8581069B1306804EB8305ED6D8542E9
:10E9D00007D00133DBB29942F6D89FED1D0A82EDD4
:10E9E000000AFFF739FE1C4B83ED000ABFE7B4EEC7
:10E9F000C87AF1EE10FAC8DC70E700BF58020020B8
:10EA0000D41200206811002064110020540200205C
:10EA10003C11002034110020301100205002002051
:10EA20004C0200204802002070110020C00100208C
:10EA3000601100206C110020600200205C020020A8
:10EA400040110020381100200000FA433802002055
:10EA500000000000441100204C110020DFED087A76
:10EA600008B520EE270A02F037FA031E05DB48F648
:10EA70009F40834200DC98B208BD0020FCE700BF45
:10EA80000000C8422DE9F041EFF3108872B6164B32
:10EA90001D68164B93ED000AFFF7E0FF144B1E684C
:10EAA000144B93ED000A0446FFF7D8FF0746B8F170
:10EAB000000F00D162B6A81B4FEAE57161EBE67169
:10EAC000E41BF4F72BF807EE904ADFED0B6AF8EE43
:10EAD000E77A07EE100A87EEA60ADFED087AA7EEBE
:10EAE000270ABDE8F08100BFEC120020E8120020E8
:10EAF000FC120020001300200000C8420000B443B4
:10EB0000DFED2D7AB0EEC07AB4EE677AF1EE10FA4E
:10EB100038B5044648D8DFED297A6FF00043B4EEEB
:10EB2000E70AF1EE10FA0BDB9C4202D19FED240ABA
:10EB300017E030EE670A0134F1E730EE270A013CB6
:10EB4000B5EEC00AF1EE10FA2FD5B4F1004FF4D1B2
:10EB5000DFED1C7AF4EEC07AF1EE10FAC8BFB0EE29
:10EB6000670AEFF3108572B6174B1C60174B83EDE5
:10EB7000000AFFF773FF002103460A4648F6A0404B
:10EB8000C4FB003212489842914109DB00F1B560A4
:10EB900000F58B3083424FF0FF318A41A8BF184601
:10EBA0000C4B186005B962B638BDB4EEE70AF1EE59
:10EBB00010FABBDACCE700BFFFFF7F7F0000B44351
:10EBC000B8FEB34300000000EC120020E812002061
:10EBD00000752B7D0812002048F6A04290FBF2F34E
:10EBE00002FB130200EE102ADFED047AB8EEC00A31
:10EBF000184680EE270AFFF783BF00BF0000C84217
:10EC000038B50D46EFF3108472B6064B1B680360EF
:10EC1000054B93ED000AFFF721FF288004B962B687
:10EC200038BD00BFEC120020E812002038B50D46B8
:10EC3000EFF3108472B6064B1B680360054B93ED2F
:10EC4000000AFFF70BFF288004B962B638BD00BF89
:10EC5000FC12002000130020EFF3108272B6044B68
:10EC6000002193ED000A196002B962B6704700BF37
:10EC7000F012002007B50DF1020101A8FFF7D6FF41
:10EC80000198BDF8023048F6A0410022C0FB0132D5
:10EC900006495B18064942F100028B4272F10002FC
:10ECA0002CBF0120002003B000BD00BF00752B7DEC
:10ECB00001EA56FA13B50DF1020101A8FFF7B6FFFC
:10ECC000BDF80230DFED107A019C00EE103AB8EE8C
:10ECD000400A80EE270AFFF7C1FE002103460A46DC
:10ECE00048F6A040C4FB003208489842914109DB35
:10ECF00000F1B56000F58B3083424FF0FF318A415F
:10ED0000A8BF184602B010BD0000C84200752B7D98
:10ED10000028034BB8BF4042984228BF18467047AE
:10ED2000C0D4010010B502460846FFF7F1FF07EE18
:10ED3000900AB8EEE77ADFED0C7AC7EE270A0446B0
:10ED40000023F5EEC00AF1EE10FA06DDB1EE600A1E
:10ED50001046FEF75BF8204610BD136353639360C3
:10ED6000D3609362F7E700BF0000C84208B54D4B7F
:10ED70001B78032B21D8DFE803F0022835424A4BE9
:10ED80009FED4A7AD3ED007A494BF8EEE77AF1EE3F
:10ED9000677A87EE872A00224648012193ED021AFE
:10EDA000D3ED010A93ED000AF1EE422AF7EE001AC4
:10EDB000FEF79EF83F4A002393633F4B1B78032BDB
:10EDC00048D8DFE803F029485562374B9FED377A82
:10EDD000D3ED007A394BF8EEE77AF1EE677A87EEF9
:10EDE000872AD8E7304B9FED317AD3ED007A344B48
:10EDF000F8EEE77AF1EE677A87EE872ACBE72A4BBF
:10EE00009FED2A7AD3ED007A2E4BF8EEE77AF1EEF9
:10EE1000677A87EE872ABEE72B4B9FED247AD3EDE6
:10EE2000007A2A4BF8EEE77AF1EE677A87EE872AC6
:10EE300000222748012193ED021AD3ED010A93ED38
:10EE4000000AF1EE422AF7EE001AFEF751F8204AC6
:10EE50000023936308BD1C4B9FED147AD3ED007A19
:10EE60001C4BF8EEE77AF1EE677A87EE872ADFE748
:10EE7000154B9FED0E7AD3ED007A174BF8EEE77A3B
:10EE8000F1EE677A87EE872AD2E70F4B9FED077A7C
:10EE9000D3ED007A114BF8EEE77AF1EE677A87EE60
:10EEA000872AC5E7C1120020880200200000C8425E
:10EEB0004C03002068120020C01200203403002000
:10EEC0001C0300200403002084020020EC02002028
:10EED00010120020D4020020BC020020A402002056
:10EEE0002DE9F0417D4B7E4C1B6823607D4B1B78E8
:10EEF000012B1AD194ED0E7ADFED7B7A7B4BF0EE8D
:10EF0000C76AF4EEE76AF1EE10FA60DDD4ED106A3C
:10EF1000C6EE877AB6EE007AF0EEE77AF4EEC77ABC
:10EF2000F1EE10FA53DD00221A60DFF8F8816C4828
:10EF3000FDF7B2FEB8F80020002A00F0BE806C4E4B
:10EF40006C4D31782B78002950D107EE902A94ED42
:10EF5000107AF8EEE77AB0EEC77AB4EEE77AF1EE1F
:10EF600010FA36DB644A9FED657AD2ED007AF0EE56
:10EF7000E77AF4EEC77AF1EE10FA2ADB73BBF4F706
:10EF8000D7FD5F4B186001232B70F4F7D1FD5C4B6C
:10EF90001B68C01A5B4B1B784FF47A7213FB02F3A9
:10EFA00098421DD9584B07221A70584A13780020EE
:10EFB00043F002031370FDF771FA0023A362F4F724
:10EFC000B7FD534B186001233370BDE8F081012277
:10EFD000AAE7012B04D100232B7001E0012BD4D030
:10EFE00094ED020ABDE8F041FDF710BE022B494F37
:10EFF00004D1F4F79DFD012338602B70B8F8003080
:10F0000094ED107A07EE903AF8EEE77AB0EEC77A10
:10F01000B4EEE77AF1EE10FA32DB374B9FED377A38
:10F02000D3ED007AF0EEE77AF4EEC77AF1EE10FA5B
:10F0300026DBF4F77DFD3B68C01AB0F5FA7F10D9E6
:10F04000314B07221A70314A1378002043F0020333
:10F050001370FDF723FA0023A362F4F769FD2C4B2C
:10F0600018602D4D2B78002BBAD0274B1B78072B1F
:10F070001AD10020FDF712FA284B01221A70AAE7D4
:10F08000F4F756FD3B68C01AB0F5FA7FE9D9244A77
:10F090001E49002313600A782B7022F002020A70C6
:10F0A0001E4A33701370DCE7184A1378002023F0EF
:10F0B00002031370FDF7F2F98DE7184B1B784BB97B
:10F0C0000C4A124913700A7822F002020A70084AA8
:10F0D000137085E70023A36282E700BFD8120020E7
:10F0E00068120020C1110020BD378635280B002092
:10F0F000EC110020ED1100200C1300200000FA4359
:10F10000E8110020EE11002076020020FE11002000
:10F11000E4110020E01100204C050020F211002035
:10F12000DC110020F01100202DE9F843FFF7AAFCC4
:10F13000904C914EF1EE407AC4ED007ADFED8F7A7B
:10F14000B0EEC00AB4EEE70A0025F1EE10FAA563AE
:10F150001DD8D4ED0A7AB3EE0E7AF0EEE77AF4EE2B
:10F16000C77AF1EE10FA12DDD4ED027AF0EEE77A0A
:10F17000F4EEC77AF1EE10FA09D53378804F4BB12F
:10F18000F4F7D6FC3B68C01A632808D9A5620023AF
:10F19000337004E001233370F4F7CAFC3860794B14
:10F1A0001A78012A0DD1D4ED107A774BF0EEE77A78
:10F1B000B2EE047AF4EEC77AF1EE10FA00DD002226
:10F1C0001A60DFF8F8916B48FDF766FDB9F800208A
:10F1D000002A00F0C0806D4F6D4E397833780029D9
:10F1E0004DD107EE902A94ED107AF8EEE77AB0EE62
:10F1F000C77AB4EEE77AF1EE10FA33DB654A9FED99
:10F20000667AD2ED007AF0EEE77AF4EEC77AF1EEA4
:10F2100010FA27DB83BBF4F78BFC604B18600123EB
:10F220003370F4F785FC5D4B1B68C01A5C4B1B7890
:10F230004FF47A7213FB02F3984217D9594B082204
:10F240001A70594A1378002043F002031370FDF737
:10F2500025F9A562F4F76CFC544B186001233B7050
:10F26000BDE8F883012B01D10023337094ED020A2D
:10F27000BDE8F843FDF7CABC012BD2D0F6E7022B5C
:10F28000DFF83C8105D1F4F753FC0123C8F80000F6
:10F290003370B9F8003094ED107A07EE903AF8EE3A
:10F2A000E77AB0EEC77AB4EEE77AF1EE10FA34DB23
:10F2B000384B9FED397AD3ED007AF0EEE77AF4EE31
:10F2C000C77AF1EE10FA28DBF4F732FCD8F80030F8
:10F2D000C01AB0F5FA7F0FD9324B08221A70324AA1
:10F2E0001378002043F002031370FDF7D7F8A562EE
:10F2F000F4F71EFC2D4B18602D4D2B78002BB5D04C
:10F30000284B1B78082B1DD10020FDF7C7F8294B8F
:10F3100001221A7000232B70A8E7F4F709FCD8F833
:10F320000030C01AB0F5FA7FE6D9234A1E490023FF
:10F3300013600A78337022F002020A701D4A3B7093
:10F340001370D9E7184A1378002023F002031370D2
:10F35000FDF7A4F8DEE7174B1B784BB90C4A1249AE
:10F3600013700A7822F002020A70084A13707DE7CF
:10F37000A5627BE710120020781100200000B44342
:10F3800074110020C1110020280B0020D41100208E
:10F39000D51100200C1300200000FA43D0110020EA
:10F3A000D611002076020020FE110020CC11002092
:10F3B0004C050020F2110020C4110020D8110020BB
:10F3C000C811002010B5FFF75DFB0D4C0023B1EE16
:10F3D000400A2046A36384ED000AFDF75DFC094B5B
:10F3E00094ED027AD3ED007ADFED076A37EE677AA3
:10F3F000E7EE267AC3ED007A044BC3ED0E7A10BD1A
:10F4000010120020DC120020ED49213B6812002080
:10F4100010B51A4C0246014400208A4200D110BDAA
:10F4200012F8013B434003F00F00C3F3031343EA18
:10F43000001303F0330003F0CC039B0843EA80037E
:10F4400003F0550003F0AA035B0843EA4003E35CC2
:10F4500003F00F00C3F3031343EA001303F0330078
:10F4600003F0CC039B0843EA800303F0550003F04C
:10F47000AA035B0843EA4000CFE700BF80480108C9
:10F48000384A38B500231360374A384D1360384A7C
:10F490001360384A00241460374A1360374A1360F7
:10F4A000374A1360374A1460374A1360374A14608A
:10F4B000374A1360374B384A1A60384B4FF07C524A
:10F4C0001A60374B374A1A60374B1C80374B1C8009
:10F4D000374B02229A61F8F77BFB364B40F2E3325E
:10F4E0001A6421462846F6F773FB04212846F6F7EE
:10F4F0006FFB08212846F6F76BFB1420F4F71EFB80
:10F500002A68D36843F00103D360FCF787FFF8F75C
:10F510007BFBFBF7DDFE4FF49670F4F70FFBF6F77D
:10F5200093FFF8F7A7FCFFF721FC234B1B78012B77
:10F5300007D1F7F701FCFBF7FDFFBDE83840F8F70E
:10F54000ADBC022B04D1F8F7EFF8F8F711FAF4E7A5
:10F55000032BF2D1F8F7E8F8F7F7EEFBF7F780FCAA
:10F56000F3E700BF08130020041300205C0700200D
:10F5700000130020FC120020F8120020F4120020DA
:10F58000F0120020EC120020E812002008120020E7
:10F59000CC120020D012002000007043C8120020BE
:10F5A000C41200200000FA43201300201E13002084
:10F5B00000040048002C01409C0100202DE9F04788
:10F5C0003A4EDFF8148100253560F4F7B1FAD8F827
:10F5D00000304BB1364A1368C31A092B04D9354998
:10F5E0000B6801330B601060D8F80030DBB1314B91
:10F5F0001B68322B17D9304C2046F5F7A7FC6368FF
:10F6000023F000736360236823F001032360236801
:10F6100023F008032360FBF75BFFFBF779FFF7F7A5
:10F620008BFBFBF787FF254C237823B1F7F766FFA9
:10F63000F8F79EF92570F8F733FC214BDA691207C9
:10F6400003D508221A62F7F759FF1E4C237863B1DD
:10F65000F4F76EFA1C4B1B68C01A312805D91B48F9
:10F6600000221021F5F79EF92570DFF87090F8F769
:10F6700023FCD9F800A0BAF1000F14D0144B1B786A
:10F680008BB1144F002439680020FDF767FC01346A
:10F6900057F8041B0120FDF761FCFDF7A3FCA24510
:10F6A000F1D1C9F80050F8F751FC8DE7740B002038
:10F6B000680B00206C0B002000540040A8070020BD
:10F6C00000480040BB110020BC110020000400488D
:10F6D000AC11002084110020700B0020801100204C
:10F6E00038B5054C4FF40075A561FCF785FFF8F7B8
:10F6F000A3FAA56238BD00BF0004004838B5984C95
:10F70000984D23682DED048B2B60FDF7ADFA07EEC5
:10F71000100AB8EEC77AF2EE046AC7EE267A924A69
:10F72000136895ED007A9FED918AC4ED007A77EE2B
:10F73000C77AF4EEC87AF1EE10FA40F3BF809FED7D
:10F740008C7AB3F1004F77EEC77A18BF03F1FF331D
:10F75000EFF3108172B6DFED878A94ED007A1360C3
:10F76000854B83ED007A27EE287A67EEA87AC7EEFC
:10F77000086A824B87EE887AC3ED006A804B83ED7E
:10F78000007A804BD3ED007A77EE877AC3ED007A6A
:10F7900001B962B6FDF75EFA7B4B9FED7C9A83ED73
:10F7A000000A7B4BD3ED007A30EE670A0024E0EECE
:10F7B000097AC3ED007AFBF703FD764ADFED766A3E
:10F7C0001368146007EE903A744A754992ED007A16
:10F7D0000B60F8EEE77A734B77EEC77A0421A7EE59
:10F7E000A67A0120DFED706A82ED007AC7EE267AF4
:10F7F0009FED6E7AC3ED007A27EE877A6C4B83ED2E
:10F80000007A9FED6C7A6C4B67EE877A67EEA87A88
:10F8100087EE887A83ED007AF8F766FA4FF4A573DD
:10F82000434307EE903A9FED657ADFED656A654BDD
:10F83000654AF8EEE77A107867EE877A87EEA67A5F
:10F8400083ED007A614BD3ED007A37EE677AE7EE0D
:10F85000097AC3ED007A002842D19FED5D7AF4EE7B
:10F86000C77AF1EE10FA12DD01251570594A5A4C8B
:10F8700013782B431370FCF711FE23783BB9574BD9
:10F880001B7823B1F4F754F9554B25701860554B8C
:10F89000554C1B78002B56D0FFF7ECF9002845D0CB
:10F8A0004C4A01232370137843F004031370BDEC1A
:10F8B000048B0020BDE83840FCF7F0BD9FED4B7A8B
:10F8C000F4EEC77AF1EE10FA7FF542AF9FED287A99
:10F8D0006FF000418B4277EE877A18BF013337E72C
:10F8E0009FED437A3B49F4EEC77AF1EE10FA0B78BC
:10F8F00014D823F001030B703E4B14701C70364C6F
:10F900002378002BC3D1354B1B78002BBFD0F4F7E5
:10F910000FF9334B186001232370B8E7012003432C
:10F92000107020460B70FCF7B9FDB0E723783BB1AF
:10F93000284A2070137823F0040313702D4B18709D
:10F94000BDEC048B38BD2278002AF9D02149237000
:10F950000A7822F004020A70264A1370F0E700BF0A
:10F960000813002004130020FC1200200000344380
:10F970000000B443DB0F494000130020F8120020C0
:10F98000F4120020F012002010130020C436243B93
:10F990000C1300203C0B0020B1A8123BE012002009
:10F9A000E4120020B011002000FC7F460010A448A3
:10F9B000D81200200018F649D4120020A38BCE40A4
:10F9C00000F07F4518130020F411002014130020CC
:10F9D0000000E144FE110020FC110020FD11002078
:10F9E000F8110020B4110020F3110020000034C3EE
:10F9F00000C0DA44C111002038B5864B1B686FF097
:10FA000001021A61844A1388012B0ED80133138036
:10FA1000824A1388082B0DD801331380804A13883B
:10FA2000092B0CD80133138038BD00231380FFF756
:10FA300057FEEDE700231380FFF760FEEEE7794CF9
:10FA4000002313802378013B072BEDD801A252F845
:10FA500023F000BF75FA0008C5FA0008ADFB0008E6
:10FA600003FC0008B7FA000829FA000819FB00088F
:10FA700067FB00086C4B1B78012BD5D16B4B1A78B8
:10FA8000BAB16B4BD3ED0E7A6A4B93ED007A67EE09
:10FA9000877A0322FDEEE77A17EE903A002BB8BF83
:10FAA0005B4265490B80654B1A70BDE83840FFF733
:10FAB00017BA1346F5E75C4B1B78012BB4D1FFF75F
:10FAC00081FCF2E7584B1B78012BADD1574B1A78CC
:10FAD00002B3FEF7D7FFF2EE047AB0EEC07AB4EECE
:10FAE000E77AF1EE10FA13DC554BD3ED007A20EEF5
:10FAF000270AB0EEC00AFCEEC07A17EE903A032255
:10FB000050490B80504B1A70BDE83840FFF70CBBD2
:10FB10000A23F4E71346F3E7F4F70AF84B4B1B68A4
:10FB2000C01AB0F5FA6F7FF67FAF494D2B78002BE6
:10FB30003FF47AAF474B1B788BB9474B1A7872B1B9
:10FB400046490B68013A9A4209D3013301200B6000
:10FB5000FCF7A4FC0123237002232B7064E73D4BC8
:10FB600001221A7060E7F3F7E3FF3D4B1B68C01AF0
:10FB7000B0F5FA6F7FF658AF3A4D2B78002B3FF473
:10FB800053AF344B1B78002BE9D1334B1A78002A42
:10FB9000E5D035490B68013A9A42E0D301330120A0
:10FBA0000B60FCF77BFC02232370D6E71E4B1A7810
:10FBB000012A7FF439AF2D4BDFED2D6A93ED007AEA
:10FBC0002C4BB8EEC77AC7EE267AF5EE407AF1EE06
:10FBD00010FAC3ED007A284B11D02849DFED286ACE
:10FBE00091ED007AF0EEE77A67EEA67AB0EEC77A8A
:10FBF000B4EEE77AF1EE10FA01D51A6014E70022AC
:10FC0000FBE7094B1B78012B3FF60EAFBDE83840F0
:10FC1000FEF7D6BD5C070020201300201E13002035
:10FC20001C13002076020020C11100207402002065
:10FC3000681200207C020020F0110020EE1100204C
:10FC400078020020D8110020D6110020E4110020F5
:10FC5000ED110020F211002080020020DC110020B4
:10FC6000CC110020D5110020C41100200412002066
:10FC70000000C84200120020280B00200C130020B6
:10FC80006666663F2DE9F74FCF18531C9BB2BFB293
:10FC900090F8928000933B4605460C46924600F051
:10FCA00085FC50B1B8FA88F94FEA591901264FF08E
:10FCB000000BA74204D185F8928003B0BDE8F08F15
:10FCC0000C9B1B781E4217D085F89280CDF800B0AF
:10FCD000012352462146284600F0C3FB760016F069
:10FCE000FF0608BF0C9B04F1010408BF0133A4B256
:10FCF00004BF0C930126DCE795F89130002BEDD181
:10FD000085F892900093E3E72DE9F347BDF828507A
:10FD10000B9F15449846ADB20B4400959BB28246AA
:10FD20008946144600F042FC28B108F10706C6F3E4
:10FD3000CC06A54202D102B0BDE8F087009722466A
:10FD40004346494650460134FFF79CFF3744A4B26E
:10FD5000EFE710B4BDF80440019410BCFFF7D4BF26
:10FD60002DE9F743BDF8285015441F46ADB2CB1816
:10FD700000959BB281460E46144600F017FC18B160
:10FD80004FF00008A54202D103B0BDE8F08322463F
:10FD9000CDF800803B4631464846013400F061FB17
:10FDA000A4B2EFE72DE9F341036890F8388090F8AA
:10FDB00039605F7C054600242B68686B1B7C13FB55
:10FDC00004F1C90010FA81F132190091D2B2002178
:10FDD000284600F020FF631CDBB2984504D90134AB
:10FDE0003319DBB29F42E7D802B0BDE8F081036867
:10FDF0001A7C90F83830406B5A43D200002102F050
:10FE000007BD10B50446FFF7CDFF2046BDE8104002
:10FE100000F029BF2DE9F8439DF82490BDF820702B
:10FE200019F0010F80460D4616461C460CD0591895
:10FE3000BA1A92B289B200F08CFB7A1BA11992B265
:10FE400089B2404600F085FB19F0020F0DD0BA1BB5
:10FE5000611B92B289B2404600F07BFB7A1BA11B6A
:10FE600092B289B2404600F074FB19F0080F0DD031
:10FE7000BA19611992B289B2404600F06AFBEA19D8
:10FE8000A11992B289B2404600F063FB19F0040F49
:10FE90000FD0BA19611B404692B289B200F059FBEB
:10FEA000EA19A11B404692B2BDE8F84389B200F0BE
:10FEB00050BBBDE8F8832DE9F74F17461C467D1C63
:10FEC000013325440B440E46121B091BADB20095AD
:10FED0009BB292B289B29DF83080814600F066FBF9
:10FEE00090B1CDE900783346224600214846FFF71D
:10FEF00091FFC4F10105C4EBC43A2DB24FEA4A0A9E
:10FF00004FF0000B5C4502D803B0BDE8F08F002D28
:10FF1000A8BF0AF1020A0BF1010BA8BF04F1FF34DC
:10FF20001FFA8BFBA4BF5544A4B205EB4B05CDE9EA
:10FF30000078013533462246594648462DB2FFF730
:10FF400069FFDFE706230370004870472213002093
:10FF500030B585B00D46009309491346094A044659
:10FF600000F0A6FE0DF10F00FFF7ECFF064B9DF829
:10FF70000F2000950146204600F06EFC05B030BD14
:10FF8000C50A0108770A0108A5060108405A40BAC7
:10FF900080B270470020704708B50A4609780170A2
:10FFA0005178417091788170D178C1701179017167
:10FFB0005179417191798171D179C171117A01724F
:10FFC000517A4172917A8172D17AC172117B017337
:10FFD000517B4173917B8173D17BC173117C01741F
:10FFE000034611211046FFF7D1FF13215882104616
:10FFF000FFF7CCFF152198821046FFF7C7FFD88284
:020000040801F1
:1000000008BD70B5027B056854182B78E4B2072C44
:1000100043FA02F309D96E1C06606D78C2F108023A
:10002000D2B205FA02F21343083C4FF0FF328A4085
:10003000047323EA0200C0B270BD38B50023044641
:1000400080F86C30016690F878106030FFF7D9FFC7
:1000500094F8791084F86A0004F16000FFF7D1FF8A
:1000600094F8923084F86E30B3FA83F35B0984F825
:100070006B0084F86F3038BD08B5FFF7C2FF013957
:10008000C9B201238B40C01A40B208BD012B05D074
:10009000022B05D033B9104480B270470844FBE707
:1000A000801AF9E7401AF7E7012B05D0022B05D09B
:1000B00033B9084480B27047801AFBE7401AF9E769
:1000C0001044F7E72DE9F04F87B090F8685090F8AA
:1000D0006980059204460E4694F86A90B4F866303A
:1000E0000493A9EB0507FFB24FFA88FBBE425A46BC
:1000F00069B294F87030B4F86400B24628BFBA46CA
:10010000FFF7D2FF03900498FFF7C0FF059902465E
:1001100099B194F86E1084F89210204600930399D8
:10012000534600F09EF9BE4235440DD3A5EB0905B8
:10013000EEB208F101080025CEE794F86D10002911
:10014000F1D194F86F10E6E784F8685084F869B04C
:1001500007B0BDE8F08F2DE9F3470446FFF76DFFC8
:1001600094F87A1094F96B7004F16000FFF784FF43
:1001700094F87B10824604F16000FFF77DFF94F84D
:100180007C10064604F16000FFF776FF94F96A5090
:10019000002D81464DDDBA19524252B294F87030AA
:1001A000B4F864005146FFF77FFFA4F864000646E8
:1001B000B4F86600FFF76AFF0246A4F86600032B56
:1001C0005AD8DFE803F0023A43503544C119ABB2C4
:1001D00089B200912046314600F0E8F948B3002387
:1001E000A4F8683094F8761004F16000FFF709FF76
:1001F00094F87710064604F16000FFF702FF054609
:10020000002231462046FFF75DFF294620460122A5
:10021000FFF758FF012104F16000FFF7F2FE00280C
:10022000EED194F96930BB42DCDB94F86E3084F88F
:100230009230484602B0BDE8F087C7F10100731C58
:10024000304451199BB289B286B2C2E7C5F10105AB
:10025000C7F10100731C511C354410449BB289B294
:1002600082B2AEB2B5E7C5F10105F3190544411CF0
:100270009BB289B2AAB2ACE701463346A9E7836DC7
:10028000FF2910B50A4603F1170312D8602909D9CE
:10029000B0F888100B44587818B11978914206D1FB
:1002A000981C10BD4029F6D9B0F88610F2E7034437
:1002B000F1E7B0F88A100B441C4600212046FFF7F6
:1002C00065FE022103442046FFF760FE824204F1EE
:1002D0000404F2D818880028E3D040BA80B29042D3
:1002E00001D1D81CDDE799780B44F3E780F86D1055
:1002F0007047F8B51F4690F8703004460E46154614
:10030000032B06D8DFE803F00214181CC36D9847CE
:100310000544A4F86460A4F8665039462046FFF707
:10032000AEFF20B101462046FFF715FF80B2F8BDB1
:10033000C36D9847361AECE7C36D98472D1AE8E766
:10034000C36D98470644E4E72DE9F04707460C469D
:1003500015465E1E00F0A9FA4FF0000A4FF6FF782E
:100360004FF6FE797B6816F8011F384698474045DE
:1003700003461BD04845F5D02A4621463846FFF7AC
:10038000B8FF97F87030032B05D8DFE803F00208B8
:100390000B0D0444A4B250441FFA80FAE2E705446E
:1003A000ADB2F8E7241AF5E72D1AF9E75046BDE893
:1003B000F087000010B4024C446010BCFFF7C4BFCB
:1003C0009B080108836D10B5CBB190F88D3090F982
:1003D000814090F9821080F88E4080F88F1073B1C0
:1003E000012B0DD190F98330A342B8BF234680F88A
:1003F0008E3090F98430994201DD80F88F3010BD45
:1004000090F9802090F97E3013449C42B8BF80F868
:100410008E309142C8BF80F88F20F0E7014BC36552
:10042000704700BF95FF0008826D8A4210B50446F0
:1004300008D081657430FFF7AFFD2046BDE810405D
:10044000FFF7C0BF10BD80F87010704730B4C58F83
:100450009DF808400294C46A521BA44692B230BC74
:10046000604770B490F88C509DF80C40002D5CD023
:10047000002B5AD0012B52D0022C29D10131C91A9C
:1004800089B2B0F84C4094424FD8B0F84E409442F4
:100490004BD90B449CB28C42B0F84860B0F84A503B
:1004A00041D28D423ED96C1EA4B2A6423DD2B14289
:1004B00038BF3146A54294BFC1EB0503C1EB04032D
:1004C0009BB20024056B0394AC68A44670BC6047E3
:1004D000032C24D10132D21A92B2B0F848408C4297
:1004E00023D8B0F84A408C421FD913449CB294429E
:1004F000B0F84C60B0F84E501AD2954217D96C1E25
:10050000A4B2A64211D2B24238BF3246A54294BF2D
:10051000C2EB0503C2EB04039BB20124D2E7E4075C
:10052000DBD4AEE731468D42BFD870BC704732464F
:100530009542E6D8F9E713B500240094FFF791FF40
:1005400002B010BD13B501240094FFF78AFF02B07A
:1005500010BD73B5B0F84C60964210D8B0F84E603C
:1005600096420CD9B0F848508D4208D8B0F84A30BD
:100570008B4204D9002300930123FFF772FF02B0DE
:1005800070BD032928BF012180F8921070478A426C
:1005900006D2834208D89A4294BF002001207047B7
:1005A0008342F8D8002070470120704770B5044698
:1005B0000D461E46B0F84E10BDF81030B0F84C0095
:1005C000FFF7E5FF48B1B4F84A10B4F848003346E5
:1005D0002A46BDE87040FFF7DABF70BD2DE9F74F3E
:1005E000BDF8306099428CBFA1EB0309A3EB010970
:1005F000B24283460D461C461FFA89F912D9A2EB76
:1006000006081FFA88F8C14519D34346A542C846D3
:10061000994605D8334616461A4623462C461D46AB
:10062000002712E0A6EB02081FFA88F8C145ECD2B9
:1006300033461D4623460E4614461A4604E023461A
:10064000154634460A461E46012796422CBF4FF0F7
:10065000FF3301234FF6FE72954228BF15464FEA3D
:10066000580A0193ADB2A54202D203B0BDE8F08FA3
:10067000AFB9324621465846FFF76BFFAAEB090295
:100680000FFA82FABAF1000FB8BF019B04F101041E
:10069000BEBFF618B6B202EB080AA4B2E3E72246E0
:1006A0003146E8E7F0B590F892509DF8146002F0FA
:1006B00007070124012D04FA07F417D8254600D1B5
:1006C000002422F0070E0268127C12FB0EF211FACF
:1006D00082F1426B11445EB90A78013B2A436240C1
:1006E0009BB201F8012B002BF6D1F0BD0025E8E705
:1006F0000A7801372A436240013B17F007070A7066
:100700009BB20AD1428F114490F89220012A07D857
:1007100008D11546002BEBD1E7E76D006400F9E73F
:100720000124F7E701242546F4E770B590F8381066
:100730000468CB008387237CDB00438790F8393043
:10074000DA00C287657CA0F84020CE18EB1A9BB275
:10075000AE42C8BF1946A38AA0F8443002EBC102DA
:10076000E38AA0F84220A0F8463070BD30B4B0F85B
:1007700046409DF80850A21AB0F84440611A92B25F
:1007800089B23DB9013AC91A92B289B2029530BC18
:10079000FFF75CBE012D01BF01F1FF31D21A89B212
:1007A00092B2F3E713B5B0F856300093B0F8523078
:1007B000B0F85420B0F850100446FFF7F7FE18B90F
:1007C00084F88C0002B010BD0123B4F8482084F8EE
:1007D0008C30B4F850309A4238BFA4F84830B4F89E
:1007E0004A20B4F852309A4288BFA4F84A30B4F88C
:1007F0004C20B4F854309A4238BFA4F84C30B4F8C6
:100800004E20B4F856309A4288BFA4F84E30D9E74B
:100810000023B0F84420A0F84C30A0F84830A0F8ED
:100820004A20B0F84630B0F84220934224BF9A1ACA
:10083000A0F84C20B0F840209B1AA0F84E30FFF7EB
:10084000B1BFFFF772BF0000024BC0E91433036B66
:100850005B6818470000FFFF70B5049EC362002567
:1008600040F2011380F8382080F8395080F86D503C
:1008700080F88D5080F89150A0F892300446416382
:1008800033688565066398472046FFF7DDFF2046FD
:10089000FFF7C4FD84F8705070BD4FF6FF7019B1BA
:1008A0000A2918BF084670477047002380F8263091
:1008B000704710B404690A46A446002310BC2021E6
:1008C000604710B404691346A4460A4610BC1721B9
:1008D000604707B58DF807100DF107020121FFF7FA
:1008E000F0FF03B000BD14392DE9F04704461D4662
:1008F00000680C2964D8DFE801F03C6363074C59B9
:100900006363636363634A0090F80C8008F0010836
:1009100088F0010905EB020A554502D10120BDE826
:10092000F08715F8017B08263B064CBF0122002208
:100930004121204600F09FF94A464021204600F020
:100940009AF923682C219A79204600F094F94246BE
:100950004021204600F08FF923682C21DA792046C7
:10096000013E00F088F97F0016F0FF06FFB2DBD1F0
:10097000D2E742784921204600F07DF923681A7BAE
:10098000402102F00102204600F075F9C6E74A2135
:10099000F9E702784921204600F06DF9226865697F
:1009A000927800232C212046A847B7E7C2786569D2
:1009B00000232C212046A847236849215A78E2E7E2
:1009C0000020ACE710B4C4680A46A446002310BC5B
:1009D0001521604710B4C4680A46A446002310BC21
:1009E0001621604710B4C4681346A4460A4610BCDA
:1009F0001721604710B4C4680023A4461A4610BCEF
:100A00001821604710B4C4680023A4461A4610BCDD
:100A10001921604773B505460C462178192906D877
:100A2000172921D816D014290BD802B070BDFE2981
:100A3000FBD162788DF807202921284600F01BF9A8
:100A400006E06278EE688DF8072000232846B0475C
:100A50000234E2E763788DF807300DF107020121D7
:100A60002846FFF7BFFFF3E70023EE681A46284643
:100A70000134B047D1E72DE9F0411646A1F1140247
:100A800004460D469846052A1AD8DFE802F01003FE
:100A9000030D10100021FFF70CFF31462046FFF731
:100AA00018FF0120BDE8F0810121FFF702FF27694F
:100AB0004346324629462046BC46BDE8F0416047E1
:100AC0000020EFE70929F8B5044615461E4604D173
:100AD000304900F06BF80120F8BD0A2906D100F07A
:100AE0006AF82D492046FFF795FFF4E70B390429F2
:100AF0004DD8DFE801F0034C081725000AB9274953
:100B0000F0E72749EEE73AB92649FFF783FF236864
:100B10009B7C84F82230DEE72349FFF77BFF2368C4
:100B2000DB7CF6E7FFF766FF81212046FFF74AFFEF
:100B300029462046FFF74EFF2046FFF763FFCAE72E
:100B4000FFF758FF737994F8221001EBC301CFB27D
:100B5000C1F3031141F010012046FFF733FF07F006
:100B60000F012046FFF72EFFB179204641F0B0017A
:100B7000FFF728FF31793268C90001F0F8012046FB
:100B8000013DFFF72FFF15F0FF05F3D1D4E700205B
:100B9000A2E700BF18BD010848BD010843BD010818
:100BA0003EBD010837BD010830BD010801608B7CE6
:100BB00080F82230704738B5002304461A4645694C
:100BC0002821A84700231A46E56814212046A84793
:100BD000204601224B2100F04EF8236820461A7966
:100BE000292100F048F8204600224B2100F043F86C
:100BF000236820461A79292100F03DF82046012279
:100C00004B2100F038F8236820465A792921BDE8A5
:100C1000384000F030B813B58DF80430049B8DF8DF
:100C200005108DF80620009384686B4601220F2181
:100C3000A04702B010BD10B484680023A4461A4631
:100C400010BC0921604710B484680023A4461A46EA
:100C500010BC0A21604710B484680A46A4460023E9
:100C600010BC0B21604710B484680023A4461A46C8
:100C700010BC1021604710B444690023A44610BC86
:100C800060470020704700000023084A036080F896
:100C9000233080F826308361FF23C0E90222C0E9B7
:100CA000042280F8243080F828307047830C010833
:100CB00070B5049C16461D46FFF7E6FFC0E9021614
:100CC000C0E90454BDE87040FFF7B5BF00B52DED95
:100CD000028BB0EE408A83B000F02CF9B4EE488A63
:100CE000F1EE10FA06D6DFED0C7AB4EEE78AF1EEFB
:100CF00010FA03D403B0BDEC028B00BDCDED017A38
:100D000001F0E8FDDDED017A87EEA70A21230360FB
:100D100003B0BDEC028B00BD0000000010EE103AE5
:100D2000184A23F00043934219D9B3F1FF4F02D37D
:100D300030EE400A704700B583B0684600F0C8F94D
:100D400000F0030001289DED000ADDED010A0FD03F
:100D5000022808D088B900F0F1F803B000BDDFED3B
:100D60000A0A00F0EBB800F0E9F8B1EE400AF4E747
:100D700000F066F9B1EE400AEFE7012000F060F9FB
:100D8000EBE700BFD80F493F0000000010EE103A1B
:100D9000194A23F0004393421AD9B3F1FF4F02D30B
:100DA00030EE400A704700B583B0684600F090F915
:100DB00000F0030001289DED000ADDED010A12D0CC
:100DC00002280AD090B9012000F03AF903B000BD22
:100DD000DFED0A0A002000F033B9012000F030F9FD
:100DE000B1EE400AF2E700F0A9F8EFE700F0A6F84C
:100DF000B1EE400AEAE700BFD80F493F000000000B
:100E000008B52DED028BF0EE408AB0EE608A00F05E
:100E100047F820B9B0EE480ABDEC028B08BDB0EE31
:100E2000480A00F03DF858B1F4EEC88AF1EE10FA25
:100E3000C8BFB0EE688AB0EE480ABDEC028B08BDB0
:100E4000B0EE688AB0EE480ABDEC028B08BD00BF68
:100E500008B52DED028BF0EE408AB0EE608A00F00E
:100E60001FF820B9B0EE480ABDEC028B08BDB0EE09
:100E7000480A00F015F858B1B4EEE88AF1EE10FA1D
:100E8000C8BFB0EE688AB0EE480ABDEC028B08BD60
:100E9000B0EE688AB0EE480ABDEC028B08BD00BF18
:100EA00010EE103A33F000400ED0A0F50003B3F17D
:100EB000FE4F0DD3074B421E9A4207D9A0F1FF40C7
:100EC000B0FA80F040097047022070470320704755
:100ED00004207047FEFF7F0010EE103AC3F3C752A4
:100EE000002BA2F17F01ACBF01204FF0FF301E2983
:100EF0000DDC00291ADBC3F31603162943F40003A3
:100F00000ADD963A03FA02F202FB00F07047FDEEAA
:100F1000C07A17EE900A70474FF480020A411A44D3
:100F2000C1F11701CA4002FB00F07047013118BF40
:100F300000207047B1EEC00A704700BF10EE103AB3
:100F400023F00043B3F1485F2CD2FDEEC07A17EED8
:100F5000903A002B60D060EE007A9FED317A9FEDE1
:100F6000315ADFED315A9FED316ADFED316AA7EE7C
:100F7000875A9FED307AE7EE855AA7EEA56AA7EE6D
:100F8000867AE7EE876A66EEA76A60EEC00AB6EE7A
:100F9000007AE7EEA60AB7EE000AD7EE870A30EE2F
:100FA000600A704760EE007A9FED1D7A9FED1D5A32
:100FB000DFED1D5A9FED1D6ADFED1D6A1E4AA7EE8B
:100FC000875A93429FED1B7AE5EE275AA5EEA76A52
:100FD000A6EE277AE7EE276A66EEA76AD5D9174A02
:100FE000934214D803F17F4307EE103AB7EE006A3C
:100FF00036EE476A60EEC00AF6EE005A97EEA57A22
:10100000E7EEA60A37EE607A36EE470A7047B6EE8C
:10101000076AB5EE027AEDE7B7EE000A704700BF47
:101020004ED747ADF6740F317CF293B4010DD03733
:10103000ABAA2A3D610BB6BA9999993E0000483F88
:1010400010EE103A23F00043B3F1485F04D2FDEEF6
:10105000C07A17EE903A5BB360EE007A9FED157A96
:10106000DFED155A9FED156ADFED156AE7EE875A39
:101070009FED147AA5EEA76A20EE275AE6EE276ABE
:10108000A6EEA77A30B9DFED106AE7EE876AA6EE22
:10109000850A704727EE457AF6EE006AA0EEA67A3A
:1010A000DFED0A6AD7EE270AE5EE260A30EE600A7F
:1010B000704700BFD3C92E2F342FD7B21BEF38365D
:1010C000010D50B98988083CABAA2ABEABAA2A3EBA
:1010D00010B510EE104A8B4A24F00043934288B0BA
:1010E00070D9894A934222D824F00043002C9FED06
:1010F000877A874A23F00F0340F3EB80934270EE28
:10110000477A09BF9FED837ADFED836ADFED836A5B
:1011100077EEC77A37EEE67A77EEC77A80ED007A17
:1011200077EEE67AC0ED017A012008B010BD7C4A66
:101130009342014654D9B3F1FF4F4AD2DA15863AA9
:10114000A3EBC25307EE903ABDEEE77ADFED756A86
:10115000B8EEC77A77EEC77A8DED057A67EEA67A94
:10116000BDEEE77AB8EEC77A77EEC77A8DED067AEC
:1011700067EEA67AF5EE407AF1EE10FACDED077A39
:1011800040F09280B5EE407AF1EE10FA40F08E8099
:101190000123654801900220009005A8029100F00B
:1011A000D5F8002C0299C0DA91ED007AD1ED017AE0
:1011B000B1EE477AF1EE677A81ED007AC1ED017AFE
:1011C0004042B2E7002380ED000A4360002008B0EF
:1011D00010BD70EE407AC0ED017AC0ED007AF5E7FF
:1011E000CDE9023000F0AAF89FED507A9FED476AF2
:1011F000F6EE007AE0EE077ADDE90231FDEEE77AFD
:101200009FED457AF8EEE76A17EE900AA6EEC60A59
:101210001F2866EE877A30EE677A20DCDFF818C187
:1012200000F1FF3E24F000425CF82EC022F0FF02E5
:10123000624514D081ED007A30EE470A002C30EE82
:10124000670A81ED010ABFF670AFB1EE477AB1EEE1
:10125000400A81ED007A81ED010A404265E717EE10
:10126000102AC2F3C752C2EBD352082AE2DD9FED27
:10127000297ADFED2A5AB0EE406AA6EEC76A70EE10
:10128000467AE6EEC77AD6EEA57A36EE677A17EE9C
:10129000102AC2F3C752C2EBE353192B08DCB0EE9D
:1012A000460A81ED007AC7E7032372E7022370E75D
:1012B0009FED1F7ADFED1F5AB0EE460AA6EEC70A71
:1012C00076EE407AE6EEC77AD6EEA57A30EE677A09
:1012D000B0E7934270EE077A09BF9FED0E7ADFED1B
:1012E0000E6ADFED0E6A77EE877A37EEA67A77EE32
:1012F000C77A80ED007A77EEA67AC0ED017A4FF0DA
:10130000FF3012E7D80F493FE3CB1640800FC93FAB
:10131000D00FC93F004435374344353708A3852EE5
:10132000800F49430000804300BE010884F9223F3A
:1013300000A3852E32318D2480BD010810EE103AB5
:1013400023F0004300EE103A704700BF2DE9F04F44
:101350002DED048BDBB01C46039381461346689841
:10136000CB4A04F1FF381C1D52F82050C0F26682AF
:10137000DA1E48BF1A1DD21004920132D200069222
:10138000069A15EB0806A3EB02021BD404989FED06
:10139000C47A699F0136A0EB080006441EAC9C4647
:1013A0000028A4BF57F8203007EE903A00F1010062
:1013B000ACBFF8EEE77AF0EE477AB042E4EC017A9F
:1013C000EED16346002DC0F2EC800398B8F1000F17
:1013D0000DF58C7C464605EB000EB8BF0024C0F22C
:1013E000D38003981EAF07EB8007840009EB8000D1
:1013F000DFEDAB7ABB46CA46FAEC016A3BED017AF7
:101400008245E6EE877AF7D101367645ECEC017A33
:1014100007F10407ECD109A8CDE9071300EB85001B
:101420000DF1280A9FED9B9ADFED9B8A05904C44B5
:101430000AEB8507AB4646AE019510460DEB8B03D4
:10144000BBF1000F93ED460A4FEA8B0515DD7319CA
:10145000524660EE097AB0EE407AFDEEE77A73ED1F
:10146000016AF8EEE77AB342A7EEE87A37EEA60A09
:10147000BDEEC77AA2EC017AEBD1029000F0B2FA8D
:10148000B0EE408AB4EE000A28EE000A00F018FB25
:10149000F2EE007AA0EE678A02980028FDEEC89A64
:1014A000F8EEE97A38EE678A7EDD0BF1FF31C0F1A4
:1014B00008035AF821E04EFA03FC0CFA03F3AEEBF2
:1014C000030EC0F1070219EE903A4EFA02F263449D
:1014D000002A09EE903A4AF821E000F3FA80B5EECE
:1014E000408AF1EE10FA70D1019B9B450CDD0AEBAE
:1014F00005030021944653F8042DBB4241EA020142
:10150000F9D1002940F04681019B013B0BF1010E0E
:101510005AF82330002B40F03B81059B012153F802
:10152000042D0131002AFAD05944049B03EB0B022D
:10153000039B5B440293699B03EB820B029B0DF1BF
:10154000780C0CEB830C47AB1D44DBED017AF8EE15
:10155000E77AB8F1000F0BF1040BECEC017ADFED48
:10156000507A09DB62464B46F3EC016A32ED017AB0
:10157000A342E6EE877AF7D10EF1010E8E45E5EC37
:10158000017AE2DD8B4659E7701C7045CCF80040CB
:1015900006F1020605D0B645CCF804400CF1080C63
:1015A000F2D10398840036E700F0D980F6EE007A95
:1015B000B4EEE78AF1EE10FA80F22E81B5EE408AA1
:1015C000F1EE10FA4FF000028ED0CDE90220089B18
:1015D000069A0799019D0191D01AB0EE480A00F0D1
:1015E00001FA9FED2D7A0199039AB4EEC70AF1EE44
:1015F00010FAC0F29781DFED277A60EE277A0BF1BF
:101600000104FDEEE77A0832F8EEE77AA7EEC70AA2
:10161000FDEEE77ABDEEC00A10EE103A4AF82B3024
:1016200017EE903A4AF824301046B7EE000A0191BE
:1016300000F0D8F9002C0199B0EE407AC0F29D81FB
:101640000AF1040347A8DFED136A03EB840300EB00
:101650008400A2000DF58C7C73ED017AF8EEE77A38
:10166000534567EE877A27EE267A60ED017AF3D14B
:10167000002D0DF1C80EC0F2998194442746F04622
:1016800000269146054ADFED067A6046002311E008
:1016900044C101080000803B0000804318C10108DC
:1016A00000000000F2EC016AB0EC017A9D42E6EE27
:1016B000877A03DB9E4203F10103F3DA013F7B1CCF
:1016C000C8ED007A7ED008F104080136ACF1040CB4
:1016D000D8E70133BBF1000F09EE903A40F34381A4
:1016E00051464FF0000E51F8043B3BBB0EF1010E8A
:1016F000F345F8DC9E4600280CDD012800F08380CD
:10170000022807D10BF1FF315AF8213003F03F0CCA
:101710004AF821C0022A7FF4E2AEB7EE000A30EEAA
:10172000488ABEF1000F3FF4DAAE0992029000F051
:1017300059F90298099A38EE408AD0E6C3F58073C9
:1017400041F8043C04E00B68C3F1FF0341F8043B9B
:101750000EF1010EF345F6DC4FF0010ECBE70BF175
:10176000FF335AF82320D211002A7FF7B8AE19EEC2
:10177000903ABBF1000F03F1010309EE903AAFDCA0
:10178000022A7FF4ACAEF7EE007A37EEC88AA6E6FE
:101790007146CAE60BF1FF34A0F108025AF8243072
:1017A0000799CDF808C02846019D002B7FF43CAF77
:1017B000034609A8034453F8040D013C083A0028E5
:1017C000F9D031E74A46689B022B62DC002B3ADCF9
:1017D00010D10EF104035FED4E7A134433ED017A1C
:1017E0009E4577EE877AF9D1029B002B40F0AB80C3
:1017F000C1ED007A19EE903A03F007005BB0BDEC42
:10180000048BBDE8F08F0BF1FF315AF8213003F063
:101810007F0C4AF821C07DE719EE903ABBF1000F2A
:1018200003F1010309EE903AC8BF02223FF758AF17
:10183000F7EE007A37EEC88A022250E608220692B6
:10184000002204929CE50EF10403DDED327A1FEDD7
:101850006C7A1A4452ED016A1346043A964537EE03
:10186000267AF7D1029A002A64D177EEC77A81ED01
:10187000007A5CB10122B3EC017A0132944277EE36
:10188000877AF8DA029B0BB1F1EE677AC1ED017A43
:10189000B0E7689B032BADD1002C00F084800EEBE9
:1018A000020696ED007A3046354655ED017AF0EEA7
:1018B000476A37EE277A2B4677EEC77A043D77EEF4
:1018C000A67AAE45C3ED007A03ED017AEDD1012C85
:1018D00069D096ED007A70ED017AF0EE476A37EE46
:1018E000277A834277EEC77A80ED007A77EEA67A80
:1018F000C0ED017AEFD15FED967A1A44043332EDF0
:10190000017A934277EE877AF9D1029BDDED326A54
:101910009DED337AD3B9C1ED006A81ED017AC1ED55
:10192000027A67E7BDEEC00A5C4610EE103A4AF84C
:101930002B3079E6F1EE476A77EEC77AC1ED006A9F
:10194000002C97D1A0E7F1EE677A51E7F1EE666AD5
:10195000B1EE477AF1EE677AC1ED006A81ED017A66
:10196000C1ED027A46E7012811D002287FF408AFC2
:101970000EF03F034AF8213002E7689B022B0EDC91
:10198000002B21DC7FF436AF5FEDBB7A2CE70EF045
:101990007F03022A4AF821307FF4A1ADF3E6689B69
:1019A000032B7FF427AFDFED0E7AAEE7002520464C
:1019B00073461D6000283FF406AF0238461C5D6088
:1019C00003F10803F5D1FEE6029BDDED327A1BB18F
:1019D0004FF000430B6057E700230B6056E700BF52
:1019E0000000000010EE103A33F000411A4625D0F6
:1019F000B1F1FF4F1FD213F0FF4F20D1DFED297A55
:101A0000294A60EE277A904217EE903A31DB4CF289
:101A1000503CC3F3C75160451A46A1F1190114DDCA
:101A2000002BDFED227A9FED210AB8BFDFED207A8F
:101A300027EE800A704730EE000A704770474CF27C
:101A4000503C60454FEAD151EADC0844FE28E7DC0F
:101A5000002815DC10F1160F19DB193022F0FF42B7
:101A600042EAC05207EE902A9FED120A27EE800A42
:101A70007047DFED117A07EE103A27EE270A70471C
:101A800022F0FF4242EAC05300EE103A7047002BAA
:101A9000DFED097A9FED080AB8BFDFED087A27EE7F
:101AA000800A70470000004CB03CFFFFCAF2497149
:101AB000CAF249F1000000336042A20D6042A28DDB
:101AC00010EE101AC1F3C7527F3A162A21F00043D4
:101AD0001BDC002A1FDB1B481041014224D0DFED34
:101AE0001A7A70EE277AF5EEC07AF1EE10FA1BDD65
:101AF0004FF4000313410B4413EA210338BF0B4694
:101B000023EA000300EE103A7047B3F1FF4F0BD306
:101B100030EE000A7047DFED0C7A70EE277AF5EEB2
:101B2000C07AF1EE10FA00DC7047002902DB9FED6D
:101B3000070A704713B99FED060A7047BFEE000A07
:101B4000F2E700BFFFFF7F00CAF24971000000000A
:101B500000000080024B0A460146186800F002B8F7
:101B60007003002070B5A1FB026535B9314600F065
:101B70002FF8044628B9204670BD0C2303600024CA
:101B8000F9E73246294600F043FEF4E770B50F4C02
:101B90000E462168054611B900F07AFE20603146F4
:101BA000284600F075FE431C03D14FF0FF34204659
:101BB00070BDC41C24F00304A042F8D0211A2846AA
:101BC00000F066FE0130F2D1EFE700BFA414002060
:101BD0002DE9F843CD1C25F0030508350C2D38BF41
:101BE0000C25002D064601DBA94204D90C233360E5
:101BF0000020BDE8F883334F00F066F83B681C46D0
:101C00003CBB29463046FFF7C1FF431C044656D172
:101C10003C68A046B8F1000F40D1002C49D02368A1
:101C20004146304604EB030900F032FE814540D1C5
:101C300021686D1A29463046FFF7A8FF013038D0D9
:101C400023682B4423603B685A685ABBC7F800805E
:101C50000EE02268521B1ED40B2A16D96119A3422A
:101C6000256018BF5960636808BF396062514B60D6
:101C7000304600F02FF804F10B00231D20F0070080
:101C8000C21A1CBF1B1AA350B3E76268A3420CBF61
:101C90003A605A60ECE723466468B1E74446D8F8F6
:101CA0000480B7E71A465B68A342FBD10023536068
:101CB000DEE70C233360304600F00CF898E705604F
:101CC000D6E700BFA8140020014800F02EBE00BFD8
:101CD000EC150020014800F029BE00BFEC150020E3
:101CE0002DE9FF4757EC106B002F0C469146DDF8AD
:101CF00030A019464FF0000203DA07F100431F46F7
:101D00002D220D9D0A7025F02005462D04D0452D6D
:101D100000D10134022100E0032103AB019302ABA7
:101D2000009347EC106B5346224600F0A1FE472D6E
:101D300080461AD119F0010F0ED000EB04090022E1
:101D4000002330463946F0F7D9FF08B1CDF80C90A2
:101D50003022039B4B451ED3039B0E9AA3EB080333
:101D60004046136004B0BDE8F087462D00EB04093F
:101D7000E5D10378302B0AD10022002330463946C2
:101D8000F0F7BCFF18B9C4F10104CAF80040DAF852
:101D900000309944D3E7591C03911A70D9E7F7B57D
:101DA0000029BABF49422D232B2309290270437011
:101DB0002ADD0DF10704871CA6460A26A446B1FBBE
:101DC000F6F506FB15123032632904F1FF340CF8E6
:101DD000012C2946F2DC3031ACF1020204F8011C7E
:101DE000411C144672450AD30DF10903A3EB0C0301
:101DF000A64538BF00233B44181A03B0F0BD12F8C3
:101E0000013B01F8013FEDE7302330318370C170B1
:101E1000031DF1E72DE9F04F8FB00C46DDF860802F
:101E200016461F46054600F0FBFC0368079318465C
:101E3000F0F706FF00230C93D8F8003094F818A0B0
:101E4000D4F800B00890073323F00703B3EC027B0B
:101E50008DED047BC8F80030DDE9048323F00049F0
:101E600084ED127B9A4B4FF0FF3240464946F0F723
:101E700077FF70BB964B4FF0FF3240464946F0F774
:101E800051FF30BBDDE9040100220023F0F740FFE1
:101E900010B12D2384F843308E4A8F4BBAF1470F8F
:101EA0008CBF90469846032323612BF004032360E4
:101EB0004FF00009009733460DAA2146284600F04E
:101EC000CDF9013040F08C804FF0FF300FB0BDE80D
:101ED000F08FDDE9042310461946F0F741FF40B1C9
:101EE000059B7E4A002BBCBF2D2384F843307C4BDE
:101EF000D4E763685A1C0AF0DF093BD1062363600C
:101F00004BF480620023226003930CABCDE901A364
:101F10000BAB009361689DED040B0DF12B0328467C
:101F2000FFF7DEFEB9F1470F0B99804629D1C81C97
:101F300002DB63688B4241DAAAF1020A5FFA8AFA8D
:101F40000139524604F150000B91FFF728FF0C9A1B
:101F50001318012A8146236102DC2268D20701D5C9
:101F6000013323619DF82B30002BA3D02D2384F85F
:101F700043309FE7B9F1470FC2D1002BC0D10123F5
:101F8000BDE7BAF1650FDBD9BAF1660F18D10029A8
:101F900063680BDD216113B92268D00702D50133D4
:101FA0000B442361A1654FF00009DBE713B92268F8
:101FB000D20701D50233F4E70123F2E74FF0670AB5
:101FC0000C9B8B4205DC23682161D807EAD54B1CAA
:101FD000E7E70029D4BFC1F1020201221344E0E780
:101FE00023685A0507D42369424631462846B84734
:101FF000013028D168E7BAF1650F40F2DB80D4E9FF
:10200000120100220023F0F779FE90B3354A012334
:1020100031462846B84701303FF456AFDDE90B386A
:10202000434502DB2368D8070DD5DDE90723314698
:102030002846B84701303FF447AF4FF0000908F198
:10204000FF38C84509DC23689B0700F10481E0687C
:102050000D9B9842B8BF184638E7012304F11A02D5
:1020600031462846B84701303FF42EAF09F1010947
:10207000E7E70B9B834237DC1A4A012331462846A7
:10208000B84701303FF420AFDDE90B3959EA0303CB
:1020900002D12368D907D6D5DDE907233146284682
:1020A000B84701303FF410AF4FF0000A0B9B5B4282
:1020B000534501DC4B4697E7012304F11A023146F0
:1020C0002846B84701303FF4FFAE0AF1010AEDE7B8
:1020D000FFFFEF7F2E4D01082A4D0108364D010804
:1020E000324D0108954C0108A36DDDF830B05B4519
:1020F000A8BF5B46002B049337DC4FF0000904F1C6
:102100001A02049BD4F858A0002BACBFAAEB03031F
:1021100053464B4531DC0B9B9B453ADC2368DA0781
:1021200037D40B9BABEB0309ABEB0A039945A8BF74
:102130009946B9F1000F34DC4FF000080B9BB9F160
:10214000000FABEB0303A8BFA3EB090343457FF7E5
:102150007AAF012304F11A0231462846B84701300C
:102160003FF4B2AE08F10108E8E7049B424631466D
:102170002846B8470130C0D1A6E60123314628469B
:102180000992B84701303FF49FAE099A09F101095D
:10219000B7E7DDE9072331462846B8470130C0D10B
:1021A00092E64B4608EB0A0231462846B847013012
:1021B000C2D189E6DDF830A0BAF1010F01DCDB07FE
:1021C00035D50123424631462846B84701303FF411
:1021D0007BAEDDE9072331462846B84701303FF49E
:1021E00073AED4E91201002200230AF1FF3AF0F79E
:1021F00085FDC8B9534608F1010231462846B84763
:1022000001300DD160E6012304F11A02314628465F
:10221000B84701303FF458AE08F10108D045F2DB71
:102220004B4604F15002E0E64FF00008F6E70123C8
:102230004246E2E7012304F1190231462846B84735
:1022400001303FF441AE08F10108E3680D995B1AD3
:102250004345EFDCFBE64FF00008F6E72DE9F047D9
:10226000914698468A680B69089E9342B8BF134608
:10227000C9F8003091F8432007460C4612B10133EB
:10228000C9F800302368990642BFD9F800300233FC
:10229000C9F80030256815F0060507D104F1190AC0
:1022A000E368D9F800209B1AAB4229DC94F843304C
:1022B0002268003B18BF012392062ED404F143028A
:1022C00041463846B047013021D02368A1682269D1
:1022D00003F00603042B01BFE568D9F80030ED1ABE
:1022E00025EAE57518BF00258B1A2B449142C8BF1B
:1022F0001D464FF000091A344D451AD1002008E060
:102300000123524641463846B047013003D14FF0D1
:10231000FF30BDE8F0870135C2E7E1185A1C3020D4
:1023200081F84300224494F8451082F843100233A8
:10233000C4E70123224641463846B0470130E6D083
:1023400009F10109D8E700002DE9F04398460B7E1A
:1023500085B0782B174606460C9A0C4609D8622B96
:1023600001F1430108D8002B00F0DC80582B00F06D
:10237000BD8004F1420539E0A3F163001528F8D8C7
:1023800001A555F820F000BFE1230108F52301085D
:1023900073230108732301087323010873230108C1
:1023A000F52301087323010873230108732301082F
:1023B000732301080525010821240108B32401081D
:1023C00073230108732301082D25010873230108D5
:1023D000212401087323010873230108BB24010889
:1023E0001368191D1B68116004F1420584F842301E
:1023F0000123A8E013682568181D1060280601D580
:102400001B6803E06A06FBD5B3F90030002B03DA42
:102410002D225B4284F84320DFF878C10A2213E0C2
:102420002568106815F0800F50F8043B02D16D0646
:1024300048BF9BB21060227EDFF858C16F2A5DD181
:102440000822002084F843006568A560002D05DBA4
:1024500020681D4320F00400206051D00D46B3FBDE
:10246000F2F002FB103E9A421CF80EE005F801ED76
:102470000346F4D9082A0BD12368DA0708D5236963
:1024800062689A42DEBF302305F8013C05F1FF3552
:10249000491B2161CDF800803B4603AA2146304606
:1024A000FFF7DCFE013053D14FF0FF3005B0BDE83F
:1024B000F083236843F020032360DFF8DCC0782337
:1024C00084F845302068156810F0800F55F8043BFB
:1024D00003D110F0400F18BF9BB21560C50744BF71
:1024E00040F02000206023B11022AAE7DFF8A4C04A
:1024F000E6E7226822F020022260F5E70A22A0E740
:102500000D46B7E71368D4F800C060691D1D15605B
:102510001CF0800F1B6801D0186003E01CF0400F16
:10252000FAD01880002323610D46B3E71368191D04
:1025300011601D68626800212846F0F731FB08B180
:10254000401B606063682361002384F84330A1E787
:1025500023692A4639463046C0470130A4D0236853
:102560009B0714D4E068039B9842B8BF18469DE7C8
:10257000012304F1190239463046C047013093D097
:102580000135E36803995B1AAB42F1DCEAE7002509
:10259000F7E700BF3A4D01084B4D0108002310B585
:1025A0000446C0E90033C0E9043383608181436697
:1025B000C2818361194608225C3000F029F90D4B75
:1025C00063620D4BA3620D4BE3620D4B23630D4B16
:1025D00024629C4206D003F16802944202D0D033B8
:1025E0009C4205D104F15800BDE8104000F09CB9B0
:1025F00010BD00BF89270108AB270108E3270108A8
:1026000009280108AC140020024A0349034800F0DD
:102610006BB800BF64030020A541010874030020CB
:1026200041680C4B994210B5044601D001F0BAFD47
:10263000A168094B994202D0204601F0B3FDE16840
:10264000064B994204D02046BDE8104001F0AABDD7
:1026500010BD00BFAC140020141500207C15002014
:1026600010B50A4B0A4A1A600A4800220421FFF7F3
:1026700095FF094801220921FFF790FFBDE81040AE
:10268000064802221221FFF789BF00BFE41500208F
:1026900009260108AC140020141500207C15002028
:1026A000014800F042B900BFED150020014800F0DC
:1026B0003DB900BFED15002010B50446FFF7F0FF4F
:1026C000236A1BB1BDE81040FFF7F0BF044B236243
:1026D000044B1B68002BF5D1FFF7C2FFF2E700BFE8
:1026E00021260108E41500202DE9F843804689469B
:1026F00014460026D4E90175013F05D52468002C55
:10270000F8D13046BDE8F883AB89012B07D9B5F97C
:102710000E30013303D029464046C847064368358A
:10272000EAE700000CB430B5154B0C1E1D689DB0D7
:1027300008DA8B232B604FF0FF301DB0BDE830402E
:1027400002B070474FF000031B9318BF0123E31A38
:10275000049307930B4B029006900593209A21ABAC
:1027600002A92846019301F0A5FB431CBCBF8B23A3
:102770002B60002CE1D0029B00221A70DDE700BF25
:10278000700300200802FFFF10B50C46B1F90E10CF
:1027900000F06CF80028ABBF636DA3891B1823F40D
:1027A0008053ACBF6365A38110BD2DE9F0411F4686
:1027B0008B89DB0505460C46164605D5B1F90E108A
:1027C0000223002200F040F8A389B4F90E1023F48C
:1027D0008053A38132463B462846BDE8F04100F0D5
:1027E00067B810B50C46B1F90E1000F02DF8B4F929
:1027F0000C30421C0BBF23F4805343F48053A3815D
:10280000A38118BF606510BDB1F90E1000F00CB8BF
:1028100002440346934200D1704703F8011BF9E7D5
:1028200000487047B004002038B5064C0023054628
:1028300008462360F5F796F9431C02D1236803B1DB
:102840002B6038BDE815002038B5074C0546084612
:102850001146002222601A46F5F78EF9431C02D178
:10286000236803B12B6038BDE815002038B5074C4C
:10287000054608461146002222601A46F5F756F929
:10288000431C02D1236803B12B6038BDE81500203A
:1028900038B5064C0023054608462360F5F718F9BD
:1028A000431C02D1236803B12B6038BDE81500201A
:1028B00038B5074C054608461146002222601A46E4
:1028C000F5F742F9431C02D1236803B12B6038BDF0
:1028D000E8150020014B1868704700BF7003002006
:1028E00070B50D4B0D4C00261D1BB6EBA50F09D185
:1028F00001F0B8FF0A4C0B4B00261D1BB6EBA50FD1
:1029000005D170BD54F8043B98470136EDE754F803
:10291000043B98470136F1E75CC301085CC301083A
:102920005CC3010860C301087047704770470346E5
:1029300011F8012B03F8012B002AF9D170470A4442
:10294000914200F1FF3300D1704710B511F8014BEF
:1029500003F8014F9142F9D110BD2DE9F74F0369FA
:102960000C69A34280467EDB013C01F11407A30001
:1029700000F11405009305EB8403019357F824300C
:1029800055F8242001339A4207EB8409B2FBF3F691
:102990002ED34FF0000ABC46AE46D3465CF8043B4B
:1029A00098B206FB00A0020C1B0C06FB0323DEF80A
:1029B000002080B292B2121A5A44DEF800004FEAA8
:1029C000134A9BB2C3EB224303EB104392B242EA99
:1029D0000342E1454EF8042B4FEA234BDED2009B25
:1029E000EB582BB9019B1A1F954230D3C8F8104001
:1029F000404601F0F3F8002825DB01362946002087
:102A000057F8042BD1F800C01FFA82FE1FFA8CF38E
:102A1000A3EB0E030344120CC2EB234202EB1C4255
:102A20009BB243EA0243B94541F8043B4FEA2240D6
:102A3000E6D255F8242005EB840322B9043B9D42DD
:102A40000BD3C8F81040304603B0BDE8F08F1368D0
:102A5000002BCBD1043A013CC6E71A68002AF0D11A
:102A6000043B013CEBE70020EEE700000000000023
:102A70002DE9F04F99B08DED0E0B0C92C269229C9E
:102A80000A9157EC106B8146139382B9102000F025
:102A900011FE0246C9F81C0020B9A94BEF21A94834
:102AA00001F0C2FB0023C0E901330360C360116879
:102AB00059B152684A60012393408B60484600F048
:102AC0003FFED9F81C3000221A60B7F10008B5BFEC
:102AD00001230023236023609B4BBCBF28F00048E8
:102AE000CDF83C8033EA08031AD1139AC8F31308CF
:102AF00042F20F7358EA0608136000F06185239BC9
:102B000053B9924B21E0924B00930833239A136000
:102B1000009819B0BDE8F08F8C4B00930333F5E7B4
:102B20009DED0E7B002251EC170B00238DED067BF3
:102B3000F0F7E4F8824650B1139A01231360239B07
:102B400013B1239A834B1360834B0093E0E79DED11
:102B5000060B16AA17A9484601F0F4F85FEA1854C4
:102B6000169D019079D0079BCDF850A0C3F31303B5
:102B7000DDE9060143F07F5343F44013A4F2FF3430
:102B800019460022754BEFF72FFB67A3D3E900230B
:102B9000EFF7E2FC66A3D3E90023EFF727FB064635
:102BA00020460F46EFF76EFC63A3D3E90023EFF74F
:102BB000D3FC02460B4630463946EFF717FB064674
:102BC0000F46F0F7E3F800228046002330463946EE
:102BD000F0F79EF848B14046EFF754FC32463B46CA
:102BE000F0F78CF808B908F1FF38B8F1160F51D892
:102BF0005B4B03EBC803D3E90023DDE90601F0F7E3
:102C000087F8002848D008F1FF38002312932D1BC5
:102C10006B1E089343BF0023C5F1010708930027EB
:102C2000B8F1000F3ADB089BCDF834804344089399
:102C3000002309930A9B092B62D8052BC4BF043BD0
:102C40000A930A9BA3F10203CCBF00240124032BA7
:102C500062D8DFE803F05153362B179C2C4404F262
:102C60003243202BC1BFC3F1400308FA03F804F23A
:102C7000124326FA03F3D6BFC3F1200348EA030048
:102C800006FA03F0EFF7EEFB0122A1F1F873013C25
:102C9000149275E70123B9E71290B8E7C8F1000371
:102CA00009930023A7EB08070D93C3E701230B93B8
:102CB0000C9B434405930133012B0493B8BF0123BC
:102CC00006E001230B930C9B002B28DDCDE9043398
:102CD000D9F81C000021042202F114059D4243D9B9
:102CE0004160484600F0EEFC009000283FD11D4BAB
:102CF000024640F2AF11D2E60023E3E70023D6E715
:102D000001240023CDE90A344FF0FF330022CDE93E
:102D100004330C921223DBE701230B93F4E7012326
:102D2000CDE904330C93D3E761436F63A787D23FA8
:102D3000B3C8608B288AC63FFB799F501344D33FAA
:102D4000694D0108804D01080000F07F654D0108C4
:102D50005C4D0108964C0108954C01080000F83FB5
:102D600088C10108D94D010801315200B4E7D9F8F2
:102D70001C30009A1A60049B0E2B75D8002C73D05F
:102D8000B8F1000F40F3C4809F4B08F00F0203EB33
:102D9000C20318F4807FD3E900AB4FEA281500F096
:102DA000A3809A4BDDE90601D3E90823EFF7FEFC87
:102DB000CDE9020105F00F050324944E002D40F0EB
:102DC000998052465B46DDE90201EFF7EFFC82464F
:102DD0008B46129B002B00F0C3808D4B0022504687
:102DE0005946EFF795FF002800F0BA80049B002BAE
:102DF00000F0B680059B002B36DD08F1FF3302930F
:102E000050465946834B0022EFF7A6FB059E8246AB
:102E10008B4601342046EFF735FB52465B46EFF711
:102E20009BFB7D4B0022EFF7E1F90446A1F15075C1
:102E3000CDE91045002E40F09780784B0022504697
:102E40005946EFF7D1F922462B4682468B46EFF7DB
:102E50007DFF002840F0BD82224605F10043504628
:102E60005946EFF755FF20BB179B002BC0F28D8111
:102E7000B8F10E0F00F38981634B03EBC803D3E96C
:102E800000AB0C9B002B80F21B81049B002B00F3FA
:102E900017810ED1614B002250465946EFF75CFB7B
:102EA00002460B46DDE90601EFF73CFF002800F083
:102EB000938200252C460C9B009EDB430293274601
:102EC00000242946484600F03BFC002F00F0EE802D
:102ED0002CB1BC4203D02146484600F031FC3946B3
:102EE000484600F02DFCE1E09DED067B02248DEDCF
:102EF000027B62E7E90708D550465946D6E9002328
:102F0000EFF72AFB013482468B466D10083655E7F1
:102F100022D0C8F100053C4B3C4E05F00F0203EBFC
:102F2000C203D3E90023DDE90601EFF715FB2D11FC
:102F300082468B460224002D3FF44BAFEA0708D5AA
:102F400050465946D6E90023EFF706FB0134824686
:102F50008B466D100836EEE7DDE906AB022438E754
:102F6000049ECDF8088055E7274B03EBC60353E9D1
:102F700002010B9B002B55D002460B46002028492E
:102F8000EFF714FCDDE91023EFF72EF9009BCDE9F4
:102F900010019D191E4659465046EFF7F7FE00F105
:102FA0003004EFF76FFA02460B4650465946EFF7EA
:102FB0001BF9DDE9102306F8014B82468B46EFF73B
:102FC000A7FE002872D152465B4611490020EFF758
:102FD0000BF9DDE91023EFF79BFE002840F0B680E7
:102FE000AE423FF441AFDDE910010A4B0022EFF79A
:102FF000B3FA084BCDE91001002250465946EFF7CD
:10300000ABFA82468B46C6E788C1010860C1010859
:103010000000F03F0000244000001C40000014406D
:103020000000E03FDDE91023EFF796FA009B009CDB
:10303000CDE910013344159359465046EFF7A6FEEB
:1030400000F13005EFF71EFA0B460246594650468E
:10305000EFF7CAF804F8015B159B9C4282468B4649
:1030600027D1009B0022DDE910011E44AA4BEFF797
:10307000BDF802460B4650465946EFF767FE00285A
:1030800064D1DDE91023A4490020EFF7ADF8024632
:103090000B4650465946EFF73BFE00283FF4E4AE9E
:1030A000334616F8012D302AFAD01E46DDF8088086
:1030B0003AE09A4B0022EFF74FFA82468B46BBE785
:1030C000009E52465B46DDE90601EFF76FFBEFF726
:1030D0005DFE0746EFF7D6F952465B46EFF73CFA3E
:1030E00002460B46DDE90601EFF77EF807F1300CEA
:1030F000009C06F801CBA6EB040C049C6445024638
:103100000B4633D1EFF772F852465B4604460D4644
:10311000EFF71CFEC0B952465B4620462946EFF742
:10312000EDFD08B1FB070FD40199484600F008FBFC
:103130000023139A337008F101031360239B002BC3
:103140003FF4E6AC1E60E3E4CDF8088033461E464B
:1031500013F8012D392A06D1009A9A42F7D1029A22
:1031600001320292302201321A709FE76B4B00222B
:10317000EFF7F2F902460B46CDE9062300220023C1
:10318000EFF7BCFD00289CD0CEE70B9A002A00F098
:10319000DF800A9A012A00F3C380149A002A00F003
:1031A000B78003F23343099D3E46089A01211A4431
:1031B00048461F44089200F077FB044656B1089B2E
:1031C000002B07DDB342089AA8BF3346FF1AF61A50
:1031D000D31A0893099B0BB30B9B002B00F0BF8005
:1031E000002D00F0B98021462A46484600F028FC10
:1031F000019A01460446484600F06CFB019982465C
:10320000484600F09DFA099B5B1B099300F0AA80D9
:10321000099A5146484600F013FC019001214846A6
:1032200000F042FB0D9B0546002B00F0D0811A46B2
:103230000146484600F004FC0A9B012B054600F3BA
:1032400099800E9B002B40F090800F9BC3F31303DB
:10325000002B40F08A800F9B23F000431B0D1B05C1
:10326000002B00F08580089B0133013708934FF055
:10327000010A0D9B002B00F0B0812B6905EB830345
:10328000186900F0C5FAC0F12000089B184410F03E
:103290001F0076D01B2870DCC0F11C0007440644D8
:1032A00003440893002F05DD01993A46484600F093
:1032B00023FC0190089B002B05DD29461A46484651
:1032C00000F01AFC0546129B002B5FD0019829469E
:1032D00000F084FC002859DA08F1FF3302930199C9
:1032E00000230A22484600F04DFA0B9B0190002B68
:1032F00000F07581002321460A22484600F042FA78
:10330000059B002B044671DC0A9B022B47DC6DE019
:10331000169BC3F1360346E70000E03F000024405F
:10332000049B5D1E099BAB4208DB5D1B049B002BCD
:10333000BFF63AAF049BFE1A002336E7099B0D9AAD
:103340000995EB1A1A440D92049B3E4600252CE782
:10335000099D0B9C3E4631E7DDF804A058E7099A29
:10336000019957E7CDF804A058E74FF0000A80E72D
:103370009A467EE74FF0000A7FE71C2892D0C0F102
:1033800020001C30089B0744064489E7049BCDF8C5
:103390000880002B24DC05930A9B022B22DD059B71
:1033A000002B7FF488AD2946059B0522484600F096
:1033B000E9F901460546019800F010FC00287FF766
:1033C0007AAD009E312306F8013B029B0133029344
:1033D00075E535462C46F4E7049DCDF80880F9E7FD
:1033E000049B05930B9B002B00F0FD80002E05DD58
:1033F00021463246484600F07FFB0446BAF1000FF2
:1034000058D06168484600F05DF9064628B9814BFE
:10341000024640F2EF21FFF742BB226902329200DE
:1034200004F10C010C30FFF78AFA012231464846BC
:1034300000F062FB0746009B009A03F10108059B20
:10344000134406930E9B03F0010308932946019849
:10345000FFF783FA2146049000F1300B019800F049
:10346000BDFB3A4605902946484600F0D3FBC268AA
:1034700008F1FF3A0646FAB90146019800F0AEFBA2
:10348000024631464846099200F05AF9DDE909231F
:1034900042EA0301089B194346460FD1BBF1390F9D
:1034A00028D0059B002B02DD049B03F1310B8AF829
:1034B00000B006E52746BEE70122E2E7059B002BA8
:1034C00004DB0A990B4308990B4320D1002AEEDD57
:1034D00001990122484600F00FFB2946019000F0B7
:1034E0007DFB002803DCE2D11BF0010FDFD0BBF134
:1034F000390FD9D139238AF8003033461E46013BB3
:1035000016F8012C392A52D001321A70D9E4002A57
:1035100007DDBBF1390FEDD00BF101038AF8003064
:10352000CFE4069B08F801BC43452AD0019900234B
:103530000A22484600F026F9BC4201904FF00003F1
:103540004FF00A022146484606D100F01BF9044616
:10355000074608F1010879E700F014F939460446F6
:1035600000230A22484600F00DF90746F1E7059BC3
:103570005E1E002B009BD8BF00265A1C274616440F
:10358000002401990122484600F0B6FA294601902C
:1035900000F024FB0028B0DC02D11BF0010FACD1FD
:1035A00033461E4613F8012D302AFAD089E4009ADA
:1035B0009A42A3D1029B013302933123137080E41A
:1035C000239B002B7FF49FAA134BFFF7BEBA0A9BE5
:1035D000012B7FF736AEDDF834A0012055E6059BC0
:1035E000002B7FF7D9AE009E01982946FFF7B5F969
:1035F00000F1300B009B06F801BBF21A059B9342C9
:10360000B5DD019900230A22484600F0BBF801907D
:10361000EAE700BFD94D01085C4D010837B5002924
:1036200044D051F8043C0190002BA1F10404B8BF30
:10363000E418FEF749FB1E4A0198136833B963602A
:10364000146003B0BDE83040FEF744BBA34208D984
:10365000256861198B4201BF19685B6849192160AF
:10366000EDE71A465B680BB1A342FAD91168551809
:10367000A5420BD1246821445418A3421160E0D123
:103680001C685B6853600C441460DAE702D90C23B1
:103690000360D6E7256861198B4204BF19685B682F
:1036A000636004BF491921605460CAE703B030BDAC
:1036B000A8140020024B01461868FEF789BA00BF23
:1036C0007003002070B5C46905460E4684B9102009
:1036D000FFF7F0FF0446E86128B90246164B174889
:1036E0006B2100F0A1FD0023C0E901330360C3603A
:1036F000E36853B9212204212846FEF733FAEB6927
:10370000E060DB680BB9002070BD53F8260030B1D3
:10371000026843F826200023C0E90333F4E70121BF
:1037200001FA06F4621D92002846FEF71BFA0028F3
:10373000E9D0C0E90164EEE7694D0108EA4D0108EE
:1037400070B5C46906460D4674B91020FFF7B2FF84
:103750000246F06120B9094B09488F2100F064FD51
:10376000C0E901440460C4603DB1F3696A68DB6884
:1037700053F82210296043F8225070BD694D0108AA
:10378000EA4D01082DE9F0410D6907460C461E4639
:1037900001F1140C0020DCF8003099B202FB016149
:1037A0001E0C0B0C02FB063389B2013001EB034106
:1037B00085424CF8041B4FEA1346ECDC0EB3A368B9
:1037C000AB4219DC616838460131FFF77BFF804668
:1037D00028B902460C4B0D48BA2100F025FD22699C
:1037E000023204F10C0192000C30FFF7A8F82146D8
:1037F0003846FFF7A5FF444604EB850301355E61BB
:1038000025612046BDE8F081D94D0108EA4D010847
:10381000B0F5803F034636BF030400201020B3F10B
:10382000807F3CBF1B020830B3F1805F3CBF1B01AF
:103830000430B3F1804F3CBF9B000230002B04DB0F
:103840005B0001D50130704720207047036813F0FA
:10385000070201460BD0DA0722D4980749BF5B085C
:103860009B0801200B605CBF0B600220704798B280
:10387000A0B91B0C1020DAB20AB908301B0A1A07CB
:1038800004BF1B0904309A0704BF9B080230DA0703
:1038900002D45B0806D001300B6070471046EAE79F
:1038A000002070472020704710B50C460121FFF71B
:1038B00009FF024628B9054B054840F2451100F0C2
:1038C000B3FC01234461036110BD00BFD94D010861
:1038D000EA4D01082DE9F04FD1F81080D2F8109090
:1038E000C84585B00E46144604DB4B460C46C1461F
:1038F00016469846A368616809EB0807BB42B8BF43
:103900000131FFF7DFFE30B902464B4B4B484FF415
:10391000B17100F089FC00F1140505EB870B2B4613
:1039200000225B4522D306F1140101EB880304F168
:10393000140C0CEB890C029304F1150363458CBF46
:10394000002301230093ACEB0403153B9B08019378
:10395000029B03918B420CD8002F03DD5BF8043DE2
:10396000002B67D0076105B0BDE8F08F43F8042B4A
:10397000D7E7B1F800A0BAF1000F28D004F114087D
:10398000A9464FF0000E58F8042BD9F8003096B233
:103990009BB20AFB0633D9F80060120C360C734454
:1039A0000AFB026606EB13469BB243EA0643C44594
:1039B00049F8043B4FEA164EE5D8009A019B002ACD
:1039C0004FEA830308BF00232B44C3F804E0039BA2
:1039D000B3F802E00431BEF1000F29D02B6804F1E6
:1039E00014069846A9464FF0000A32880EFB02A240
:1039F00002EB18429BB243EA024349F8043B56F8F3
:103A0000043BD9F800804FEA134A1FFA88F30EFBF3
:103A10000A3303EB1243B4454FEA134AE5D8009E3C
:103A2000019A002E4FEA820208BF00222A44536006
:103A300004358DE7013F8FE7D94D0108EA4D0108B4
:103A40002DE9F843174612F0030280460D4607D0D1
:103A5000264C013A002354F82220FFF793FE054636
:103A6000BF103FD0D8F81C4094B91020FFF722FEB9
:103A70000446C8F81C0030B902461D4B1D4840F2F0
:103A8000B31100F0D1FB0023C0E901330360C36030
:103A9000A66846B940F271214046FFF705FF0023B2
:103AA000A060064603602C464FF0000907F00103B2
:103AB0007F1053B1294632464046FFF70BFF21469F
:103AC00005464046FFF73CFE67B1306838B93246DC
:103AD00031464046FFF7FEFE3060C0F800900646D3
:103AE0002C46E3E72846BDE8F88300BF50C1010833
:103AF000694D0108EA4D01082DE9F84F0C46496867
:103B00002669A36806EB6216074691464FEA621AD9
:103B100006F1010843450BDB3846FFF7D3FD0546A8
:103B200048B902462B4B2C484FF4EF7100F07CFB58
:103B300001315B00EEE700F1140100230A4618464C
:103B4000534539DB20692AEAEA7A01EB8A0104F15C
:103B5000140319F01F098C4603EB800030D0C9F123
:103B6000200A4FF0000E1A68E34602FA09F242EA10
:103B70000E02CBF8002053F8042B98420CF1040CF1
:103B800022FA0AFEEFD8031B153B23F0030304F1CE
:103B90001502904238BF00231944C1F804E0BEF179
:103BA000000F00D1B0463846C5F810802146FFF717
:103BB000C7FD2846BDE8F88F42F8040B0133BFE784
:103BC00053F8041BCCF8001098420CF1040CF7D801
:103BD000E8E700BFD94D0108EA4D010803690A6909
:103BE0009B1A30B50ED11430143100EB820401EB76
:103BF000820154F8045D51F8042D954204D006D298
:103C00004FF0FF33184630BDA042F2D3FAE701234C
:103C1000F8E700002DE9F74F8A4606461146504660
:103C20001446FFF7DBFF051E12D129463046FFF789
:103C300049FD024628B9414B40F23721404800F087
:103C4000F3FA0123C0E90435104603B0BDE8F08F54
:103C5000BCBF5346A2463046DAF80410BABF1C4631
:103C600001250025FFF72EFD024618B9334B40F21F
:103C70004521E3E7DAF810702669C5600AF11409F6
:103C800004F1140E00F114050AF1100309EB870882
:103C90000EEB86060193AB464FF0000C019B5EF8DD
:103CA000040B53F804AF01931FFA8AF183B2CB1AC5
:103CB000000C6344C0EB1A4000EB23409BB243EA84
:103CC000004376454BF8043B4FEA204CE6D8331BC3
:103CD000153B153423F00303A64238BF0023E81830
:103CE0004B441C1D04302646A5EB090546450ED362
:103CF00008F10301091B21F003010133984538BF86
:103D00000021014451F8043DABB117619CE706EB7B
:103D1000050E56F8041BE2464FEA11491CFA81FCD5
:103D2000514409EB2C4989B241EA09414FEA294C37
:103D3000CEF80010DAE7013FE4E700BFD94D0108F3
:103D4000EA4D01082DE9F7430F46012159EC108B8C
:103D50001646FFF7B7FC054630B90246234B244808
:103D600040F20F3100F060FAC9F30A54C9F31303AB
:103D70000CB143F480130193B8F1000323D06846DB
:103D80000093FFF763FD0099D8B1019AC0F12003B9
:103D900002FA03F30B43C2406B610192019BAB61DA
:103DA000002B0CBF012202222A61A4B1A4F23344E9
:103DB00004443C60C0F135003060284603B0BDE8E3
:103DC000F0836961EAE701A8FFF740FD019B6B61A1
:103DD00020300122E8E705EB8203A0F23240386090
:103DE0001869FFF715FDC0EB4210E5E7D94D010852
:103DF000EA4D01082DE9F0478E681F46BE42824613
:103E00000C469046334653D8B1F90C0010F4906F2D
:103E10002BD065692368096905EB4505A3EB01090A
:103E200005EBD5757B1C6D104B44AB422A4684BF15
:103E30001D462A46430527D511465046FDF7C8FEC4
:103E4000064658B321694A46FEF779FDA38923F453
:103E5000906343F08003A381266165614E44A5EB26
:103E600009052660A5603E463B461F4620683A4647
:103E7000414600F0BFF9A3689B1BA36023683B4445
:103E800023600020BDE8F087504600F0FDF90646AB
:103E90000028E1D121695046FFF7C0FB0C23CAF886
:103EA0000030A38943F04003A3814FF0FF30E9E7DE
:103EB0003E46DBE72DE9F0471F468B891B069CB089
:103EC00006460D46144610D50B6973B94021FDF71F
:103ED0007FFE2860286130B90C2333604FF0FF303B
:103EE0001CB0BDE8F08740236B61002309932023B9
:103EF0008DF8293003973023654F8DF82A304FF025
:103F0000010823461A7899461AB1252A03F10103BC
:103F1000F8D1B9EB040A0BD0534622462946304665
:103F2000FFF768FF013000F0A380099A524409921C
:103F300099F80030002B00F09B8000224FF0FF33F7
:103F4000CDE9053209F10109049207928DF8532059
:103F50001A924C46052214F8011B4D48EEF720FE3C
:103F6000049AD0B9D00644BF20238DF853301107EE
:103F700044BF2B238DF8533099F800302A2B13D0EF
:103F800007994B4600204FF00A0C1A78303A092A5C
:103F90001C464AD9A8B1079113E0C01B08FA00F0EB
:103FA00010430490A146D4E7039B191D1B6803919D
:103FB000002BBBBF5B4242F0020207930793B8BFDE
:103FC000049223782E2B0AD163782A2B32D1039BBB
:103FD0001A1D1B68039243EAE37302340593DFF86A
:103FE000C090217803224846EEF7DAFD38B1049BF1
:103FF000A0EB09004022824013430134049321784E
:1040000024488DF828100622EEF7CAFD002835D086
:10401000214818BB039B073323F00703083303939E
:10402000099B0344013409936BE701330CFB012125
:104030000120AAE700230593611C18464FF00A0CE3
:104040000A78303A092A0C4603D9002BC7D00590CC
:10405000C5E701310CFB00200123F1E703AB00931E
:104060002A460E4B04A93046FDF7D4FE421CD7D198
:10407000AB895B063FF532AF099831E703AB00939C
:104080002A46064B04A93046FEF75EF9EEE700BF6C
:10409000444E01084E4E0108151E0108F53D010869
:1040A0004A4E0108B1F90C202DE9F04116070546EA
:1040B0000C4651D44B68002B02DC0B6C002B49DD05
:1040C000E66A002E46D0002312F480522F682B603F
:1040D00031D0626DA389590705D56368D21A636B25
:1040E0000BB1236CD21A0023E66A216A2846B04736
:1040F000421CB4F90C3006D129681D2945D8284A3C
:10410000CA40D60741D500226260D90422692260E4
:1041100004D5421C01D12B6803B96065616B2F6027
:10412000C1B104F14403994202D02846FFF776FA60
:10413000002363630EE0216A01232846B04702464C
:10414000501CC7D12B68002BC4D01D2B01D0162BBF
:104150001AD12F6000201DE00F69002FFAD09307BD
:104160000E6808BF4B690F6018BF0023A6EB070855
:104170008B60B8F1000FEDDD216AA66A43463A462E
:104180002846B047002807DCA38943F04003A381F9
:104190004FF0FF30BDE8F0810744A8EB0008E8E7E6
:1041A0000100402038B50B6905460C4613B91D4681
:1041B000284638BD18B1036A0BB9FEF77DFAB4F989
:1041C0000C30002BF3D0626ED00704D4990502D4D2
:1041D000A06DFEF7AAFB28462146FFF763FF636E3A
:1041E000DA070546E4D4A3899B05E1D4A06DFEF768
:1041F0009DFBDDE7884210B501EB020402D9844241
:10420000234607D8431EA14207D011F8012B03F81B
:10421000012FF8E70244824200D110BD13F8011DBE
:1042200002F8011DF7E700001FB51D46094B1B688A
:104230000646D86852B1084C0091CDE901420749C1
:1042400033462A4600F05CF800F06CF8044C224635
:10425000F2E700BF700300205B4E0108684E0108C2
:10426000964E010882B001B901A942B14BB1137851
:104270000B601278101E18BF012002B07047104664
:10428000FBE76FF00100F8E72DE9F041074615461E
:104290000C4621B9BDE8F0411146FDF799BC2AB999
:1042A000FFF7BCF92C462046BDE8F08100F041F84C
:1042B0008542064602D8B5EB500FF4D82946384659
:1042C000FDF786FC804608B94446ECE7B5422A462D
:1042D000214628BF3246FEF732FB21463846FFF71B
:1042E0009DF9F1E749B1FF2A85BF8A2303600A706F
:1042F0004FF0FF3098BF012070470846704700001C
:104300000EB403B5014603AB054853F8042B00680F
:10431000019300F03DF802B05DF804EB03B0704784
:104320007003002008B5062000F000FA0120F3F722
:10433000F7FB51F8043C181F002BBCBF0B58C018EA
:1043400070479368013B002B10B4936007DA9469BF
:10435000A34201DB0A2902D110BC00F02DB9136879
:10436000581C10601970084610BC7047F8B5064616
:104370000F461446D518AC4201D1002007E014F8CE
:10438000011B3A463046FFF7DCFF431CF3D1F8BD72
:104390002DE9F04706469CB00D4614461F4618B15D
:1043A000036A0BB9FEF788F96B6ED90705D4AB89A0
:1043B0009A0502D4A86DFEF7B8FAAB891B0701D5A0
:1043C0002B699BB92946304600F034F970B16B6E09
:1043D000DE0704D54FF0FF301CB0BDE8F087AB8995
:1043E0009C05F7D4A86DFEF7A1FAF3E70023099323
:1043F00020238DF82930039730236A4F8DF82A3017
:104400004FF0010823461A7899461AB1252A03F17C
:104410000103F8D1B9EB040A0BD0534622462946D2
:104420003046FFF7A3FF013000F0A380099A524401
:10443000099299F80030002B00F09B8000224FF089
:10444000FF33CDE9053209F10109049207928DF895
:1044500053201A924C46052214F8011B5148EEF7DE
:104460009FFB049AD0B9D00644BF20238DF8533067
:10447000110744BF2B238DF8533099F800302A2BB5
:1044800013D007994B4600204FF00A0C1A78303AA7
:10449000092A1C464AD9A8B1079113E0C01B08FAA3
:1044A00000F010430490A146D4E7039B191D1B683C
:1044B0000391002BBBBF5B4242F0020207930793BC
:1044C000B8BF049223782E2B0AD163782A2B32D1DD
:1044D000039B1A1D1B68039243EAE373023405939E
:1044E000DFF8D090217803224846EEF759FB38B127
:1044F000049BA0EB09004022824013430134049343
:10450000217829488DF828100622EEF749FB00286B
:104510003ED0264818BB039B073323F0070308331C
:104520000393099B0344013409936BE701330CFBAC
:1045300001210120AAE700230593611C18464FF0D2
:104540000A0C0A78303A092A0C4603D9002BC7D046
:104550000590C5E701310CFB00200123F1E703AB17
:1045600000932A46124B04A93046FDF753FC431C26
:10457000D7D16B6ED90705D4AB899A0502D4A86D43
:10458000FEF7D4F9AB895B063FF524AF099823E722
:1045900003AB00932A46064B04A93046FDF7D4FE30
:1045A000E5E700BF444E01084E4E0108151E010804
:1045B0006D4301084A4E0108F8B505460F461446FA
:1045C00018B1036A0BB9FEF777F8A369A360A38952
:1045D0001A0701D5236943B92146284600F02AF875
:1045E00018B14FF0FF363046F8BD23692068C01A75
:1045F0006369834205DC21462846FFF7D3FD002886
:10460000EFD1A368013BA36023685A1C22601F708E
:10461000636901308342FEB204D0A389DB07E2D58F
:104620000A2EE0D121462846FFF7BCFD0028DAD04B
:10463000D7E7000038B5284B054618680C4618B176
:10464000036A0BB9FEF738F8B4F90C30190720D417
:10465000DA0607D409222A6043F04003A3814FF011
:10466000FF3031E0580711D5616B41B104F14403CB
:10467000994202D02846FEF7D1FF0023636300224F
:10468000A38962602269226023F0240343F00803B7
:10469000A38123694BB9A38903F42073B3F5007F89
:1046A00003D02146284600F081F8B4F90C3013F00D
:1046B00001020AD00022A26062695242A26122690C
:1046C00042B913F08000C7D138BD990758BF62695D
:1046D000A260F4E70020F7E7700300201F2938B537
:1046E00005460C4604D9162303604FF0FF3038BD51
:1046F000C26B12B152F821304BB9284600F030F8A5
:10470000224601462846BDE8384000F017B8012B84
:104710000AD0591C03D1162303600120E7E70021CA
:1047200042F82410204698470020E0E7024B01465B
:104730001868FFF7D3BF00BF7003002038B5074CDF
:1047400000230546084611462360F3F7E1F9431CB0
:1047500002D1236803B12B6038BD00BFE8150020EB
:10476000F3F7D4B970B50E46B1F90E10002996B022
:1047700014461D460ADAB28912F0800213D14FF4B2
:10478000806100202A60216016B070BD6A4600F08A
:1047900047F80028EFDB019A02F47042A2F50053BB
:1047A0005A425A41EBE700224021EAE78B8973B570
:1047B0009E0705460C4607D504F147032360236195
:1047C0000123636102B070BD01AB6A46FFF7CAFF07
:1047D000009E28463146FDF7FBF9B4F90C3038B994
:1047E0009A05EFD423F0030343F00203A381E3E728
:1047F00043F08003A381019B2060C4E90406002BE1
:10480000E0D0B4F90E10284600F01CF80028D9D0EA
:10481000A38923F0030343F00103A381D2E700003F
:1048200038B5074C00230546084611462360F3F7C8
:104830009CF9431C02D1236803B12B6038BD00BF33
:10484000E815002038B5064C0023054608462360CD
:10485000F3F790F9431C02D1236803B12B6038BDF4
:10486000E8150020F8B500BFF8BC08BC9E467047AC
:10487000F8B500BFF8BC08BC9E46704700000000B9
:1048800000316253C4F5A697B988DBEA7D4C1F2E30
:104890004372211087B6E5D4FACB98A93E0F5C6D20
:1048A00086B7E4D5427320113F0E5D6CFBCA99A810
:1048B000C5F4A796013063527C4D1E2FB889DAEB00
:1048C0003D0C5F6EF9C89BAA84B5E6D740712213F0
:1048D0007E4F1C2DBA8BD8E9C7F6A59403326150E0
:1048E000BB8AD9E87F4E1D2C02336051C6F7A495D0
:1048F000F8C99AAB3C0D5E6F4170231285B4E7D6C0
:104900007A4B1829BE8FDCEDC3F2A19007366554AF
:1049100039085B6AFDCC9FAE80B1E2D3447526179F
:10492000FCCD9EAF38095A6B4574271681B0E3D28F
:10493000BF8EDDEC7B4A192806376455C2F3A0917F
:104940004776251483B2E1D0FECF9CAD3A0B58696F
:1049500004356657C0F1A293BD8CDFEE79481B2A5F
:10496000C1F0A3920534675678491A2BBC8DDEEF4F
:1049700082B3E0D1467724153B0A5968FFCE9DAC3F
:10498000000000000102030400000000000000001D
:1049900001020304060708090100000002000000EC
:1049A0000400000006000000080000000A000000EB
:1049B0000C0000001000000020000000400000007B
:1049C00080000000000100003E2051756974002045
:1049D00020434F4D2849324329002020434F4D2882
:1049E00034383529002020434F4D283438352B29C1
:1049F00000202049324320414444520020203438D2
:104A00003520494400202051756974003E20434FF1
:104A10004D2849324329003E20434F4D2834383534
:104A200029003E20434F4D283438352B29003E20A5
:104A30004932432041444452003E20343835204915
:104A4000440020204932435F41444452003E2050FC
:104A50004F5320504944002020504F532050494488
:104A6000003E2053504545440020205350454544C6
:104A7000003E20425053002020425053003E20521E
:104A800047422500202052474225003E20524742FF
:104A9000002020524742003E204A414D0020204A3B
:104AA000414D003E2052414E47450049443D25308E
:104AB0003364003C3438353E003C434F4D3E002AC1
:104AC000493243002034383500203438352D3E49F2
:104AD00032430020493243002A343835002A343822
:104AE000352D3E49324300414444523D3078253013
:104AF0003258003C4932433E003C504F532050490D
:104B0000443E002A557365722D44656600204C6949
:104B1000676874204C6F616400204D6964204C6F9D
:104B2000616400204865617679204C6F61640020E3
:104B3000557365722D446566002A4C696768742058
:104B40004C6F6164002A4D6964204C6F61640020E1
:104B50004D69642D4C6F6164002A48656176792D3A
:104B60004C6F6164003C5350454544205049443EDD
:104B7000002A4865617679204C6F6164003C4250A0
:104B8000533E002A31313532303000203139323055
:104B900030002039363030002031313532303000AD
:104BA0002A3139323030002A39363030003C524711
:104BB00042253E004252494748543D2564003C523C
:104BC00047423E002A7379732D64656661756C7483
:104BD0000020757365722D646566696E65002073CB
:104BE00079732D64656661756C74002A75736572DE
:104BF0002D646566696E65003C4A414D3E002A6A37
:104C0000616D2D6F666600206A616D2D6F6E0020EC
:104C10006A616D2D6F6666002A6A616D2D6F6E0088
:104C20003C52414E47453E002A72616E67652D6FCA
:104C30006666002072616E67652D6F6E002072617E
:104C40006E67652D6F6666002A72616E67652D6FEF
:104C50006E002E00252E306600727000252E306604
:104C60006D4100256C64002F0056004900252E3749
:104C70006600302E3030323030303000302E303060
:104C8000303035303000302E303030303030300081
:104C9000323530302E3000302E3030303000313070
:104CA0002E303030004E410050004D4F44453A53B5
:104CB00050454544004D4F44453A504F53004D4FE9
:104CC00044453A43555252454E54004D4F44453A9F
:104CD000454E434F444552004D4F44453A504F5383
:104CE0002B00434F4D3A00414444523A0049443A64
:104CF000004250533A00256C75002D00453A25645A
:104D0000004F76657200566F6C74616765004D6F79
:104D1000746F72004A616D0052616E6765002020F9
:104D2000252E316600256C647200494E4600696E7E
:104D300066004E414E006E616E00303132333435C4
:104D400036373839414243444546003031323334F6
:104D5000353637383961626364656600496E666965
:104D60006E697479004E614E005245454E54206D77
:104D7000616C6C6F63207375636365656465640063
:104D80002F646174612F6A656E6B696E732F776F24
:104D9000726B73706163652F474E552D746F6F6C26
:104DA000636861696E2F61726D2D31352F73726387
:104DB0002F6E65776C69622D63796777696E2F6EE8
:104DC00065776C69622F6C6962632F7374646C69B8
:104DD000622F64746F612E630042616C6C6F63209C
:104DE000737563636565646564002F646174612F26
:104DF0006A656E6B696E732F776F726B7370616328
:104E0000652F474E552D746F6F6C636861696E2F07
:104E100061726D2D31352F7372632F6E65776C69FA
:104E2000622D63796777696E2F6E65776C69622F83
:104E30006C6962632F7374646C69622F6D70726544
:104E4000632E6300232D302B2000686C4C006566B8
:104E50006745464700504F534958002C2066756EF1
:104E60006374696F6E3A2000617373657274696F61
:104E70006E2022257322206661696C65643A206683
:104E8000696C6520222573222C206C696E652025B3
:104E900064257325730A00FFFFFFFFFFFFFFFFFF7D
:104EA000FFFFFFFFFFFFFFFFFFFFFFFFFFFFFFFF12
:104EB000FFFFFFFFFFFFFFFFFFFFFFFFFFFFFFFF02
:104EC000FFFFFF18FFFFFF03E0FFFF18FFFFFF03D7
:104ED00080FFFF18FFFFFF0300FFFF18FFFFFFC366
:104EE0001FFEFF18FFFFFFC31FFEFF18FFFFFFC3DA
:104EF0003F1EF8181F7CC6C33F0EF0180730C0C312
:104F00003F06C0180720C0C31FC2C718E323F0C361
:104F100007E38718F103FC0380E38F18F107FC0314
:104F2000C0E18F18F007FC03C0F10F180000FCC3AC
:104F3000C7E10F180000FCC387E18F18F13FFCC3E5
:104F40008FE18F18F13FFCC30FE38F18E13FFCC3E3
:104F50001FC2C718E327FCC31F06C0188300FCC389
:104F60003F0CE0180F20FCC33F3CF0181F38FCFF3B
:104F7000FFFFFFFFFFFFFFFFFFFFFFFFFFFFFFFF41
:104F8000FFFFFFFFFFFFFFFFFFFFFFFFFFFFFFFF31
:104F9000FFFFFFFFFFFFFFFFFFFFFFFFFFFFFF0020
:104FA00000000000000000F021130F60F0E003F0AB
:104FB00027933F2098F103302493211008310030CB
:104FC00024932118083100302493210898B101302E
:104FD0006691314CF07003F063941F46F030063058
:104FE000C09C094288010430C08C197E0C01043039
:104FF000C08C11400C110430C08C31408831063017
:10500000C08C2140F0E00300000000000000000020
:10501000000000000000007EFFFFFFFFFFFF7EDFBB
:105020000004040505040406101000001000100020
:1050300000160332125F4016D0A1C2A6B984A104A3
:105040000A6AD346A02081A1844BA6014116CFA5B0
:10505000C2A5B5244145086DD24484502141454B39
:10506000A50142126DE9C2620C51A0A2244BD2D01C
:105070002051210043136DE5C2650C51A120040BA2
:1050800092A4D0205191004413D0A1C2F08178881D
:10509000B887E8C103F1107102004515D0A1C2F034
:1050A00081784818B187ECC103F190306204004662
:1050B00013D0A1C2F08178C818B187E4C103F19080
:1050C000316247231022C265F45818538386082999
:1050D000234484B98327CB922D32989A33444C0DC4
:1050E0002918461400480FEA69C22450FE910A3478
:1050F000A6C80902491F1022C26550152132858AAF
:10510000142A618823C4450F922046A4509922A5F1
:10511000149A024A201022C26550550933458E90D8
:105120003941682D61C2650DA12073A4C89912A6EA
:10513000149A024B1F1022C26550958932478A9CEF
:105140002181C86C616A17913843E4481913A5148A
:105150009A024C1F1022C26550559132858A102345
:1051600041F06861441C992854A4501942A4149A2F
:10517000024D124F25C3145AF058A20F5E101E2D77
:105180003C28004E124F21C31A5CF460120F9E920D
:105190001D2C3A10004F110A2EC2438CFE8D8A241A
:1051A000878A0D0C0400501350E1C2155CF460179F
:1051B0000F1E8478427AB85000511350E1C22A7C05
:1051C0003491170F1E84703C5A78280052110A2E11
:1051D000C2147058A12329D410A37F0300530FEAEF
:1051E00029C2248E9419148A04CA3F02542670E1FD
:1051F000C212348CC8214245880914868820214473
:1052000004092122480811414244081522544CD077
:10521000200055260E22C22858A0108142040A916F
:1052200048881022921091848824446424442221C6
:105230001209112844B044005614E871C242C6C491
:10524000830722CC900745884641820057271022C9
:10525000C26550152132E388882B316C44B131A4EA
:1052600006111A456658896123CA09213786102913
:1052700085A6005822D0A1C2209088402202890829
:1052800024228412219408A144082542281142892D
:1052900070E10F1E0859251022C2279AAC51212215
:1052A00005891B34E6C103218C1809212248081105
:1052B000414288081242441027005A1590A1C2E0CA
:1052C000C4895021428508B5532142857802005B8C
:1052D0000E90A1C2E0C4270FFE60884F005C1F1033
:1052E00022C2C28899208182040A1228489C30591F
:1052F000091424508C8B073F20E102005D17102217
:10530000C246D62442DC2953C5C6C58307E2212400
:105310002D0E005E21092EC2226E1829112342088B
:105320003932621A5284468C204242C810116348B6
:105330000D1305005F201022C2C0A8519942F4A6A7
:10534000D0AA36A4C81023428C083122C448942223
:10535000F1A20D006014CA69C21532A0B8C9905CF0
:10536000826CDC388121430161100E22C271485FDA
:105370008878F0078D05BB68620CE871C2F01F24C5
:1053800029342C0063101022C2F08178480C317A45
:10539000F0FF410064151022C26512A12081820431
:1053A0003DF807E62179F0030265160C2AC244CEC7
:1053B000D49041329521226442458A1CF92001662D
:1053C000141022C2F001118144043E7860987EFCE2
:1053D000E0010167170F26C21D7A28A5054D161694
:1053E00038445CD12A4D564A16006821EE61C23617
:1053F00094A44143428C3C08A20A8D1126462822DF
:1054000042C4088A21230409110400691DCEA1C2E7
:105410002C3288B821A28AF089102462840C1123CE
:105420002888187182040B046A170E22C2F0294DD5
:105430001F3C10220911493821220911491E3C6BD9
:10544000190E22C2F083F5A01F3C918488240F1E00
:1054500008118244C88307046C1F1022C248D6A8D2
:1054600049340F1E0C216464581A31488820218267
:10547000464CB2450F1E186D0EEE64C3E0828D2AB5
:105480007426C90A036E14C775C2164AD01822259D
:105490001E94305286D02861016F15C771C2104C1E
:1054A000D42032454C3C285184CC2051C100700D91
:1054B000EE24C32696A439546A5838711490A1C2B8
:1054C00060D4382B659A25440FA92081828400720C
:1054D00010B0E1C2A04C19614A7CB24A99EE037344
:1054E000178FA1C21C7A6C4923A18C8C3152C290B7
:1054F000328446090B0474142E25C3215004B14490
:10550000258A945185CE245961007510C96DC22633
:105510008C50993A2A5557C44400760FC96DC22160
:105520008C543D2A5347C4840177142E25C32696F4
:10553000A439546A8A9428948C84401100781C10F1
:1055400022C26550151B274A44A86183444CB245CA
:105550004D503871C34AA1290079201022C26550EC
:10556000151B2743888C202326D92246CBD288219D
:105570003184C81037AC149A027A130E22C226580E
:10558000981023448C1025FAE0FFE0007B261022BF
:10559000C26550152132038708926290A052A2483A
:1055A0008922358898A0A223840A19388610298573
:1055B000A6007C1490A1C24714213A456C9ABC788D
:1055C000F0C188272D007D1CF061C24714213A45A7
:1055D0006C9A1C22614C89102542080A176C96B4FB
:1055E00030007E1B1022C24714213A456C9A2029B4
:1055F000716859C281A2C99A442B5C18007F1C10A3
:1056000022C2431461D1B264480D4123069D223663
:105610004D5E3CF860C4931600802490A1C22A5AC3
:105620009C281162448911224A8C0851A2484921C0
:1056300046941031A2C48810254EB4500081211028
:1056400022C2279AE0081283B81A3488188962CADD
:105650004A10233415234623480C242D0E008212B1
:105660001022C2F007E4A1334B5A3C3C7EF04000CC
:1056700083181022C220D4DE053126C4D41053432F
:105680008C093117C4A89D1284181022C240D49EE0
:10569000843322CCC82823A38C083312CEA89D0AB9
:1056A00085121022C2F08178782C9AAC79E81EFC21
:1056B00080008622CEA1C24188841124921091E4F8
:1056C00041085642040A11C5E2411049884882C483
:1056D00004211200870CF061C2F0FF07AC878B0F2A
:1056E000882C1022C265501521320387080C2162D4
:1056F000D49042650805114346482032858A8C1AA9
:105700002122A0908163089152680A00891D10220D
:10571000C2655095113287869C12816A995E8D38D8
:1057200025E4D01823A4149A028A151022C2F0810D
:10573000784894A987D3070FC443C2C489008B1348
:1057400090A1C2F08178481EFCC0881025421E3C02
:10575000508C281022C2225C6808278EC40D1216B5
:105760004290A8208204851124269024A10489084F
:1057700026689C20278E850B018D2A1022C2655039
:10578000152132038708926290A022828410192387
:10579000840C294284CA901921489281630891524D
:1057A000680A008E131022C246985EAA436996B416
:1057B00078983E7820008F131022C2F08178988A62
:1057C000266B129D4AC2F40C00901A90A1C2C4A686
:1057D000092542C848616C112312C6869091841233
:1057E000318D18911E90A1C2655015213203878812
:1057F000091246C41023459010412208214AB3C41F
:1058000000921F0E22C260D0482823828C8C112265
:10581000848824250C1A14C2E4C10385061F3C1099
:1058200093160A2AC22450140A66C40A1A33588CE2
:10583000180B54020501941570E1C260881FAD2A4F
:10584000418CC8B8310205850C0500951370A1C2C2
:105850001532904031E3861023516A113F3296177A
:1058600090A1C22450083112E3C60814235090407E
:105870004186F89101971890A1C260881F191228DB
:1058800048A0188162C68D204644A02000981A0CBA
:105890002AC2155624395388D02851F1608992358F
:1058A000260491416506009916F021C2279AAC4959
:1058B00084E854B171F1203C240F7E40009A13CA51
:1058C0006DC2248E941914EA215581C61439410001
:1058D0009B0F90A0C34084081222488820A1009CFE
:1058E0001490A1C2F08108476A0219222408199372
:1058F000073F589D1D1022C227D8201142C4480CD2
:105900002D4C0409112464CC1412848CC9831F2CDF
:105910009E1B0E22C2672C11213163C58E5CB34AD7
:10592000B05045EA06131295CE04009F16D0A1C2CE
:10593000E0C43D44CAD443F8E08178486426443248
:1059400000A0121022C2F08178E8CC92160F8F1FAF
:10595000FC8000A1181022C220D49E843322CCC81F
:105960002823A38C083312CEA89D12A2181022C29D
:1059700040D4DE053126C4D41053438C093117C4FA
:10598000A89D0AA3121022C2F007E4E1B168B2E6B2
:10599000A17BF04000A41A1022C2406A19CA0BD1A0
:1059A0000D213668D43051E284CB98F0830704A5EA
:1059B0001E90A1C24614DDA051C3C68C0934828852
:1059C0002024548C1133D9A841E3901203A622104D
:1059D00022C22686DC087399A91A526AD0A851649B
:1059E00046991835A4D444C3888C4378D22800A79C
:1059F000180E22C260D0482823828C8C3142C448C1
:105A00000983061FFC0707A8220E22C2145AF0D8E9
:105A1000A1052D097444C899118646985163629076
:105A200089314784A009720200A91B0F22C220C439
:105A3000941053423A512124891034429208332160
:105A40002CB5BC06AA16E871C23368D4A051AE4684
:105A5000891A25E6841942A34401AB111022C260C1
:105A6000D4E88307E22179F0FF4001AC1A0E22C28C
:105A7000418884119E9820444698206182142522F2
:105A800069D0962401AD1A1022C270D268D9B246EC
:105A9000858C0C241E5682420E116AB6529307AEB4
:105AA00019CE65C22028DC1081262B3477FC9CC1DE
:105AB00092250D0A19174800AF221022C265501511
:105AC000996A8C90122182980873E9D0A55B57825D
:105AD000A0906263089152680A00B0171022C21E9B
:105AE0007CF00C850CBC7088C0C1A4C543FFE0816C
:105AF00000B11CCEA1C220441222B2072D441222B2
:105B0000B2072D441222B2072D44122232B22110C4
:105B100022C24084081222488820A11E124A9010F6
:105B200041420409F5905082840812224828B30F9C
:105B30001022C260881F99872343FCC800B4100E4E
:105B400022C2F03F380FFAC103244C1E3CB51FCED1
:105B5000A1C2608489116182840912264898208D2F
:105B60008409122648982061428C3031B618D0A1A1
:105B7000C24614DDA06152091424509040410285B0
:105B800010C48704B717B061C242888C11130F7E0E
:105B900040C20D2B7528CD92160700B819CEA5C2AC
:105BA0002696A431352C5C30E1092122848810220C
:105BB00042880400B9131022C2F001617A214C041A
:105BC0002A3E6AF3E00101BA101022C2F00786E90A
:105BD000B1C1640F7E9000BB181021C342888C11A4
:105BE00013438C14A2511123238C9821440400BC2C
:105BF000190832C2258A1029A1648C48266A94A803
:105C000051C2840831430200BD180E22C2A41D51A6
:105C100092254996244AB224C99244C929520400C3
:105C2000BE15D0A1C2F08178481E3C100FC9830771
:105C3000E221E20400BF16D0A1C2F08178481E3CE8
:105C4000100FC98307E22161C40800C015D0A1C2AA
:105C5000F08178481E3C100FC98307E22163C4001D
:105C6000C11B1022C249142111718484111256647F
:105C7000D4A2458C54A14B66D4A600C21B90A1C2ED
:105C8000C288914041020509142450904041028588
:105C90001862F4E00102C31B1022C280104F0421DD
:105CA0001184441012E142840A1184441012E1125A
:105CB00062C4100A2AC2268C10FD47D60325460668
:105CC00000C5291022C2248898183344262122486E
:105CD000B8E841C2068D1A346AD03041A3850B1250
:105CE00042641232668411120400C6211022C24A94
:105CF000D6A890E15295196464D0A841A3060D314D
:105D000034A69470E143849A250A00C717D0A1C233
:105D100020C4097B488438610F891027EC2111E2E7
:105D20008401C812D0A1C260C4534B6C0F91114FB3
:105D30002DB10900C916CE65C22C9460B953889460
:105D40002C5267B2E8D8B1A28301CA10CCA9C244D0
:105D5000CED49041F2C9837F6000CB110C2AC2449B
:105D6000CED4904192CAC9837F6000CC1AD0A1C220
:105D70001C5E8C8B174285080D0F6150214245BC7B
:105D800070233E3000CD1A90A1C22698EC68718233
:105D9000C49111C64C0C3941E2448F252C0C00CE25
:105DA0001F1022C2C28891404102854B24CC883802
:105DB00022E4841813245C42410205710200CF25BD
:105DC0001022C26412DDA05102C50C1C225488505E
:105DD00021428508153250904051834AB132519882
:105DE000B40800D01F1022C2F001616A481131448A
:105DF00044222212113144861421210811137EF00D
:105E00008000D11BEC69C2440CCDA021C24408A47F
:105E1000A1086142068D4184CA1C495100D20A8CF6
:105E2000A9C24008FF4704D3148BA9C2107460B103
:105E300043491E3C0872A8D8C0A000D4138CA9C244
:105E4000440C8D12150F3E18A1440D324200D51E90
:105E50008FA5C2162E943041A386942961A4858B08
:105E600013468C9429346A943061E102D61C8FA1C8
:105E7000C2102E985413952962C509174D4C9429C8
:105E8000326A903051E18201D7138EA1C240B2A094
:105E900031446A5674B34819429301D8148EA1C292
:105EA00010D22032456B5AB458A30899C19204D934
:105EB000098CA9C2F0FF2001DA101022C284104719
:105EC0000FFE078810E20800DB12D021C2F08178B3
:105ED000387AF0403C1C3D782000DC190C2AC225A1
:105EE00092204542E81B2984091934061949A10268
:105EF0004D2101DD0890A0C3F00704DE131022C27B
:105F0000F00161FAF18307C4089354C50400DF1956
:105F10000F22C2145AF0584A4D9A3C882EDD921036
:105F20004E1829432A0C00E0198CE5C22592A45092
:105F30006161C4847890228C986042459214050077
:105F4000E11D1022C2796A1147C40409142450903B
:105F50004041A20A093251885724CC9205E2290E09
:105F600022C248D2DC905183048D12336AC8A82122
:105F700023844C318D1011838494124242CCA84169
:105F800063861D2C0600E313EF21C22B7A6A71820F
:105F9000891A3C7787268B9205E41E1022C22A9A22
:105FA0009C985264081921648490915146C49116BA
:105FB0003716D1109F2903E5161022C246D6A849EC
:105FC00084B8346A96A034854A3CF80101E60E0A8A
:105FD0002AC2F0E018FDB307419038E7211022C231
:105FE00044B6929044060E212349913141563162C4
:105FF000C306C598146292A543690800E810EE61D3
:10600000C2A24899415BB17026583E03E91B102299
:10601000C26550151B2725501871C46A2326284ACB
:106020002071C34AA12900EA101022C246989E3D61
:10603000F80131C2F40C00EB200E22C22658CA200F
:1060400042420991461663C414124494D282230436
:106050008A19340A9D2100EC161022C28410F79090
:106060003D784098122444900842882300ED17D0D0
:10607000A1C220981262448811A6888E2923428CDE
:106080000861C202EE1B90E1C2163EF8E849449254
:106090001064E245121204C5881423528C3000EFBC
:1060A000191022C2259A3069918CF842C483072EB8
:1060B0004414294447450A01F0170A32C26206C552
:1060C000A06202A513376C3A81E2410B140400F17F
:1060D000211022C24714213A456C9ABC7860689915
:1060E0003151C3848511229910C984482644220065
:1060F000F2240F22C21C5CC4B85446C68C10346211
:1061000048B0B28389961C2224D098112248A52B2E
:106110002C3A0800F31B1022C26550851042260657
:106120009210880EB9CC870B1F4E6898425300F42A
:106130001D1022C279D46CA52687081C146E58A89D
:106140007181060A1969B46C59A32701F514CA694B
:10615000C2248E9419148A04CA48051A53E404010F
:10616000F61A4E25C3149D205183C61022F1A005B6
:1061700021328346091217281000F7291022C24243
:10618000D874F171838695194864E41041D288214E
:106190002344D41021A3C4081121468810239298C7
:1061A000160D00F8231022C240F8643A95680D0DD0
:1061B0003253C6C8912248CA98215584841822486F
:1061C0008A2021828402F9221022C2A58A911044D9
:1061D0004210094124049170E1CA94085122448973
:1061E00010254294B8610300FA169021C31A5EF894
:1061F0006882A99874436A90384102438507FB1C62
:10620000D0A1C260D458187126442D4A21268998FD
:10621000606184CB509040411C01FC221022C227B7
:10622000165909236594698642D4115147449D113A
:1062300064688CA921E54690344B0C00FD270E22A2
:10624000C22CA1108142040A11284490108984486C
:106250002444222142884842441222921091848888
:10626000244464FE130C26C2255498A9534B569D12
:106270003226547E0500FF1D0F26C223849C107217
:10628000A2253125C4946849D00841235A2842A345
:1062900084850200000004FFFF01001E0F26C223B8
:1062A000048D1034A2253125C4946849C8092127DA
:1062B0005A2842A384850201011DD0A1C2F0011118
:1062C0008144043E7860442011810F1E1811484417
:1062D000E0830704010218AE65C226585A522ED830
:1062E000A84267D0DC90618284450300010320103E
:1062F00022C2275CA4404102059235894808122237
:106300004804A1344B50228122858B0301040F0ED7
:1063100022C2F029FDD30747983C2801051AEF61F6
:10632000C260F2E090718286092235C4D45E2943AE
:106330006894B0200001061E2F61C3406654994145
:1063400042C48C113266CC993167C698194466985C
:1063500020210001072D1022C2655015213203872C
:10636000882123628891229310112484882021445B
:106370002629626484183242068E21444AA12900EB
:10638000010824CFA1C2B0480DD19223040E1123DD
:10639000648C184382C884102546845011424508F5
:1063A00015E105000109151022C2F00111376EDA5E
:1063B000B0194684D883FF8102010A141022C2F06A
:1063C000012142A34805234CFF14212200010B1C8C
:1063D000CEA1C220048910244252084921248510EC
:1063E0004E54911D2C78B04400010C1BCEA1C22844
:1063F00058EC58B1434909E1490A212984A4108283
:1064000044081200010D240E22C264D0604173C3FF
:10641000C2880B332C90A82184C6101244B4E00823
:106420008162068D42670800010E16D0A1C21C5E73
:10643000C88BD7C2C343185CF48B27E20303010F58
:10644000210E22C245D2140BF7E0854824442221B4
:106450001209914888444224122291108934010182
:1064600010230E22C24248102141840411124448D4
:1064700010214184041112444850915108CB43F239
:10648000A00101111AD0A1C240104F88202182849E
:10649000081222488820A11E92070F04011219D069
:1064A000A1C24010132248A887E4C103F190508292
:1064B000840842840401131AD0A1C2F081784828CC
:1064C000414204091124449010414204210E090163
:1064D00014125021C3C08813170F3E10F1C41123AA
:1064E000000115271022C2265CF410814488201A6E
:1064F000814A0492304A842811A2248C2A118846A9
:1065000011213744A87081000116180C2AC22654A4
:10651000E440423809814493108810921C2A1100EB
:106520000117100832C226D5A0073F40446A9804DC
:1065300001181E0E22C2269628C99206CD0D1936C4
:106540006414114244C8AC61528591070F080119C7
:10655000170F22C274AA053912E16153305DA8F009
:10656000301D3C3300011A1A1022C22998F0605ADB
:106570000553964C55B2A29506111B24B468000130
:106580001B23EF61C21232CCB811A54A943152C21A
:1065900090328406CFA55A63A484A112C48808143B
:1065A0000100011C1E0E22C22054844031C2440945
:1065B0001226489C10410F9A0916F6A0996099017D
:1065C000011D281022C26412DDA05102C58C1133B6
:1065D000449024428C4862442249C6482450D4A0A6
:1065E00052AC4C14262D0200011E261022C2641249
:1065F000DDA05102C50C1C2254881023921891541E
:10660000C8404102450D2AC5CA4461D2220000009B
:10661000BF0003020304030504070E00FE0AFE0B7D
:10662000FE01830300095E200500F2072107D1C3A4
:10663000C72111220723DF47E2122313D5C24F29B6
:10664000899264504A493228A5244A120024135ED4
:10665000BE5F36245122258D63222552920C61049F
:10666000250F56C28F242592B486E964892C002612
:106670000E56C29716F56692122D894C012706A177
:10668000DFC710280B6CBB5F548BB28E5958290C96
:10669000ECBA47580BB34E5954032A0BBDC657A545
:1066A000B2654B53042B0ABDC657581AA4B0042C2C
:1066B0000822BB879228002D068DD2C7202E081BEA
:1066C000BF4FB224002F0E6EBA6F310DD3621AA6DF
:1066D000619A02300D56C2971625A18F4994490040
:1066E000310BD5C2572625619F0601320D56C2CF08
:1066F0009084621AA661E330330D56C2C7352CCEA2
:10670000A928264302341056C267A825591275C914
:1067100092614C1300350F56C2C7214D07254C53CB
:10672000514C8604360E56C2D714A69545138DC912
:106730009000370D56C2C7354CC3344CC3340438AF
:106740001156C2CF90846212655A9484C664480080
:10675000390E56C2CF90846ECA928A5A34013A0BCF
:1067600043C34FB2E448B224003B0942BFC7102ADA
:1067700089023C08CDC267D6B5033D0826CEC71DA9
:106780001D063E09CDC247DAAD23003F0D56C2CFEC
:106790009084626B1D4C2300401256C2D79449432B
:1067A000122991122991B4C44300410D56C2971683
:1067B00025A1711844C700421256C2C7106549A8E6
:1067C00025439425A12D192200430D56C2CF908454
:1067D000D68E62322400440D56C2C7106549E8B710
:1067E000648800450C56C2C721AD0E51DA3A0C46FA
:1067F0000B56C2C721AD0E51DA15470D56C2CF90C8
:1068000084D6D210DA9425480B56C247E8380CA239
:10681000C700490AD5C2C72085FD34084A0C56C2B4
:10682000DF98F692255934014B1056C247A82551DE
:106830002513932CAA25A1184C0956C247DA5F8765
:10684000014D0C56C247380DD1E2D163004E0E56B1
:10685000C247286E9B1249897614034F0C56C2CF4B
:106860009084FE980C0900500C56C2C7A0848EC3B9
:1068700092B602511066BACF90841E87484A34659A
:1068800048E300520E56C2C7A0848EC312D5925060
:106890000C530D56C2CF9084664731191200540A2A
:1068A00057C2C7218BFB1B00550A56C247E81F93EE
:1068B0002101560C56C247E89844BD892600570C62
:1068C000D5C247E6974449942E00580E56C2472831
:1068D00026519BA8452DA118590CD5C247664B4A95
:1068E000491676025A0C56C2C735AC86D5301D06FD
:1068F0005B0A6CBBC7A0F5DF86005C0E6EBA471A58
:10690000A7715A4EE3344E035D0AECBAC790F5DF27
:1069100006015E091EE297162561005F060EBAC7E2
:106920000160061BE34756610D3EC2CF9084693279
:106930008C623208620D56C247DAB268A2715316F1
:1069400000630C3EC2CF90846A63322400640B560D
:10695000C26FCBA28D6ECA12650E3EC2CF9084E28A
:1069600030A861322400660C56C29F1655B3414BC5
:10697000BB0167114EBACFA2255992455B982C6195
:10698000322400680B56C247DAB268A2C700690B0E
:10699000D5C2579823624F83006A0CE5BA671D1170
:1069A0003B6A5AB2006B0E56C247DA9644956C8B1E
:1069B0006A49186C09D5C28FD89F06016D0EBDC2F9
:1069C00087D2A2244AA2244AA2056E0A3EC247B236
:1069D00068A2C7006F0B3EC2CF90841E9321017046
:1069E0000D4EBA47B268A27153963405710B4EBA78
:1069F000CFA28D6ECA9216720A3EC247B268A2DA60
:106A00000A730E3EC2CF9084492C27613224007451
:106A10000C56C2575A1BB4B453A60075093EC24760
:106A2000E89BB204760CBDC247664B4A4916460045
:106A3000770DBDC2476649944449942E00780D3EB7
:106A4000C247282651A645492806790D4EBA47E87F
:106A50004D5952311912007A0A3EC2C7B1350C871E
:106A6000017B0B6CBB9792750AB38E027C07E9BB66
:106A7000C787007D0CECBA8798758CB22E12007E09
:106A80000B26DE4F984452122600A00500F207A103
:106A900008D1C387320C01A2124EBE5738242525D7
:106AA0004BB2244BA264C83200A30DCDC297540947
:106AB000B3210AB3212AA40C36CA47980C51A72146
:106AC0000903A510D5C2479694922C1AA46890C2C7
:106AD0001200A608D1C3C7100D01A7135EC2CF9044
:106AE0008449AC45499844999C84C99000A807946E
:106AF000E6472405A9105EC2CF90848A320DD9D30F
:106B0000624C8604AA0DC5CECF92258326294A3A27
:106B100008AB0F3EC25F1225511225611226611289
:106B2000AC07A5C2C72036AD068CD2C710AE145E26
:106B3000C2CF908483320DD1B04C433444633224AD
:106B400000AF068DE6C720B009A4DE8F1249890286
:106B5000B10BB5C257180D52180D02B20ABCD28F34
:106B6000126551DB10B30CBCD28F12658928250A3F
:106B700000B4071BE3575202B50BC5BA47E6B62C63
:106B8000891802B615E5BACFA0244AA2244A45893D
:106B90009228899228899268B70689D74700B80752
:106BA0001ABB4FA200B9083BD34F227519BA0AB4D9
:106BB000D28F1249893A04BB103EC2471226611295
:106BC00026511225519201BC1056C24FA82551974B
:106BD00030AA2815690803BD1056C24FA825519741
:106BE00030C9949A964403BE1156C2871655A24CDA
:106BF00052C22889948AB406BF0D5EBA579A836937
:106C000063514C8604C00F66C2579C635A9484E259
:106C100030888E01C10F66C25F98835A9484E23037
:106C2000888E01C21066C29716E5901625A1380C11
:106C3000A26300C30F66C28F6487B42809C56110C0
:106C40001D03C40F5EC24F94435A9484E230888E71
:106C500001C50F5EC29716655A9484E230888E0192
:106C6000C60D56C2D790943A0D43D49F06C70E6600
:106C7000BACF9084D68E6232843500C80F66C25770
:106C80009C23C390560725AD0E03C90F66C25F98BB
:106C900043C390560725AD0E03CA0F66C29716E58B
:106CA000C390560725AD0E03CB0E5EC24F940F4323
:106CB0005A1D94B43A0CCC0BE5C24F9A0F52D8A788
:106CC00041CD0BE5C25F7D90C23E0D02CE0CE5C208
:106CD0005796C48314F66910CF0BDDC24F7990C26A
:106CE0003E0D02D01457C2CF9095C2241CA4244C50
:106CF000C2244CB2688800D11266C28F64D7362590
:106D0000522229911229D13601D20E66C2579C43D4
:106D10004312FA31191200D30E66C25F9863431210
:106D2000FA31191200D40E66C29716E5C890847E17
:106D30004C8604D50E66C28F64478624F4633224E1
:106D400000D60E5EC24F94234312FA31191200D7B7
:106D50000D3FC2479A6495B49255D200D81676BAC0
:106D60006F6548B22991122951222552A22D1992FC
:106D70003405D90C66C2579C23A13F264302DA0C86
:106D800066C25F9843A13F264302DB0C66C297169A
:106D9000E5A13F264302DC0C5EC24F9487FE980CAF
:106DA0000900DD0DE5C25F3DD3925292859D00DE64
:106DB0000D56C2479A0E4AE8382C690ADF0F56C2B0
:106DC0009716F5B445B5244BB26101E00F56C25792
:106DD0009C434312A6C9308AC920E10F56C2671DE1
:106DE0001A92304D86514C0601E21056C29716E5B4
:106DF000C8908469328C623208E30F56C28F6447B0
:106E000086244C9361149341E40F4EC24F94234364
:106E100012A6C9308AC920E5115EC29716653A34B8
:106E200024619A0CA3980C02E6103FC2CFA044251F
:106E3000294906298B2A8302E70D4EBACF90846A2E
:106E40006332843500E81056C2579C4343128AC30C
:106E5000A086C99000E91056C25F986343128AC3A6
:106E6000A086C99000EA1156C29716E5C89084E240
:106E700030A861322400EB104EC24F942343128A93
:106E8000C3A086C99000EC0BD5C24F9A23624F83F2
:106E900000ED0AD5C25F1D117B1A04EE0AD5C28F20
:106EA00054177B1A04EF09CDC24F5DEC6910F00D49
:106EB000DDC24FAD922683E62D5900F10B56C28FED
:106EC000644F164DF418F20D56C2579C4343127A84
:106ED0004C8604F30D56C25F986343127A4C8604C5
:106EE000F40E56C29716E5C890841E932101F50E44
:106EF00056C28F64478624F4980C0900F60D4EC2E2
:106F00004F942343127A4C8604F70A2EC2978E0CB4
:106F10003B2201F8135EBA6F180D49944889122973
:106F2000D1960C499A02F90B56C2579C23A16FCAFD
:106F300012FA0B56C25F9843A16FCA12FB0B56C2DE
:106F40009716E5A16FCA12FC0B4EC24F9487BE295B
:106F50004B00FD1266BA5F9843A19864499425D905
:106F600018D53400FE0E66BA47DAB268A27153969D
:106F70003405FF115EBA4F9487629225519664637F
:106F800054D30000000004FFFF0000BF020403030D
:106F900004010204060D00FE09FE0AFF018F030B27
:106FA00009992007EEF8E30D002109EEB80BE9532B
:106FB00071002209EE384BE83D4600230EEEF8033F
:106FC000915058505890D00301240DEEF843C95009
:106FD000D0B0A0918702250FEE784B1C4410C92831
:106FE000A238889006260EEEF883CA90D0C81C44BA
:106FF0008814032709EEB80BA9C70A00280EEE78FB
:10700000CA08C908E94A484A0E00290EEEF849099B
:107010004909E946484612002A0EEEF8438A4850CC
:10702000585088C843022B0CEEF8C30A899808C947
:10703000C3022C09EEF8633BA312002D08EEF823DF
:10704000B347062E09EEF8632B4323082F0FEEF803
:107050004308C908C9289211928700300DEEB8CBB9
:107060005088F04482461C00310BEEB8CB8C10E9FE
:10707000893100320DEE7853889008C9E8C81800AD
:10708000330DEE381BC9A8A1122291A006340EEED2
:10709000F80BC98C9044686123240D350FEE381F1E
:1070A0000409554C080991485003360FEEB88FC8B3
:1070B0000809554C9090485003370DEE381BC9080D
:1070C000C908C908A907380EEE7853883091A01076
:1070D0006122410D390DEE785388B0982852233241
:1070E0000E3A0DEEF843C9D0C843C8D088033B0C14
:1070F000EEF8C3CAD0C843CCA8043C0AEEF843C893
:10710000E84AC7003D09EEF8C31BDB43023E0AEE26
:10711000384BE946F710003F0DEE7853889008C9C8
:1071200028121507400DEE785388B03838B0902AF1
:1071300006410DEEB8CB508830391861220C420D53
:10714000EE389748E80589842EAE01430CEE78535B
:107150008810E989043500440BEE389748E8FFE2CF
:107160001A00450CEE381F0429AA1052640C460D73
:10717000EE381F0429AA10D21E0200470DEE7853E4
:10718000881069514222410D480CEE388B707230E4
:10719000C2893000490AEE78D308E91B6A004A0B1D
:1071A000EEB813E911890435004B0FEE388BB0901F
:1071B000209921915042220C4C09EE380BE947C628
:1071C000004D0DEE388B901C3C08E14418004E0E2B
:1071D000EE388B54541C1C48342111064F0BEE78AA
:1071E0005388F013096A00500DEE38578830B910F3
:1071F000D21E0200510DEE785388F0C94104951853
:1072000000520EEE38578830B920915042220C536C
:107210000EEE78538810495109914850035409EEF5
:10722000389B08E9E700550AEE388BF02712D400A6
:10723000560DEE388B702241C246481C00570BEEAB
:10724000388B7072F08930005810EE388B9048906F
:10725000D0C8905088900803590DEE388B90489014
:10726000D008E91C005A0DEE381BC908C928921134
:1072700032065B0AEEF89108E98FE8005C0DEE3803
:107280000B49094929921212065D09EEF811E99F8E
:10729000D0015E0AEEB8CB5088C863035F08EEF8F1
:1072A000E3CC0C006009EEF849C9E30400610CEE80
:1072B000F8A3A09238A198500C620EEE380B692109
:1072C0003141425241210D630CEEF8A3A01021522E
:1072D00022410D640FEEF84308A990A0286131A166
:1072E0001800650CEEF8A3A010391892A206660DDE
:1072F000EEB88F4828922911D21E00670FEEF8A32E
:10730000B8D064448A4244820200680DEE380B69AA
:10731000213141C2893000690BEEB80B490EE98674
:107320001A006A0CEEF80B490EE9422723006B0F96
:10733000EE380B692141324322A14418006C09EE5A
:10734000780FE937D4006D0BEEF8C3571C3C2811B9
:10735000066E0CEEF8C34B484C9070220C6F0CEE8E
:10736000F8A3A010E144821A00700EEEF8C34B4857
:107370004C905450285204710DEEF8A390A028A10F
:107380009850A401720CEEF8C34B484C10690F01E1
:10739000730EEEF8A3A0109198921091A006740DB0
:1073A000EEF803A92911D242641A00750BEEF8C356
:1073B0008BF062423100760CEEF8C38B309120A145
:1073C0001107770DEEF8C38B901C1C58844403788A
:1073D0000EEEF8C38B48D008C950880803790EEE2A
:1073E000F8C38B7031A188448202007A0AEEF8C398
:1073F000DBE8C818007B0EEE388E08A912999211AE
:107400005235077C08EEB80BE9CF017D0EEEB84D82
:1074100009A9911A91125232097E0BEE784B44540D
:1074200084C46305A007EEF8E30D00A10AEE380A54
:10743000890AE97300A212EEF8C75048444C844808
:107440008448A4208A8702A30DEEB88F4828922989
:107450001152620DA40FEEF8438A1C44846471102B
:10746000220F03A50FEE388B90489050988898080B
:107470008903A60BEE380A690F21A43900A710EE84
:10748000F8518850518890485091485003A809EE0F
:10749000388B90C86309A911EE7853884C485094F2
:1074A000504C488C485003AA0CEE38571DC81C8419
:1074B000D94302AB15EEF84349444844488444C4D8
:1074C00048C448C448C4C300AC0AEEF8C31F54A55E
:1074D0008704AD08EEF8A3A34707AE11EE785388F2
:1074E0004C54444C54A8882091A006AF08EE38575D
:1074F000D4630AB00BEE7853889048D0A306B10D40
:10750000EEB80B891C9408091E1403B20CEEB8CD1A
:107510004408C928A24708B30EEEB8CD44C848892C
:107520004488CCA304B409EE38CAC8E30600B50CFD
:10753000EEF8C38BF0E4402A0A00B612EE781F1C66
:1075400044B488980891089108910806B709EEF8A4
:107550002311924708B809EEF8E350460600B90B2C
:10756000EEF8C90C69438F1000BA0DEEF88D54C4C3
:1075700044940CD6A300BB15EEF8C344C844C844D9
:10758000C844844448444844C84301BC0EEEF8C98A
:107590000C697233221142240CBD0EEEF8C90C297D
:1075A000A298109251440CBE13EEB8CD44C848893D
:1075B000444850C88C4884100903BF0EEE380A892D
:1075C0000AC928122191A006C00FEEF84989CA50B5
:1075D00088901C8C900803C10FEE78CA88CA508826
:1075E000901C8C900803C210EE388E4808CA508850
:1075F000901C8C900803C310EE384AA49094A110FC
:10760000213918211106C410EEB8899008CA508893
:10761000901C8C900803C511EE38CA8484D0C850E1
:1076200088901C8C900803C613EE785B88448844CD
:1076300088444C90904488441003C70DEE785388DA
:1076400010E989048D1A00C80EEEF849091E0409D4
:107650005508091903C90EEE78CA081E0409550811
:10766000091903CA0FEE388E48881D040955080908
:107670001903CB0FEEB88990881D04095508091924
:1076800003CC0CEEF84949D208E9861A00CD0CEE7D
:1076900078CA48D208E9861A00CE0DEEF88D48085F
:1076A000D208E9861A00CF0DEEB88990C8D108E952
:1076B000861A00D00CEE389748E8A2425F5C03D1EE
:1076C0000FEE384AA49013A9A8389868220CD20D5E
:1076D000EEF849495288F044821A00D30DEE78CA78
:1076E000485288F044821A00D40EEE388E48C851B1
:1076F00088F044821A00D50EEE384AA410A410E196
:1077000089043500D60EEEB88990C85188F04482BD
:107710001A00D70EEEF8C38B48D0C85088C8C300F3
:10772000D80FEEF80346504834A9A890A08805D990
:107730000CEEF849098AF089043500DA0CEE78CAB3
:10774000088AF089043500DB0DEE388E488889F010
:1077500089043500DC0CEEF8496826C22712D400F3
:10776000DD0EEE78CA088A488484D008690EDE0DE2
:10777000EE380B558830B910520F01DF0EEEF803CA
:107780005188905C8830B98805E00DEE784B4952FD
:10779000499C504C2806E10DEEF8CB4852499C50CC
:1077A0004C2806E20EEEB88F48C851499C504C2830
:1077B00006E30EEEB84BA410A49238A198500CE446
:1077C0000EEE784B684725714231A11800E50FEEA7
:1077D00038CE44C40C52499C504C2806E611EEF8B1
:1077E000A3A09188A08810899088908806E70EEE63
:1077F000F8A3A01021522241A30600E80DEE784B19
:107800004952881C0C495103E90DEEF8CB485288C7
:107810001C0C495103EA0EEEB88F48C851881C0C65
:10782000495103EB0DEE784B684721723024450D2A
:10783000EC0BEE784B490EE9861A00ED0BEEF8CB17
:10784000480EE9861A00EE0CEE788F48080EE9869D
:107850001A00EF0BEE384B6838A41B6A00F010EEEC
:10786000B849888C90848850887022410DF10FEEC1
:10787000B84BA49093909820E1441800F20CEE7855
:107880004B4952887022410DF30CEEF8CB485288D8
:107890007022410DF40DEEB88F48C8518870224116
:1078A0000DF50EEEB84BA410A410E144821A00F6B8
:1078B0000DEE388B90C851887022410DF70CEEF810
:1078C0004309091A0AC94301F810EEF80346508823
:1078D000509454904850C402F90CEE784B098AF049
:1078E00062423100FA0CEEF8CB088AF062423100B5
:1078F000FB0DEEB88F488889F062423100FC0DEE36
:10790000388B908889F062423100FD0FEEF8CB0889
:107910008A7031A18844820200FE10EEF8C308A9E3
:10792000909820A9A050A40800FF10EE388B9088F2
:10793000897031A1884482020000000004FFFF002A
:1079400000BF0003020304030504050D00FE09FE49
:107950000AFF015F02C408542005006E0721074991
:1079600043C7210922079B5A476209230E3D464F10
:10797000294906A53228A52401240F4D425736284F
:1079800051926D49940C5A04250D4D424FA474CC6C
:107990008A498B9400260E45424F9644495689A247
:1079A0002952022706195BC700280BDB3E57122518
:1079B00051B7280B290CDB3E4716655197288900E3
:1079C0002A0A2D5257A5B23445002B0A2D4A5718C2
:1079D0000D5218012C079B3E8F52022D060D52C7E7
:1079E000202E089B3E4FB224002F0B4D42672DCC1A
:1079F0008A591802300B4D425796D4BC25B5083130
:107A00000B4D42572625614F8300320B4D42CF92DA
:107A10006961D67110330C4D42C72066B535D492DA
:107A200005340F4D425F984949949492410B1300DD
:107A3000350C4D42C7B1620A432D5900360D4D42F7
:107A4000CF9289E19064B66401370C4D42C720663D
:107A5000611666610D380D4D42CF92D99225B3253E
:107A60000B00390D4D42CF92D992210CB564013AE9
:107A70000BC33E4FB2E448B224003B0AC33E4FB2B0
:107A8000E48852023C084D4267D6B5033D09254AB9
:107A9000C7A06383003E094D4247DAAD23003F0C87
:107AA0004D42CF92696156CCA108400D4D42CF9214
:107AB000999644492CE910410C4D425796D46CC319
:107AC00090D90242104D42C71055A2244AA64A94AA
:107AD000448302430B4D42CF9289BD250B004412D3
:107AE0004D42C71055A2244AA2244AA2241A1400C7
:107AF000450B4D42C7B13824617110460B4D42C74A
:107B0000B13824612300470C4D42CF92894D9B969A
:107B10002C00480B4D4247E6360C995B004908CBD8
:107B200042C712F5654A0B4D42D716F612451200B0
:107B30004B0D4D4247664A4A5A1255322D4C094D5B
:107B40004247D88F83004D0D4D4247A62D4BA224AE
:107B50009A5B004E0D4D4247364D4AA224D24D0B42
:107B60004F0A4D42CF92F92D5900500C4D42C7900B
:107B700064B641091B01510A553ECF92F9A5B206E0
:107B8000520D4D42C79064B6412955322D530C4DCC
:107B900042CF9289E91A6AC90254094D42C7208529
:107BA000FD0455094D4247E66FC902560D4D424747
:107BB000E696949228C9C208570D4D4247E62551D2
:107BC000122551BA00580E4D4247A625A524AB44B4
:107BD000494D0B590C4D4247A625A5240B3B015A94
:107BE0000C4D42C720666156CCC2415B09DB3EC7E3
:107BF00010F5A7015C0B4D4247988669310D035D76
:107C000009DB3EC7D49F86005E081D5A5796D402F2
:107C10005F060D3EC720600612634714610B3542B4
:107C2000CF9A0C9AA42801620C4D4247581C92CC62
:107C30006D5000630A3542CF9289B56401640B4DE3
:107C40004267CBA0B9254300650C3542CF920D4366
:107C500098250B00660C4D42975409B3210ADB00AE
:107C6000670C453ACF92D99221D49205680A4D42C9
:107C700047D862D2DC026908C3424F2875196A0BE3
:107C8000543A5FACB54952A2006B0D4D4247D894AF
:107C900094B424AA64016C08CB4287D42F036D0DE1
:107CA000354287D2A2244AA2245A006E093542479F
:107CB00062D2DC026F0A3542CF92B9250B00700CFC
:107CC000453AC79064B641098B00710A453ACFA086
:107CD000D992216C720935424762121B01730C352F
:107CE00042CF92256A92250B00740C45424F980DA5
:107CF00051D81429007509354247E6495102760BDF
:107D0000354247664B4A491601770B35424766496B
:107D10009444E902780B35424796D4C22CA90579E0
:107D20000C453A47E6A428A1962C007A093542C7AB
:107D3000A0751C047B0B5D3E9F1436A961AB007CD3
:107D4000064943C7037D0B5D3E871AB64A61930619
:107D50007E091D5A4FA4245202A005006E07A108F7
:107D6000494347320C01A20E454657B65494288920
:107D700092CA1601A30D4D42975409B32D2C290A1E
:107D800000A40C354647964C4994444B16A50F4D1C
:107D90004247A625A52419A46890C208A60849430D
:107DA000C7900C01A70ED4428F12894A2425A294B1
:107DB0002800A807936247A204A90F4D46CF922935
:107DC000C9215A96444B1600AA0C3D4ACF9A0C5A28
:107DD00032A48300AB0B354657D25392255912ACCF
:107DE000071D4AC72016AD068B52C700AE0E4D4682
:107DF000CF920DC92119945BB200AF060D62C72066
:107E0000B009A4568F12498902B10B3D4657180D8F
:107E100052980F02B2082B564F53920CB3072B56B1
:107E20004FB705B40612638F02B50A453A47E669B3
:107E300050C410B6124D42CF30244332244392280E
:107E40005112255112B7060A538700B806123B8F0C
:107E500002B9082B564F225506BA0A3D4ACF92D98D
:107E6000927910BB0C35464792255912253D01BC2D
:107E70000C55424F26D6E64C4AA231BD0C55424F16
:107E800026D6D62C09B36CBE0F55424F9664699422
:107E900064512625D118BF0C4D42570E855931D358
:107EA0009205C00E55424F9A435952D38621D302B0
:107EB000C10D55425F1DCA929A360C9916C20D55D6
:107EC000429754CF929A360C9916C30E554257D208
:107ED0008E64494D1B864C0BC40F55424F29C991E6
:107EE0002CA969C3906901C50F55425796646196E4
:107EF000D4B461C8B400C6114D424FB24449944451
:107F000089322551122503C70B5D3ACF9289BD25D1
:107F10005B0DC80D55424F9A0F633824613808C96C
:107F20000C55425F7D18C32109C341CA0D554297C4
:107F3000541DC67048C27010CB0E55424F29898718
:107F4000311C92301C04CC0AD34247162E519701A3
:107F5000CD0AD34257122E519701CE0BD4428F1225
:107F60008553D66901CF0AD34247A2644BD465D06A
:107F7000114D42C71055A2241A92521225D1A000C9
:107F8000D10D554257D29C699392489B16D20C55FD
:107F9000424F9A234BE62D5900D30B55425F1D5992
:107FA000326FC902D40B554297545E326FC902D565
:107FB0000B554257D2BE64DE9205D60C55424F296E
:107FC000C997CC5BB200D70A2D464796D42AB50094
:107FD000D8105D3E67B24497444994649A92250450
:107FE000D90B55424F9A67BE250B00DA0A55425FFE
:107FF0003DF32D5900DB0B55429754CD7C4B1600B9
:10800000DC0B55424F298933DF9205DD0B55425F6A
:108010003DD3925AD804DE0D4D42473824996D5015
:10802000C22200DF0E4D428F548992521255328B7C
:1080300002E00D4D424F9A236B326892A204E10C8C
:108040004D425F1D599341931425E20C4D429754C4
:108050005E9341931425E30D4D4257D2BE268326ED
:10806000294A00E40D4D424F29C9D764D02445095F
:10807000E50D55429754D2D764D0244509E60B3517
:1080800042CF96244B29E902E70B453ACF9289B5B6
:1080900064AB01E80E4D424F9A234B360C61962C8F
:1080A00000E90D4D425F1D59B26108B36401EA0D4C
:1080B0004D4297545EB26108B36401EB0E4D424FDE
:1080C00029C9976C18C22C5900EC09CB4247164AB3
:1080D0005D06ED09CB4257124A5D06EE0ACC428F8F
:1080E00012855AA705EF0ACB4247A264529701F0C6
:1080F0000D55424F2D53A325734B1600F10B4D42E6
:1081000057D29C9834B700F20C4D424F9A234BE65D
:10811000962C00F30B4D425F1D5932B76401F40BEE
:108120004D4297545E32B76401F50B4D4257D2BEB3
:10813000646EC902F60C4D424F29C997CC2D5900E7
:10814000F70A3D4657980F7A1801F80E453E67B278
:10815000444BA22453B28400F90A4D424F9A679EC1
:108160001425FA0A4D425F3DF3A42801FB0B4D4252
:108170009754CD3C294A00FC0B4D424F2989334F7F
:108180008A12FD0D5D3A5F3D735294504B1600FE0E
:108190000D553A47583169DAA4286108FF0E5D3A57
:1081A0004F298933274509B5640100000004FFFF0A
:1081B0000000BF0002020304030504060C00FE07D2
:1081C000FE08FF0139028507A82005006A0721077C
:1081D000394367A80022079B56275901230B3542D4
:1081E000AF1AAA4C69A80A240D4D3E37AF4AE59D47
:1081F00054B5230025093D4247CEDC3905260C3D08
:10820000422FA79872956454012705195767280AC9
:10821000CB3E37C514EB9803290BCB3E27C71CABCD
:108220009822002A0A3D42B7AA765ECD082B0A2D75
:108230004637A3386446112C071B3E4F8D042D068C
:108240000D4E67082E06924267042F0C3D421FE533
:108250008C728D7246003009BC424F45CFA400316C
:1082600008BB422FC9AE01320A3D426FE58C727BDA
:1082700008330C3D42676894B3863A2D00340C3DB8
:10828000423FCB54A6A1334A00350C3D42E746237A
:10829000C38C745A00360C3D4257E68C46CA3A2DC0
:1082A00000370D3D4267689433CA19651401380BD5
:1082B0003D426F659D56D66901390C3D426F659D03
:1082C0004646394A003A07AA4267C4113B09333E81
:1082D000CF466A24003C07AB4637D5053D081D4A0A
:1082E000676838043E08AB46275725003F0A3D42E1
:1082F0006FE536CA7404400C3D426F653552522317
:10830000C305410A3D426F653D46B603420C3D42FE
:1083100067C42AA659C5A100430C3D426F658D3242
:10832000CA28A705440D3D4267C42AA698628A431D
:1083300001450C3D42E746198D94514643460D3D9B
:1083400042E746198D9451461901470C3D426F652D
:108350008D328A3B2D0048093D4227DB63643B494F
:1083600008BB4267C5AE014A0C3D4277679451464F
:108370006594004B0B3D4227CB54EA14AB1C4C0ECA
:108380003D4227A38C32CA28A38C86004D093D426A
:1083900027AF95B43B4E0A3D4227EBA992DC3A4FFA
:1083A000093D426F65EFB400500D3D4267A4AC87B4
:1083B000CA28A38C00510A3D426F6557925105525D
:1083C0000B3D4267A4AC872AAB1C530B3D426F6543
:1083D0000D37D46901540E3D4267C88C32CA28A3B8
:1083E0008C220055083D4227FB4E0B560A3D422782
:1083F000BB5399720457093D42277B25D505580A7E
:108400003D4227EB5457B50E590C3D4227EB5467BC
:10841000945146115A0A3D42676894BBD1105B08DB
:10842000CB3E67C43E075C0D3D4227C38C32CC3047
:10843000A30C035D08CB3E67F639025E071D563775
:10844000A73A5F060D3A670860069B562717610A30
:108450002D426FC334741A01620C3D4227A38C462F
:10846000CAF65000630A2D426F658D725A00640B84
:108470003D421F659486B6D308650A2D426FE5A17B
:10848000325C00660B3D4257567967945106670B84
:108490003D3A6F653B8D8CD202680B3D4227A38C21
:1084A00046CAEE006908BB422F23D91A6A0ACC3AA1
:1084B0003F63DD9649016B0C3D4227A38CB24CB360
:1084C000CA016C07BB4247F61A6D0A2D4247B554E4
:1084D0005249156E082D422799DA0E6F092D426F09
:1084E000653B2D00700C3D3A67A46C0F955146001A
:1084F000710B3D3A6F683B8D8C320A720B2D42270F
:10850000991A65941100730A2D426F68B8E1500002
:10851000740C3D4237A338644619652875082D420E
:10852000273B950A76092D4227DBA98E0077092D76
:1085300042275B49750178092D4227A7BAAA03791A
:108540000A3D3A27DBA96E23007A082D4267E8F638
:10855000107B09CB3E37C52AC73A7C06493FE70165
:108560007D0ACB3E27C73AC52A027E091D4A2FAA9B
:10857000241300A005006A07A1073943270D01A2B3
:108580000B3D3E37AF4AC554ED08A30B3D4257564D
:108590007967149502A4082D4227F54E3DA50C3DA0
:1085A0004227A76AC838644611A6063943670DA753
:1085B0000CC4426F64A4A24C1A8D04A8068B5E27DB
:1085C00005A90F3E426FA48C645251268DD24800FB
:1085D000AA07AB526F253DAB092D4237F54E390541
:1085E000AC091D466768945100AD058B4E67AE0E11
:1085F0003E426FA48C5C51458DD24800AF060D5EA3
:108600006708B009A4564F45991400B10C3D423794
:10861000A3386446991A02B208AB56AF99D200B398
:1086200008AB5647A7BC00B4079B56379500B50B5F
:108630003D3A273B87D2282300B60F45426F8C3442
:10864000D24849C514534C01B706124F6704B80607
:10865000933A7701B907AB562FC96ABA07AB56AF41
:108660001B0DBB0A2D4227E594534F00BC10554209
:108670002F6B945146B54C71E48C1200BD0E5542DF
:108680002F6B94514675CA28D768BE0F554247C311
:108690009C615459A638724609BF0A3D4237D31926
:1086A000E5D602C00D55422FC34CAEACC7C876000C
:1086B000C10B5542BF2657D663643BC20D554237A6
:1086C000A74CADACC7C87600C30C5542CF4DADAC7E
:1086D000C7C87600C40B4D42AFA656D663643BC5EF
:1086E0000C554237A79C57D663643BC60C3D426F7E
:1086F000A898E248658A69C70E4D3A6F658D32CAFF
:1087000028A78DA204C81055422FC34C8D8D321A54
:1087100029A38C8600C90E5542BFA6C646198D9462
:10872000514643CA0F554237A78CC746198D9451FD
:108730004643CB0E4D42AFC663A38C46CA28A32145
:10874000CC0AD3422767B462D700CD0AD34237653B
:10875000B462D700CE09D342AFBD62D700CF09CBF8
:108760004227E515BB06D00C3D426F5671A432C5B9
:10877000B400D10C5542CF8DB39E2AC9AD03D20CA3
:1087800055422FC34CAEEC9D1600D30A5542BF266E
:1087900057F64E0BD40C554237A74CADEC9D160046
:1087A000D50B5542CF4DADEC9D1600D60A4D42AFCC
:1087B000A656F64E0BD7092D4627A7BAAA03D80FFF
:1087C0004D3E1FA515575249A599564600D90B5540
:1087D000422FC34C65DF6901DA0A5542BFA6B2EFEA
:1087E000B400DB0B554237A78CB3EFB400DC0A4D65
:1087F00042AFC6D9775A00DD0E5542BFA6B24E75BC
:108800004619651401DE0ABC4227AF688E9401DF69
:108810000B3D426F6599CA2A2B05E00C45422FC3D8
:108820004C6E98864E23E10B4542BF26374C43A73A
:1088300011E20C454237A74C6D98864E23E30B4559
:1088400042CF4D6D98864E23E40B3D42AFA6364C89
:1088500043A711E50C454237A79C374C43A711E6C7
:10886000092D426FA7B4EA11E70C3D3A6F658D728E
:10887000DA284A00E80C45422FC34CAE3C54860B24
:10888000E90B4542BF26571E2AC305EA0C4542376D
:10889000A74CAD3C54860BEB0B3D42AFA6561E2AAF
:1088A000C305EC09C3422767245B03ED09C34237C4
:1088B00065245B03EE08C342AF2D5B03EF08BB42A8
:1088C0002765D91AF00C4D42AFAE324C43DB69013B
:1088D000F10A4542CF8D93A9ED00F20B45422FC31B
:1088E0004CAE6CA705F30A4542BF2657B6D302F437
:1088F0000B454237A74CAD6CA705F50A4542CF4D55
:10890000AD6CA705F60A3D42AFA656B6D302F709ED
:108910002D463753435311F80A2D426FC895E65040
:1089200000F90B45422FC34C65775A00FA0A4542BD
:10893000BFA6B23B2D00FB0B454237A78CB33B2DA6
:1089400000FC0A3D42AFC6D99D1600FD0B553ABF4B
:10895000A6B29DEA3602FE0E4D3A27A38C46CAF611
:1089600050196504FF0B4D3AAFC6D94E751B010077
:10897000000004FFFF0000BF00020203040305041F
:10898000060A00FE07FE07000142029207B3200517
:108990000062072107394367A80022079B52275925
:1089A00001230D3D42AF4C69A86AA8322500240B73
:1089B0003D4237AF7AA7B42300250B3D422FAAEEE4
:1089C000AA251300260C3D422FA7987295645401E6
:1089D00027051953672808BB42379575012908BB3D
:1089E00042279755092A0A2D4627A76AA876002B01
:1089F0000A2D4637A3386446112C079B3E4F95003D
:108A00002D060D4E67082E079B3E2FAD042F0B3D04
:108A1000421F6594BB514600300A3D4237A7DA4EEB
:108A20007504310C3D4237CB94514619C521320CA7
:108A30003D426FE58CA2CC190D01330C3D426768B5
:108A400094B3863A2D00340C3D423FCB54A6A1335B
:108A50004A00350B3D42E746C9CC48A705360B3DD9
:108A60004257E68C92A9D302370C3D426768943393
:108A7000CA35CA00380B3D426F659D56D66901392B
:108A80000C3D426F65A95446394A003A0ABB3E2F55
:108A9000AD0CD34A003B09BB3E2FAD0C55093C0A37
:108AA000BC423FB6514619053D081D4A6768380467
:108AB0003E0BBC4227A38C328A6D003F0A3D426FB9
:108AC000E536CA7404400B3D426F65B99295E102E8
:108AD000410B3D4237A75A8F917500420C3D4267CA
:108AE000C42AA659C5A100430C3D426F658D32CA08
:108AF00028A705440D3D4267C42AA698628A43010F
:108B0000450C3D42E746198D94514643460D3D4282
:108B1000E746198D9451461901470C3D426F658D0A
:108B2000328A3B2D0048093D4227DB63643B4908FC
:108B3000BB4267C5AE014A0C3D427767945146651A
:108B400094004B0B3D4227CB54EA14AB1C4C0E3D1A
:108B50004227A38C32CA28A38C86004D0A3D4227A7
:108B6000EBB592B6034E0A3D4227EBA992DC3A4F91
:108B7000093D426F65EFB400500D3D4267A4AC87DC
:108B8000CA28A38C00510A453E6F65AF6AC30052E4
:108B90000B3D4267A4AC872AAB1C530B3D426F656B
:108BA0000D37D46901540E3D4267C88C32CA28A3E0
:108BB0008C220055083D4227FB4E0B560B3D4227A9
:108BC000DBA94C31E508570A3D4227BB924A7700A2
:108BD000580A3D4227EB5457B50E590C3D4227EB3E
:108BE0005467945146115A0A3D42676894BBD110AC
:108BF0005B08BB4267C4CE015C0D3D4227A30C332A
:108C0000CC30C38C025D08BB4267768E005E071DC8
:108C10005237A73A5F060D3E67086006125B2706CB
:108C2000610A2D426FC334741A01620C3D4227A3BE
:108C30008C92A9A75200630A2D426F658D725A006B
:108C4000640B3D421F6594CC2D950A650A2D426F39
:108C5000E531325C00660C3D42575679C48C32CA0D
:108C600000670C3D3A6F689D46463A2D00680B3D03
:108C70004227A38C92A9ED006908BB422F23D91A81
:108C80006A0BCC3A3F635D4B9914006B0C3D422755
:108C9000A38CB24CB3CA016C07BB4247F61A6D0AEB
:108CA0002D4247B5545249076E082D422799DA0ED6
:108CB0006F092D426F653B2D00700C3D3A27997A64
:108CC0002A95514600710B3D3ACFDC52A98C320AED
:108CD000720B2D4227991A65941100730A2D426F69
:108CE00065B8E15000740D3D422FA33C624619C5A2
:108CF000A80075082D42273B950A760A2D4227EBDE
:108D000054A61C0177092D42275B49750178092D6E
:108D10004227A7BAAA03790B3D3A279B4A65A4D3F9
:108D2000027A082D4267E8F6107B0BBC4257659427
:108D3000348A19097C063943E7087D0CBC4247A3F5
:108D40009891CA2849007E091D522FAA241300A019
:108D500005006207A1073943270D01A20C3D3E37EC
:108D60000F15534C79C408A30B3D4257567967142D
:108D70009502A40A2D4227A799E2CA01A50D453EF6
:108D800027EB54C72133CA2802A6063943670DA72B
:108D90000B453E6F65343B374A0BA8068B5E2705B3
:108DA000A90C3D426F6595A64A3A2D00AA0AB44621
:108DB0006F44A56A3402AB0B2E42B78A29E698634A
:108DC00000AC07944A67E400AD068C4E6704AE0B16
:108DD0003D426FE591E6D46901AF060D5E6708B0CC
:108DE000069B52AF0BB10B354237A338644671086E
:108DF000B208AC4E4FC5E608B30AAC4E67A3A4D187
:108E00004800B406125B4F01B50A353E27DB53A973
:108E10008C00B60E3D426F8C34525231C514530053
:108E2000B705094F27B806123B4F01B907AB4E2FC4
:108E3000C96ABA0AB4464F4599341C01BB0C2E428C
:108E400027E698638A294600BC104E3E2F230D3337
:108E5000CC6866A4531C1906BD104E3E2F230D335B
:108E6000CC686554C38C321ABE0E4D3E47C39C611C
:108E70009459A634320ABF0A3D4237D319E5D602C7
:108E8000C00C45422FC3BCB21E23EB00C10B4542B0
:108E9000BF5E598F917500C20C454237A7B8B21E0C
:108EA00023EB00C30C45422F2AB9B21E23EB00C4AA
:108EB0000B4542AFA656D663641DC50C454237A785
:108EC000B8B21E23EB00C60B3E4277A4B239466C03
:108ED0000EC70D4D3A6F658D32CA28A75D03C80EC7
:108EE00045422F8F8D321A29A38C8600C90E454228
:108EF0003F8D8D321A29A38C8600CA0E4542378ECB
:108F00008D321A29A38C8600CB0E4542AF1A1B6501
:108F1000345246190D01CC09C34227A7155B03CD76
:108F200009C34237A5155B03CE09C342AF1A29B660
:108F300006CF09C34227E5155B03D00D3D4267C448
:108F40002A8E54A6381400D10B454237754F95E44C
:108F5000D601D20B45422FC3BCB23B2D00D30A45EC
:108F600042BF5ED99D1600D40B454237A7B8B23B2D
:108F70002D00D50A454237355776A705D60A454212
:108F8000AFA65676A705D7092D4227A7BAAA03D8B8
:108F90000B3D426FC52BCD991600D90A45422FC310
:108FA000DA3B2D00DA094542BFCCDE6901DB0B4517
:108FB0004237A78CB33B2D00DC0A4542AFC6D93BF4
:108FC0002D00DD0C4542BFCC3AD519651401DE0EEB
:108FD0003D4227A391F2501965941100DF0B3D42E9
:108FE0006F6599CA2A2B05E00C45422FC34C6E9839
:108FF000864E23E10B4542BF26374C43A711E20CB6
:10900000454237A74C6D98864E23E30C454237B551
:10901000A90DD3D06904E40B3D42AFA6364C43A75B
:1090200011E50C454237A79C374C43A711E60B2EA0
:10903000426F64548D998700E70B3D3A6F658D72DE
:10904000DA3500E80C45422FC34CAE3C46860BE9AE
:109050000B4542BF26571E23C305EA0C454237A7DE
:109060004CAD3C46860BEB0B3D42AFA6561E23C3D0
:1090700005EC09C3422767245B03ED08C342AF86B2
:10908000B235EE08C342AF2D5B03EF08BB42276544
:10909000D91AF00B3D424743B9B29D1600F10A457B
:1090A0004237B57132B51DF20B45422FC34CAE6C41
:1090B000A705F30A4542BF2657B6D302F40B454233
:1090C00037A74CAD6CA705F50B454237B5A995ED13
:1090D000B400F60A3D42AFA656B6D302F7092D46B4
:1090E0003753435311F80A2D426FC895E65000F9E3
:1090F0000B45422FC34C65A75201FA0A4542BFA651
:10910000B253A900FB0B454237A78CB353A900FC0F
:109110000A3D42AFC6D9A95400FD0C4D3ABFCCA6BA
:109120005219E9B400FE0D453A27A391B23D5446C9
:109130001901FF0D4D3AAFC6D9542A239D160000E0
:10914000000004FFFF0000BF02030203040101044A
:10915000050800FF06FF06000140028E07AB20064F
:10916000C5FABC022108C5FA613B9403220AC5DA9C
:1091700049944449CE00230DC53AA5241994CAA0A8
:10918000949218240BC55AD952DB9264CB01250A5C
:10919000C5DA619255C21C04260DC53A59122559EB
:1091A000254AB224062707C5FA619D052808C5FA95
:1091B00059D89A032909C5DA69D89623002A0BC51C
:1091C000FA581449432495012B0AC5FA68180D5220
:1091D00098032C07C5FACC5A0D2D08C5FAE42127AF
:1091E000012E08C5FACCD916012F0AC5FA489835C0
:1091F000E61000300CC5FA591225511225590E31CE
:1092000008C5FA99D83603320AC5DA523192C2211A
:1092100006330BC5BA4396A94914E900340BC5FAC5
:109220009994444316E600350BC5BA4312AE49146F
:10923000E900360AC5DA523855A24807370BC5BAD5
:1092400043988559982300380AC5DA5249AA4491AF
:109250000E390AC5DA52258AC648073A09C5FAA066
:10926000A6239A0E3B09C5FAA8A6235A0D3C09C5A8
:10927000FA48564CCB003D09C5FA94211E72103EA7
:1092800009C5DA6931AB23003F0AC5FA59126639BC
:109290009403400CC55A52242D8992485505410C1F
:1092A000C5DA52254A86244AA218420AC5BA53652D
:1092B000AA44C90E430AC5DA52252C453A00440C8B
:1092C000C5BA53254AA2244A7600450BC5BA4312B3
:1092D0004E6138C400460AC5BA43124E611D0247AA
:1092E0000BC5DA52254C9428D201480EC5BA51124A
:1092F000254312255112C5004908C5DA5BD836034B
:109300004A0AC5DA5B584AB21C014B0CC5BA515225
:10931000D2922889CA004C08C5BA61C721064D0EF1
:10932000C5BA5132244312255112C5004E0EC5BA9A
:1093300051A2244392288912C5004F0CC5DA522548
:109340004AA2248A7400500BC5BA53254AA6308716
:1093500000510CC5DA52254A948AA42600520BC546
:10936000BA53254AA64A14035309C5DA526B54D29C
:10937000015407C5DA5BD81D550DC5BA51122551E8
:10938000122551A403560CC5BA5112255112459A03
:109390000E570EC5BA5112255132244312C500583A
:1093A0000CC5BA5112459A54896200590AC5BA9936
:1093B00096D4C23A005A0AC5BA4398350E31005BBA
:1093C00008C5DA53D838035C08C5BA61DA18035DFA
:1093D00007C5DA63A7195E08C5FA5992B3025F0799
:1093E000C5FADC87046007C5DA69CE0C610AC5FAE4
:1093F000A4254AA26806620AC5BA613855A2640764
:109400006309C5FA34294C6500640CC5FA48182D67
:1094100051124533006509C5FA242931EA00660B6B
:10942000C5FA5912655B982300670AC5FA24A93466
:10943000461200680BC5BA613855A2248A01690931
:10944000C5FA3922D666006A0BC5FA480E85A524EE
:109450008B006B0AC5BA6129992A510C6C07C5DAD1
:1094600062B7196D0BC5FA14A54549942A006E0A16
:10947000C5FA94A91225510C6F0AC5FA24A9124500
:109480003A00700AC5FA94A932852100710AC5FA1A
:10949000A4258AC60A00720AC5FA949252CC210009
:1094A0007309C5FA34498D7400740AC5DA61B6854A
:1094B000499603750BC5FA94288992289A01760B70
:1094C000C5FAA4244AA224CB01770AC5FA944C49D0
:1094D00094CE00780AC5FA9428D2A43200790CC53B
:1094E000FA942889A2258A24007A0AC5FA9421AB25
:1094F0000D31007B0AC55A521AA9592A037C07C5A7
:10950000FA61EF007D0BC51A6A964A69A423007EB2
:1095100008C5DA493B3300A006C5FABC02A108C55C
:10952000FA3914B603A20BC5FA68B694926C8B0094
:10953000A30AC5FA59926C61D20EA40BC5FA5865FC
:109540004AA2254B01A50CC5BA595219A4689072BC
:1095500000A609C55A611D0AEB00A70AC53A4B3897
:1095600095C66407A807C5DA49CE0DA90AC5DA4B26
:10957000659A94CA0CAA09C55A5292E93B09AB0AEA
:10958000C5FAA4A42DC94100AC07C5FAF4B10CADCD
:1095900007C5FAF49D04AE0AC5DACB83B2283300BE
:1095A000AF07C5DA3B3700B009C5FA5992E52C0080
:1095B000B109C5FA68B6E5C80CB20AC55A591266AF
:1095C000D94E02B309C53A6AA4463A0DB407C5FAA2
:1095D00059CE01B50CC5FA9428899228994200B653
:1095E0000EC5DAC3900C49A2444994A400B707C53C
:1095F000FA2C390DB807C5FA1CB30CB909C55A992C
:1096000058DB4900BA0AC55A5992E5C84E02BB094F
:10961000C5FA945AD28E02BC0AC51A614B260D595E
:109620000EBD0BC51A612552C22C9B01BE0CC51A7A
:1096300069964A4934643900BF0AC5FA39948549A4
:109640009603C00CC53A69265586244AA218C10C57
:10965000C55A59285586244AA218C20DC53A5249FE
:10966000AA0C4994443100C30CC53ADDA4CA904405
:10967000491403C40CC51A512E5586244AA218C594
:109680000DC53A5249AA0C4994443100C60CC5DABA
:109690004B298986A494C800C70AC5DA52252C45EF
:1096A0005A06C80CC53A693424E1140E3100C90CBD
:1096B000C55A593624E1140E3100CA0CC53A526518
:1096C00048C2291C6200CB0CC51A513C24E1140E7F
:1096D0003100CC09C53A69B685B519CD09C57AB549
:1096E0002DACCD00CE0AC55A59126D616D06CF0959
:1096F000C53AF52DACCD00D00CC5DA533424A524E1
:109700004A6600D10CC53A9D2A4A4589922806D25C
:109710000CC53A692655A2248A7400D30CC55A593F
:109720002855A2248A7400D40CC53A5249AA444947
:1097300014E900D50BC53ADDA44A9444910ED60C29
:10974000C51A512E55A2248A7400D709C5FAF424EB
:10975000ABC400D80CC5DA4BA2249644497600D994
:109760000CC53A695489922889221DDA0CC55A59C8
:109770002989922889221DDB0DC53A52254AA22447
:109780004AA24807DC0DC51A511C2551122551A4C7
:1097900003DD0AC57AA52CA9857500DE0BC5BAE1E3
:1097A000548992298700DF0BC5DA52A59444953A73
:1097B00000E00CC53A698E2C5112453300E10CC50E
:1097C0005A590E2D5112453300E20CC55A59922FA9
:1097D0005112453300E30BC53ADD91254AA26806D4
:1097E000E40BC5DA49BE444914CD00E50CC53A5234
:1097F000495BA2248A6600E60AC5FA9421524C43CA
:109800000AE709C5FA34294CB508E80AC53A698E51
:1098100048895107E90AC55A590E49895107EA0A88
:10982000C53A525D4A8C3A00EB09C5DA492E254605
:109830001DEC09C53A698E88B519ED09C57A7544DC
:10984000ACCD00EE09C55A59928BB519EF09C5DAAE
:10985000492ED66600F00CC51A495649A3258A74CC
:1098600000F10BC53ADDA74A94443100F20BC53A2A
:10987000698E489528D201F30BC55A590E4995288F
:10988000D201F40AC53A525DAA44910EF50BC53ACD
:10989000DD11A912453A00F60AC5BA512E55A24863
:1098A00007F709C5FA688EEC480EF80AC5FAA42530
:1098B000B1243B00F90CC53A691E2551124533000D
:1098C000FA0CC55A598E44499444D10CFB0CC53A44
:1098D00052394AA2248A6600FC0CC5BA511C255193
:1098E00012453300FD0DC55A598E4449142D51249B
:1098F00001FE0AC5BA613855A63004FF0CC5BA513D
:109900001C2551B444910400000004FFFF0000BF77
:109910000002020304030404050800FF06FF06001A
:10992000011A023106962005007E032107316333B8
:10993000520022079B6E93AC00230D3D6257A63464
:10994000543554991200240A3D629B57BD53DA11D5
:109950002508AB6613536700260A3C621753B36AA7
:10996000A6002705196F332807B262A79A012908B4
:10997000B2621353A5002A0A2C6213931A49C50038
:109980002B0A2D629B511C32A3082C079B5EA74A11
:10999000002D060C6A33022E079B5E9756022F0895
:1099A00034625FB633003008B36257B92A0031071A
:1099B000B36297646B320A3462A7624E2A8F003317
:1099C0000A34623362D4482605340A34621B5535A2
:1099D000624E00350A346233F446322900360A34C6
:1099E00062A7F28A322900370A34623372CC3147D7
:1099F00000380A3462A76252512605390A3462A738
:109A0000A24C3B29003A07AA6233E2083B08B35E46
:109A1000672355023C07B3629BCA5C3D081C663352
:109A2000321A013E08B36293CB54023F09B362D7A6
:109A30004C192600400C455E2BA35C492559430573
:109A400041093462A7A21C5306420A3462B3E248B9
:109A5000518E0443093462A7A22E93024409346252
:109A6000B3A27324004509346233F4CA7904460969
:109A7000346233F4CA3500470A3462A7A24E332950
:109A8000004809346213E59866004907B362B3627F
:109A90006B4A09346237735546004B0934621355DB
:109AA00092A9334C08346293BB47004D09346213CA
:109AB000C711CD004E09346213D75867004F0934DF
:109AC00062A7A2332900500A3462B3A21C2967009E
:109AD00051093C5EA7A25C6E14520A3462B3A21C08
:109AE00029CA00530A3462A762CAA84C0A5408B3B0
:109AF00062B362170055083462133D93025609346D
:109B000062139D492A005709346213CD71C400586D
:109B10000A34621365922ACA00590B35629375AAFA
:109B200033CA28025A09346233726C8F005B07B360
:109B3000623362735C0A34629333CA28A31C5D07E4
:109B4000B362339B235E069372D7005F060C5E33CD
:109B5000026006927213036108246237A24C03620A
:109B60000A346293F38A7224006307A36237B30056
:109B7000640934625F8D28D30065082462A7D2C8C7
:109B80000A660934625B9533470067092C5EA76259
:109B9000DA49016809346293F38A66006908B3629E
:109BA0009791AC066A09BB5E9B61A92A006B0934D8
:109BB0006293CB91A20C6C07B36223BB066D09259F
:109BC00062A35A2AA9026E072462B3A2196F08245D
:109BD00062A7A24C0A70092C5EB3E24839037108EF
:109BE0002C5E3762DA057208246293929D01730736
:109BF000A36237F202740A346297E3CC2926007517
:109C000007246213CD347607A36293AC0A77092543
:109C1000629355525D007808246213935431790A97
:109C20002C5E13651A3129007A08246233623902E6
:109C30007B0B3C62AB324A1AC58C047C05316373E2
:109C40007D0C3C62A351CC48659424007E071472BD
:109C5000975402A005007E03A1073163934600A23A
:109C600009345E1B476ACE04A30A34625B8D989365
:109C70004A00A40A2D6293D34C71E500A50B35620E
:109C8000935335641C3202A6063963B306A70A3C17
:109C90006237F28A698F04A8068B769302A90A3587
:109CA00062B7AA3955B500AA07AB6AB7921EAB08CE
:109CB0001C6697544C01AC069B62330BAD058B6A56
:109CC00033AE093562F7A1965A00AF058B7633B0F3
:109CD000069B6ED705B108AB6297564603B207AB39
:109CE0006AD74C69B307AB6AA32F00B4069272A778
:109CF00000B5092C5E13CD913200B60C35623746A3
:109D00001A29A998620AB705096B13B806925EA7CB
:109D100000B907AB6A976435BA07AB6AD78D06BB43
:109D2000081C6693625209BC0A3C62935B518D9891
:109D300000BD0A3C6293ABA4728C03BE0C3C6293E0
:109D400051CC4855232600BF09B36297618AA90206
:109D5000C00A3C62975154714C19C1093C625BAB1B
:109D600038A60CC20A3C62A76252714C19C30A3C65
:109D700062975454714C19C40A3C62133354714CA9
:109D800019C50A3C62A76252714C19C60934623780
:109D9000526BA84AC70A3C5EA7A22E938C00C80A41
:109DA0003C6297511A7AE511C9093C625B0EBDF21B
:109DB00008CA0A3C62A7E2D82B8F00CB0A3C621388
:109DC000331A7AE511CC09BB6293D38AD500CD0949
:109DD000BB629BD28AD500CE09BB62578D14AB0102
:109DE000CF09BB6293F28AD500D00B356237E348C6
:109DF000658A6901D10A3C629754B9D49401D20AA8
:109E00003C62975154D14C0AD3093C625BAB682643
:109E100005D40A3C62A76252D14C0AD50A3C62972B
:109E20005454D14C0AD60A3C62133354D14C0AD74D
:109E3000069B62933AD809346237D2918E04D909CD
:109E40003C629751E94C0ADA083C62DB742605DB78
:109E5000093C62A7A2675200DC0A3C6213338ACE37
:109E6000A400DD0B3D625FE65467945104DE0A34C2
:109E700062935794236500DF093462A7A2EA54096C
:109E8000E00A3C629751C623CA34E1093C625B5345
:109E900023CA34E20A3C625B6538A24C03E30A3C05
:109EA000629754C623CA34E409346257C311651A51
:109EB000E50A3C62A7629223CA34E609256233A20E
:109EC000324700E708AB5E37B34A00E80B3C6297C5
:109ED00051C62A8DAC00E90A3C625B532A8DAC0066
:109EE000EA0B3C62A762862A8DAC00EB0A3462570B
:109EF0004395465600EC09BB62933392D500ED09B9
:109F0000BB629B3292D500EE08BB62D796D500EFBC
:109F100008B36293B2AC06F00C3C62936295511A9E
:109F2000312900F10A3C629754862B9A01F20B3CCE
:109F3000629751C62ACAA400F30A3C625B532ACA3C
:109F4000A400F40B3C62A762862ACAA400F50B3C6D
:109F5000629754C62ACAA400F60A346213335451D5
:109F60002605F708AB6297D14609F809246237D273
:109F7000482301F90A3C62975186D14C03FA093C07
:109F8000625BE368A601FB0A3C62A76246D14C0310
:109F9000FC09346213338A661AFD0B445E5BE328C6
:109FA000D3884901FE0A3C5E93F38A23E50CFF0C3B
:109FB0003C5E13338A328D98140000000004FFFFCA
:109FC0000000BF0203020303010104050700FF06AE
:109FD000FF0600012A0272075A20057D7D1E210816
:109FE0007DADB01DCA0122097D9D52122539032382
:109FF0000B7DED241994CAA0940124097DEDA5B62A
:10A0000025C90C25097D8D30CA9AC218260A7DED16
:10A010002CC92A59120327077DADB0CE0228087D2E
:10A02000AD2C6CCD0129097D9D346CCB11002A0922
:10A030007DED24CBB64A0C2B097DFD301AA43007E8
:10A040002C077D7D16AD062D087D7DCA9093002ED0
:10A05000077D7DBAA6032F077D7D246B27300C7DFD
:10A06000AD2C89922889922C0731087DAD4C6C9BD0
:10A070000132097D1DA998D58618330B7D8D218C61
:10A08000D4248A7400340B7DAD4C4AA2210B73009A
:10A09000350B7D8D2109D7248A7400360A7D1D2950
:10A0A0009C2A51A403370B7D8D21CCC22CCC1100EE
:10A0B000380A7D1DA92455A24807390A7D1DA91219
:10A0C0004563A4033A087D6D4D47341D3B097D6D02
:10A0D0004D47B422003C087D7D24AB96013D097DAF
:10A0E0007D6C88871C043E087DEDB45647003F0A0E
:10A0F0007DAD2C09B31CCA01400B7D1DA992288996
:10A1000092EA00410C7D1DA91225431225510C42F3
:10A110000A7D8DA93255A2640743097D1DA91296B7
:10A12000221D440C7D8DA912255112253B00450BA3
:10A130007D8D2109A7301C6200460A7D8D2109A76B
:10A14000B00E01470B7D1DA912264A14CD00480E02
:10A150007D8D2889922189922889620049087D9DF8
:10A160002D6C9B014A097DBDB0258A74004B0B7D87
:10A170008D2829695A1295014C087D8DB0E3100392
:10A180004D0E7D8D281992218992288962004E0DED
:10A190007D8D285112A5A2244A14034F0C7D1DA9C0
:10A1A00012255112453A00500B7D8DA91225539866
:10A1B0004300510C7D1DA9122551A2446A02520B85
:10A1C0007D8DA912255312950153097D1DA9352AAC
:10A1D000E90054077D9D2DEC0E550D7D8D2889924B
:10A1E00028899228D201560C7D8D288992288922AF
:10A1F0004D07570E7D8D288992281992218962007A
:10A20000580C7D8D2889224DAA443100590A7D9D24
:10A210005212255958075A097D8D21CC1A87185B8F
:10A22000087D9D296C9C015C077DDDEE20005D07AB
:10A230007D9DB1D30C5E087DAD2CC959015F077DB2
:10A240007DC6210660077D9D346706610B7D7D70AC
:10A250008992444A6200620A7D8D309C2A51B20381
:10A2600063087D7D500A531D640B7DBD305AA224C6
:10A270008A660065097D7D504A8C3A00660B7DAD8B
:10A280002C89B22DCC1100670A7D7D708922295D51
:10A2900000680B7D8D309C2A5112C50069097DAD87
:10A2A0001C116B33006A0A7DBD1C0A4B4916016BF9
:10A2B0000A7D8DB012694954066C077D1DB1DB0C17
:10A2C0006D0B7D7D2C8986244AA2186E0A7D7D6CDB
:10A2D000AA444914036F097D7D50AA44910E700A67
:10A2E0007D7D6CAA44C91402710B7D7D7089922812
:10A2F0001A130072097D7D6CAA84390473087D7D70
:10A300007051951D74097D9D30DBC25406750B7D1F
:10A310007D2C4AA2248A6600760B7D7D30899228A6
:10A32000C97200770B7D7D2C4AA264488618780993
:10A330007D7D2C8A34A90C790A7D7D2C4AA24A564F
:10A34000037A097D7D6CC86A430C7B087DBD9A58F1
:10A350008D017C077DADB077007D0A7D9D34D4C230
:10A360002C47007E077D9DEECC00A0057D7D1EA1C3
:10A37000087DAD1C0ADB01A20A7DFD6C2925D916DA
:10A3800001A3097D7D29DB2A3200A40B7DDD2C99F8
:10A390009268C95200A50A7D9D5292655B9803A6FA
:10A3A000087DFD3087C21CA70B7D2D29D4924C8CD3
:10A3B0002400A8077D9D3A3700A90C7D9D25539266
:10A3C0004949B46401AA097D1D29C9741600AB0965
:10A3D0007D7D3092DA3100AC097D7DCA10E6200027
:10A3E000AD077D7DD24E02AE0B7D9D251B9269D2BD
:10A3F0009205AF077D8D21E706B0097DAD2CC972AE
:10A400001600B10B7DAD301AA4301A5400B2097D8C
:10A410001D310B751A00B3097D1D4DCC741A00B4A3
:10A42000077DAD2CE700B50B7D7D2C4AA2244AA602
:10A4300010B60D7D9D454994288992288901B70859
:10A440007D7D50D36900B8077D7DE62C03B9097D79
:10A45000AD4CCC761200BA097D9D2CC9722600BB8A
:10A46000097D7D2C2A493908BC097D8DB02993C608
:10A4700004BD097D8DB045CC4205BE0B7D0D4DCC94
:10A48000944C1A1300BF0A7DAD1CCAC224CB01C074
:10A490000C7D1DA91225431225510CC10C7D1DA94F
:10A4A0001225431225510CC20C7D1DA91225431201
:10A4B00025510CC30C7D1DA91225431225510CC436
:10A4C0000C7D8D28922A431225510CC50C7D1D4D03
:10A4D000AA0C4994443100C60C7D9DA594285312C2
:10A4E000253200C70A7D1DA91296222D03C80B7DB7
:10A4F0008D2109A7301C6200C90B7D8D2109A73071
:10A500001C6200CA0B7D8D2109A7301C6200CB0B99
:10A510007D8D2109A7301C6200CC087D9D2D6C9B90
:10A5200001CD087D9D2D6C9B01CE087D9D2D6C9BE2
:10A5300001CF087D9D2D6C9B01D00C7D8D2D499404
:10A540002889926407D10D7D8D448912A5A2244AE1
:10A550001403D20C7D1DA912255112453A00D30CCB
:10A560007D1DA912255112453A00D40C7D1DA9125A
:10A57000255112453A00D50C7D1DA91225511245D1
:10A580003A00D60C7D8D28922A5112453A00D709FF
:10A590007D7D2C8A34A90CD80C7D9D2551124BA2AF
:10A5A000243B00D90D7D8D28899228899228D201DB
:10A5B000DA0D7D8D28899228899228D201DB0D7DC4
:10A5C0008D28899228899228D201DC0B7D8D288ED6
:10A5D000922889221DDD0A7D9D521225595807DED9
:10A5E0000A7D8D70AA4C610E01DF0A7D1DA952AA59
:10A5F00044491DE00B7D9D345BA224919218E10B30
:10A600007DAD2C5CA224919218E20C7DAD2C899634
:10A610002849A42406E30B7D9D6E4B94245212031B
:10A62000E40B7D9DFA12258994C400E50B7D1D4D38
:10A630005BA224919218E6097D7D704994DA0CE7BB
:10A64000097D7D540A532D02E8097D9D349312A3A0
:10A650000EE9097DAD2C9412A30EEA0A7D9D2CC94A
:10A66000A4C4A803EB0A7D8D2447A4C4A803EC0965
:10A670007D9D34136B3300ED097DAD2C146B3300DD
:10A68000EE097DAD2C89C4DA0CEF087D9DBA589B8C
:10A6900001F00A7D9D54922A51A403F10A7D9D4E3A
:10A6A00053254AA218F20A7D9D34932A51A403F33C
:10A6B0000A7DAD2C942A51A403F40A7D1D1D912A14
:10A6C00051A403F50A7D9D6E52258A7400F6097D1A
:10A6D0009DBA5489221DF7087D6D7DC87500F80963
:10A6E0007D7D70492CC90EF90B7D9D34AA44491417
:10A6F000CD00FA0B7DADAC94444914CD00FB0B7D2D
:10A700001D3D4AA2248A6600FC0B7D9D729444493B
:10A7100014CD00FD0A7DADAC944495AC06FE0A7DD7
:10A72000DD70AA44C91402FF0A7D9D72944495AC61
:10A730000600000004FFFF0000BF00020203030345
:10A740000404050700FF06FF0600010A0216062F93
:10A75000200500BD012106B1B1192922075BB749C7
:10A760005600230A2DB1AB86AA86AA0024092DB172
:10A770005BF54E6901250834B1C9B1770026092C73
:10A78000B18B29563105270599B719280772B1539E
:10A79000CD00290872B189A952002A076BB149D5A9
:10A7A0006A2B0A2DB1CD280E9951042C075BAF53AB
:10A7B00025002D060CB519012E0652B119012F07DF
:10A7C00024B38F6D00300873B1AB5C150031077393
:10A7D000B14BB235320934B15331C77204330A3444
:10A7E000B1193969249302340A34B18DAA1A312778
:10A7F00000350A34B1197A23991400360A34B1535A
:10A800007945991400370A34B11939E6982300388C
:10A810000A34B15331A9289302390A34B15351A6ED
:10A820009D14003A076AB11971043B0833AFB39124
:10A830002A013C076BB14D75013D081CB319198DF8
:10A84000003E076BB1C955093F0973B16BA60C13E4
:10A8500000400934B15351DD4801410934B153512D
:10A860008E2903420A34B15971A42847024309349E
:10A87000B15351974901440934B159D139120045B6
:10A880000934B1197AE53C02460834B1197AE51A5F
:10A89000470934B15351A79906480834B189724C1D
:10A8A00033490773B159B1354A0834B16FCBA400AD
:10A8B0004B0A34B1892A4999CA004C0734B1C9DD21
:10A8C000234D0934B189E38866004E0834B1896BA1
:10A8D000A9334F0934B153D1991400500A34B159F6
:10A8E000518E943300510A3CAF53D15C49A30052BE
:10A8F0000934B159518ED40C530A34B153316554D3
:10A900002605540773B159B10B550834B1899E49D6
:10A9100001560934B189CE241500570934B189E6AE
:10A92000386200580A34B1893249156500590873F4
:10A93000B1495659015A0934B11939B647005B0774
:10A9400073B119B1395C0924B3C928A38C025D071E
:10A9500073B199CD115E0553B96B5F060CB1190146
:10A96000600652B98901610824B11B51A902620A2B
:10A9700034B1C97945391200630623B19B59640883
:10A9800034B1AF469469650824B15369640566091A
:10A9900034B1ADCA99230067092CAF1B31A98C06CD
:10A9A000680834B1C9794533690873B1CB48560397
:10A9B0006A097BAFCDB05415006B0934B1C955920B
:10A9C000A90C6C0773B1915D036D0824B149694806
:10A9D000196E0724B159D10C6F0824B153512605C3
:10A9E00070092CAF59518E940171082CAF1B51A6E0
:10A9F0001D720824B159516700730824B11B1A0D48
:10AA000005740934B1CB71E68C04750724B18966ED
:10AA10001A760763B1495605770724B189721C7805
:10AA20000824B18949AA1879092CAF8932952500E3
:10AA30007A0824B119B11C017B0873B14D49D601C4
:10AA40007C05B1B1397D0973B1C951C514017E07C7
:10AA500014B94B2A01A00500BD01A106B1B14923DB
:10AA6000A20934AF8D23356702A3082CB155715666
:10AA700002A40A2DB1C969A6B87200A50973B1492B
:10AA8000AA5A3101A606A9B15102A7087BAF9BAA19
:10AA9000920BA8064BBB4901A90B3DAF5B59A5A979
:10AAA000924E0BAA061BB75B49AB071DB38BB201D5
:10AAB000AC0614B31939AD054BB519AE0B3DAF5B00
:10AAC00079A439755A00AF060CBB1901B0065BB703
:10AAD000EB02B10B35B1CD280E99511C02B20662C2
:10AAE000B55106B30662B51969B40652B95300B53B
:10AAF000082CAF89E64819B60834B11B6AF503B7CC
:10AB00000652B51901B80652AF5300B90763B54BE9
:10AB1000320DBA061BB7EB02BB081DB389A54C006A
:10AB2000BC093CAFC9CDA87600BD093CAFC92D1DFD
:10AB3000B300BE0A3CAF913AAAA87600BF0973B130
:10AB4000CB30C55401C00934B153518E2903C1091A
:10AB500034B153518E2903C20934B153518E2903A4
:10AB6000C30934B153518E2903C40A34B18949C58C
:10AB7000316500C50934B1932A8E2903C60934B161
:10AB80001BA91AAA25C70A3CAF535197494600C8CA
:10AB90000934B1197AE53C02C90934B1197AE53CA6
:10ABA00002CA0934B1197AE53C02CB0934B1197AE9
:10ABB000E53C02CC0773B159B135CD0773B159B13A
:10ABC00035CE0773B159B135CF0773B159B135D00F
:10ABD0000934B19969758D04D10834B14973A93329
:10ABE000D20934B153D1991400D30934B153D19956
:10ABF0001400D40934B153D1991400D50934B15398
:10AC0000D1991400D60A34B1894945332900D708AF
:10AC100024B18949AA18D80934B11BE9484702D997
:10AC20000834B1899E4901DA0834B1899E4901DBB3
:10AC30000834B1899E4901DC0A34B18919453329A8
:10AC400000DD0873B149565901DE0A34B1C92B8EB3
:10AC5000943300DF0934B15351955602E00A34B100
:10AC6000CB288EA85401E10934B1AD4754AA00E2C3
:10AC70000934B1ADD2884A15E30A34B14B2A8EA803
:10AC80005401E40934B1ABE1884A15E50934B193C4
:10AC90007244A50AE60824B11B69C501E7086BAF39
:10ACA0009B592500E80A34B1CB28AA34B202E9093D
:10ACB00034B1AD551A5901EA0A34B18B29AA34B21C
:10ACC00002EB0A34B14919AB34B202EC0873B1C9D2
:10ACD000495603ED0773B12B6535EE0773B1AB66CB
:10ACE00035EF0873B149595603F00A34B1CBC88A1D
:10ACF000322900F10934B14B2AAD6806F20A34B1A9
:10AD0000CB28AA289302F30934B1AD55944901F434
:10AD10000A34B1D35845991400F50A34B14B2AAA24
:10AD2000289302F60A34B1ABA18A322900F7092C24
:10AD3000B1D37064A800F80924B11B69A49100F98B
:10AD40000934B1CBA834D300FA0734B16D9A69FB4A
:10AD50000834B1D3309A69FC0934B1AB5134D30013
:10AD6000FD093CAF6DCA549600FE0A34AFC92BCA28
:10AD7000913200FF0A3CAFAB5194A92C01000000B6
:10AD800004FFFF0000BF02020203030101040406E6
:10AD900000FF05FF05FF01040209061E2005743CA3
:10ADA0007F2107745CAEA94C2207744C6AF304231C
:10ADB0000A744C4A43A5A132042409745C5C1AA5A8
:10ADC00019012509744C866D982100260A745C4C83
:10ADD000B18A2923002706745CCE7C2807746CDDB9
:10ADE00046092908744C46B999012A09744C8A719C
:10ADF0005619022B08745C8E3367022C06743CCF04
:10AE00001A2D07743CB9B9002E06743CCF4C2F089C
:10AE1000746C8E75A6003009745C4C69959900318C
:10AE200008745CD4E586003209745C4C39C60D01A7
:10AE3000330874CC8E19254D3408744C6AED1A020F
:10AE4000350874CCCA1A254D3608749CCA32C54CD4
:10AE5000370874CC8E75A6003808749C2AABA409F8
:10AE60003908745C4C51274D3A07743CCCCC4C3BB0
:10AE700007743CCCCC1A3C09746C1B659421003DD2
:10AE800007743CDA70333E09744C4619C59A023F88
:10AE900009748C46315399004008749CEA8D34043F
:10AEA0004109745C4C697543004209748C4C49A695
:10AEB000A4094309745C4C758A99004408748C4C4D
:10AEC000BD3401450874CCCA326F08460874CCCA38
:10AED00032670A4709749CCAA9A921004808744C22
:10AEE0006AAD6E08490874CCCCE586004A07746CDC
:10AEF000AECA4C4B09744C6AC9D486004C07744CDA
:10AF00006E6F084D08744C4A5737044E08746CAA8B
:10AF1000569B024F08745C4C3D33015009748C4CB5
:10AF200049E64C015109745C4C3D334A00520974A6
:10AF30008C4C49A636045309749CCA28A3A409540E
:10AF40000774CCCC6D025508744CEAD786005608BD
:10AF5000744CEA3533015708744C6A5D350458085F
:10AF6000744C6A566D085908744C6AE69A005A087F
:10AF700074CC8EF586005B08749CCCB586005C0AA8
:10AF8000744CCE28A39C21005D07748C6E6A025E0F
:10AF900008745C4C9927005F06743C9F0B60087432
:10AFA0005C469927006108743C549D1A026208743B
:10AFB0004C96A9A5096309743C5439230D01640812
:10AFC000746C549D1A026508743CAC92D6106607E6
:10AFD000746C3973266708743C54A54E1268087463
:10AFE0004C96A937046908745CC63A6E086A0874FE
:10AFF0006CA67225016B09744C4E49A636046C0789
:10B00000748C6E6E086D08743CAA5637046E087412
:10B010003C92A937046F08743CAC9A99007009748B
:10B020003C9229C99C017108743C549D3A017209F3
:10B03000743CAA64CE14007308743C541A254D74F1
:10B0400009745C9C39A30C017508743CEA534300F5
:10B050007607743CEA33137708743CEA5A3504786F
:10B0600009743C2A734C19027908743CEAD44902E9
:10B070007A08743CDA316E087B08746CA96B940012
:10B080007C06745CEE267D09744C4659E698017E78
:10B0900008745C52992700A005743C7FA107745C7A
:10B0A000A6724DA208745C5C796602A308746C2DCC
:10B0B000AB0C01A40A743C8A49AA981100A5087433
:10B0C0004C8A71E64CA608745CCE54CE04A7087472
:10B0D0009C99A24E12A807744CCAFC00A909749C42
:10B0E0008A6BC9A400AA08749C2A35DC10AB0974C9
:10B0F0003C4C2AA64C02AC07743CB93303AD077430
:10B100003CB9B900AE08749C1A2B6906AF0674CC22
:10B11000E607B008745C4C317302B108745C9C198A
:10B120006F08B208748C8E59B300B309748C8E19F1
:10B13000C54C01B406746CCD07B508743CEA4B6687
:10B1400000B60874DC50AB3702B707743C9D390178
:10B15000B806743C674DB907745CD4350BBA0974F2
:10B160005C4C31E30D01BB08743C2A93CA0CBC084B
:10B17000744CAE51B503BD08744CAE74CC02BE081D
:10B18000748C8E19253BBF09745CA662461A02C0F6
:10B190000A744C4631A5554300C108746C2BAD1A96
:10B1A00002C209748C8E29AD1A02C309749C99D20B
:10B1B000AA2100C409744C8A555A3504C509745C27
:10B1C0008E29AD1A02C60A74DC4869A84A2300C752
:10B1D00009745C4C758A3500C808744C5E326F087F
:10B1E000C908746C5A326F08CA08749C5A326F08C6
:10B1F000CB09744C4A4BE60D01CC08744C9E396E59
:10B2000008CD08746C9A396E08CE08745C9C396E4F
:10B2100008CF08744C8AB9DC10D00974CC4CAB1A36
:10B220001902D109745C52E9AA2100D209744C4672
:10B2300031353301D307746CAB9909D408745C8E33
:10B24000A99909D50874DC589D9900D608744C8AD0
:10B25000553313D708743C2AABCC00D808749CAA89
:10B2600056A509D909744C4631B53604DA08746C10
:10B27000ABB52100DB09745CC6A9B52100DC0974FB
:10B280004CCA30B53604DD08746C8629E64CDE09FC
:10B29000744C9629C94C01DF0A745C4C49A6B4323F
:10B2A00000E009744C4659951A02E108746CAD4AE5
:10B2B0000D01E208749CC6AAD410E309745C5251D3
:10B2C000951A02E409744CCA58951A02E509745C8F
:10B2D000A654A92100E609743C1C69C58D00E70944
:10B2E000743CAC6A242300E80A744C463125AD2135
:10B2F00000E908746C2B690D01EA09748C8E2969C8
:10B300000D01EB09744C8A55D21A02EC08744C46B4
:10B31000B9DC10ED08746CD2E58600EE09745C4C63
:10B3200031C70D01EF09744CCA50C70D01F0097403
:10B330004C8A59959900F109745C5249A63604F279
:10B3400009744C4639A69809F308746C1D53CC0453
:10B35000F409745CA6628A9900F50874CCC631C5FC
:10B360004CF609744CCA38A69809F708745CC61BD9
:10B370006702F808743C545D9A00F909744C463130
:10B38000353504FA08746CABA92100FB09745CC65E
:10B39000A9A92100FC09744CCA30353504FD087494
:10B3A0006C2BED2401FE09744CCE32259901FF0A65
:10B3B000744CCA30A59D240000000004FFFF00006B
:10B3C000BF0002020303020404040600FF05FF0598
:10B3D000FF00E901D3058E200580CD002106E9C8D4
:10B3E000AC00220693CB2415230AACC8A434541A0B
:10B3F0002A012409B3C7A5A1474A002508ABC864A0
:10B40000D446012609ACC8C514AB98022705D1CB98
:10B41000082807F2C7A966002908B2C7C454290042
:10B420002A07ABC8A46A352B08ABC8C5B462022C86
:10B430000692C729002D058BCA0C2E05C9C8042FFA
:10B4400007ABC85665043008ABC8554355003107F3
:10B45000ABC825590D3207ABC835531A3308ABC8F2
:10B46000CC9417003408ABC8243562013508ABC84A
:10B470008CA817003607ABC84DD5023708ABC8CC2F
:10B480005446003807ABC8ADD6023907ABC8B5E49F
:10B49000023A06E1C8C4003B07AAC765A8003C07FA
:10B4A000ABC8A6BA003D069BC9EC013E07ABC8E499
:10B4B000AA043F08ABC8E89461024006ABC82D5B04
:10B4C0004108ABC85543A9004208ABC8A8B4D20292
:10B4D0004308ABC8553255004408ABC8A8642D00DA
:10B4E0004508ABC88CA8E2004608ABC88CA862042B
:10B4F0004708ABC8CDA492004808ABC82435940ACD
:10B500004907ABC8AC580D4A07ABC896AA024B080E
:10B51000ABC824B5920A4C07ABC8C4E6004D08ABD3
:10B52000C8A431940A4E08ABC8AAA124004F07ABA7
:10B53000C85556055008ABC8A8B462045107B3C734
:10B5400055561D5208ABC8A8B4920A5307ABC8EDB4
:10B55000BC005407ABC8ACD8025507ABC824D70809
:10B560005608ABC8246BA4045708ABC82435860A18
:10B570005808ABC824D552015908ABC82455560009
:10B580005A07ABC8CC540E5B06EAC8AC4A5C07ABA2
:10B59000C8C45C065D06AAC8A86A5E0593CB355F81
:10B5A000058BC70C6006D2CBC4006107A3C82D95DC
:10B5B000046208ABC84495D4026306A3C8CD2C64CA
:10B5C00008ABC8A6A592006506A3C855536608AB8C
:10B5D000C8A6B462026708ABC7AD2417006808AB01
:10B5E000C84495AC006908ABC86524D3006A08B3A9
:10B5F000C766582E006B08ABC8C4B4920A6C07AB80
:10B60000C8C8D6006D08A3C8A4A154006E07A3C87B
:10B61000A864056F07A3C855AA027008ABC7A8B4F1
:10B6200062047108ABC72D9564007208A3C8A41505
:10B6300023007307A3C88DBC007408ABC8A515739D
:10B64000007507A3C8242B097607A3C824AB02778B
:10B6500008A3C8243554007807A3C8A43215790874
:10B66000ABC72495E4027A07A3C8CC94067B08B341
:10B67000C7A624EB007C06E9C80C017D09B3C7E42A
:10B68000A8628A007E0794CB259500A00580CD0096
:10B69000A106E9C8A401A208ABC8A5115702A307D7
:10B6A000ABC8A6A81AA408A4C8C424550CA508AB06
:10B6B000C8A46AC504A606E9C82801A708B3C78DAF
:10B6C00054C905A8068BCCA400A909B4C7A9B8968B
:10B6D0004C0AAA07ABC8ADA407AB089CC9251553F3
:10B6E00000AC0693C9CC00AD058BCA0CAE08A4C94A
:10B6F000A9B19202AF058BCC0CB0069BCA7501B103
:10B7000008ABC8A595D100B206A2C92803B307AA01
:10B71000C828A900B406D2CB2900B508ABC7246B52
:10B720004500B607ACC80DB57AB705C9CA04B80656
:10B73000D2C82900B906A2C9AD02BA07ABC875A321
:10B7400001BB089CC9A4985402BC08B4C7E41A55AC
:10B750003BBD08B4C7E44AC72CBE09B4C7E898513A
:10B76000B203BF08ABC86598B200C008ABC8E49488
:10B77000860AC108ABC8A66AA800C208ABC8C894AC
:10B78000860AC308ABC88D94860AC408ABC8A4D681
:10B790005001C508ABC8C594860AC609ACC88D94CB
:10B7A00086AA04C708B3C755323501C808ABC8C458
:10B7B000A1E200C907ABC88E1507CA08ABC88D91B6
:10B7C000E200CB08ABC8A4B1E200CC08ABC8C415FA
:10B7D000D300CD08ABC88E14D300CE08ABC8A515D6
:10B7E000D300CF07ABC8A4B21AD009ACC8CCB4AA56
:10B7F0009100D108ACC82595AE0AD208ABC8E49434
:10B800005405D308ABC8A64A5500D408ABC8C594A4
:10B810005405D508ACC88DD51901D608ABC8A49677
:10B82000AA00D7069BC9A40ED807ABC81D6A01D9C8
:10B8300008ABC8E494D408DA08ABC8A64A8D00DB8C
:10B8400008ABC86594D408DC08ABC8A49CD408DD58
:10B8500008ABC8E6542600DE08ABC844955604DFA2
:10B8600008B3C7552B0D09E008ABC8E4B89200E156
:10B8700008ABC8A6B89200E208ABC869B49200E36E
:10B8800009ACC8251555A900E408ABC8A48C56120C
:10B89000E508ABC865B89200E608A4C88DB4E2001C
:10B8A000E708ABC7555A2500E808ABC8E494A600E2
:10B8B000E907ABC8A66A0AEA08ABC8C894A600EBB9
:10B8C00007ABC8A4D614EC07ABC8E4580DED06AB23
:10B8D000C8CE6AEE07ABC875A601EF08ABC8A42CAA
:10B8E000D300F008ABC8A4725500F109ACC8259587
:10B8F000646A01F208ABC8E4985A00F308ABC8A622
:10B90000985A00F408ABC865985A00F507ABC86CA4
:10B91000D405F608ABC8A48CBA00F708ABC865B468
:10B920005102F807A3C82DB500F908ABC8E4945438
:10B9300012FA08ABC8A64A2501FB08ABC8659454A7
:10B9400012FC08ABC8A49C5412FD08B3C7A66AC475
:10B9500005FE09B3C7C4A8D28A00FF09B3C7A49CD7
:10B96000465C0000000004FFFF00006000020202CD
:10B9700003020404030500000500050000DE01C603
:10B9800002A12004C066210656644E012206CB6542
:10B99000920A23085764D2504305240757E4D290F3
:10B9A000432508D364521AA900260857E4621A32C4
:10B9B000012705EAE506280676E4541929075664A6
:10B9C000624A0A2A07576452B51A2B07CFE4D24AB3
:10B9D000002C054AE4062D054765062E064A6446F6
:10B9E000002F085764AB982200300757E42AAB02B7
:10B9F000310656E4560332075764742A0733075753
:10BA00006474922334085764923562003507576492
:10BA100046D40B360757E4E64823370857646615C3
:10BA2000130038085764461A6A0439085764461ADE
:10BA300071013A075664461C013B065664461E3C9B
:10BA4000065764535D3D06CF64F6003E07576472A7
:10BA500055023F08576466D22801400657E4AE2CD1
:10BA600041085764461A4A0542085764465A690411
:10BA700043075764462C074408576454B2160045E0
:10BA8000075764461C7146085764461C3102470834
:10BA90005764464C6A0448085764921A4A05490795
:10BAA000576456AC064A0757644B35024B08576437
:10BAB000925A49054C06576462734D085764D25038
:10BAC00056004E0757644672054F08576446B24603
:10BAD0000050085764461A320251075764465253C1
:10BAE00052085764465A490553075764463C025466
:10BAF000075764566C0155075764926B04560757F5
:10BB00006492AB0257085764923554005809576441
:10BB1000D24869A40059095764921A2926005A0785
:10BB20005764662A075B06766456255C075764628D
:10BB30008E395D06566454355E05CBE51A5F0547C0
:10BB400064066006EA65920061065364D6116208D5
:10BB50005764E2486A0463075364468C03640757DA
:10BB60006487522365065364463A660757E4A68AFB
:10BB70001167075364464A4368085764E248560011
:10BB80006906716446006A075364A31A016B08577B
:10BB900064625AAA006C06566454076D075364D257
:10BBA000502A6E07536446B2026F0753644652230D
:10BBB00070075364461A1271075364461A317207AC
:10BBC000536446921173075364861C02740757E44A
:10BBD000D28A5175075364923502760753649255A1
:10BBE0000177075364921A2A7807536452990A79A5
:10BBF000085364924A23017A075364D648037B07AB
:10BC000057E45492517C06756486007D085764643D
:10BC10005449017E064B65A4007F0857E454AC14D8
:10BC20000000000004FFFF000018000202040301EE
:10BC30000105090600FF05FF05FF0000009400C490
:10BC4000410AD7F36B0C0D351C434208D4714349AC
:10BC500039044307C52D4ACD65440AD7F15023F76F
:10BC60008619014507C42B43CA214607C42B43AE9E
:10BC7000214706C42B3F024807D52DB73D0649088A
:10BC8000D52DB74A7A0C4A06D52DFF114B07C42B88
:10BC90002B8D354C07C42B2B8D354D07C42B6B0CCE
:10BCA000354E09D52D23C563A4114F0AD52D23C5C3
:10BCB00091C648235008D52D238DAF115108C46B70
:10BCC0002ACAA4005208C46B2AAEA4005308C46B4D
:10BCD0006A0CA500610CD7B119663846CA544600F3
:10BCE0006209D5AD7935338A00660AD9F5C7881956
:10BCF00056E30B6705E12407680AD5AD19C5213362
:10BD00008A0000000004FFFF000000004308010853
:10BD1000110801086D0701080001140A6464323239
:10BD200000127A0000042896080620204000300007
:10BD30001815A015C019FF1815A115C819FF181559
:10BD4000AE19FF1815AF19FF1815AE15D5168015C9
:10BD5000A8162F15D316001540158D16141520168C
:10BD60000015A115C815DA1612158116CF15D916AA
:10BD70002215DB1600152E15A415A619FF000000CC
:10BD8000000FC93F000F494000CB9640000FC9404B
:10BD90000053FB4000CB164100ED2F41000F4941FD
:10BDA0000031624100537B41003A8A4100CB964109
:10BDB000005CA34100EDAF41007EBC41000FC941D2
:10BDC00000A0D5410031E24100C2EE410053FB41E9
:10BDD00000F20342003A0A420083104200CB1642AE
:10BDE00000141D42005C234200A5294200ED2F42B1
:10BDF00000363642007E3C4200C74242000F4942B4
:10BE0000A2000000F9000000830000006E000000A6
:10BE10004E00000044000000150000002900000052
:10BE2000FC0000002700000057000000D1000000C7
:10BE3000F500000034000000DD000000C00000003C
:10BE4000DB00000062000000950000009900000087
:10BE50003C00000043000000900000004100000092
:10BE6000FE0000005100000063000000AB00000075
:10BE7000DE000000BB000000C50000006100000003
:10BE8000B7000000240000006E0000003A0000002F
:10BE9000420000004D000000D2000000E000000061
:10BEA00006000000490000002E000000EA0000002B
:10BEB00009000000D1000000920000001C000000FA
:10BEC000FE0000001D000000EB0000001C00000050
:10BED000B100000029000000A70000003E000000A3
:10BEE000E80000008200000035000000F5000000BE
:10BEF0002E000000BB000000440000008400000091
:10BF0000E90000009C000000700000002600000016
:10BF1000B40000005F0000007E000000410000004F
:10BF20003900000091000000D60000003900000038
:10BF3000830000005300000039000000F4000000FE
:10BF40009C000000840000005F0000008B000000E7
:10BF5000BD000000F9000000280000003B000000C8
:10BF60001F000000F800000097000000FF00000024
:10BF7000DE00000005000000980000000F00000037
:10BF8000EF0000002F000000110000008B000000F7
:10BF90005A0000000A0000006D0000001F000000B1
:10BFA0006D000000360000007E000000CF000000A1
:10BFB00027000000CB00000009000000B7000000CF
:10BFC0004F000000460000003F0000006600000037
:10BFD0009E0000005F000000EA0000002D0000004D
:10BFE0007500000027000000BA000000C700000034
:10BFF000EB000000E5000000F10000007B00000005
:10C000003D0000000700000039000000F7000000BC
:10C010008A0000005200000092000000EA000000C8
:10C020006B000000FB0000005F000000B10000009A
:10C030001F0000008D0000005D00000008000000EF
:10C040005600000003000000300000004600000021
:10C05000FC0000007B0000006B000000AB00000053
:10C06000F0000000CF000000BC0000002000000035
:10C070009A000000F4000000360000001D000000DF
:10C08000A9000000E3000000910000006100000032
:10C090005E000000E60000001B0000000800000039
:10C0A0006500000099000000850000005F000000AE
:10C0B00014000000A0000000680000004000000024
:10C0C0008D000000FF000000D8000000800000008C
:10C0D0004D00000073000000270000003100000048
:10C0E00006000000060000001500000056000000D9
:10C0F000CA00000073000000A8000000C900000092
:10C1000060000000E20000007B000000C0000000B2
:10C110008C0000006B0000000000C93F0000F039F7
:10C120000000DA370000A2330000842E0000502BFC
:10C130000000C2270000D0220000C41F0000C61B60
:10C140000000441704000000070000000900000080
:10C1500005000000190000007D0000000000000044
:10C160000080E03779C34143176E05B5B5B89346F3
:10C17000F5F93FE9034F384D321D30F94877825ABF
:10C180003CBF737FDD4F1575000000000000F03FDD
:10C1900000000000000024400000000000005940A2
:10C1A0000000000000408F40000000000088C340F5
:10C1B00000000000006AF8400000000080842E416A
:10C1C00000000000D01263410000000084D79741B6
:10C1D0000000000065CDCD41000000205FA00242BC
:10C1E000000000E876483742000000A2941A6D4231
:10C1F000000040E59C30A2420000901EC4BCD64224
:10C2000000003426F56B0C430080E03779C34143CE
:10C2100000A0D8855734764300C84E676DC1AB4344
:10C22000003D9160E458E143408CB5781DAF154462
:10C2300050EFE2D6E41A4B4492D54D06CFF080443D
:10C24000F64AE1C7022DB544B49DD9794378EA4452
:10C2500000202020202020202020282828282820D6
:10C2600020202020202020202020202020202020CE
:10C270002088101010101010101010101010101036
:10C280001004040404040404040404101010101026
:10C2900010104141414141410101010101010101F0
:10C2A0000101010101010101010101011010101042
:10C2B00010104242424242420202020202020202C2
:10C2C0000202020202020202020202021010101016
:10C2D000200000000000000000000000000000003E
:10C2E000000000000000000000000000000000004E
:10C2F000000000000000000000000000000000003E
:10C30000000000000000000000000000000000002D
:10C31000000000000000000000000000000000001D
:10C32000000000000000000000000000000000000D
:10C3300000000000000000000000000000000000FD
:10C3400000000000000000000000000000000000ED
:10C35000000000004C68FE7F01000000452E000830
:10C360001D2E00080024F400010000001000000051
:10C3700000000000000000000000000000000000BD
:10C3800001000000000000000000000000000000AC
:10C3900064010000000A0100000000007180000834
:10C3A000010002010B0000004981000802010302A4
:10C3B0000C00000035820008030204030D00000099
:10C3C00021830008040305040E0000000D8400080A
:10C3D000050406050F000000F9840008060507069D
:10C3E00010000000D18500080706080711000000B2
:10C3F000A9860008080709081200000081870008C4
:10C4000009080A0913000000598800080A09000AEF
:10C4100014000000218900080B0B0B010B00000029
:10C42000E98A00080C0C0C020C000000D18C0008FA
:10C430000D0D0D030D000000E98900080E0E0E041D
:10C440000E000000E18D00080F0F0F050F00000027
:10C450004D9000081010100610000000B592000862
:10C460001111110711000000BD94000812121208EA
:10C4700012000000E59500081313130913000000D3
:10C48000899700081414140A140000002D9900085C
:10C49000000000000000000000000000000000009C
:10C4A000000000000000000000000000000000008C
:10C4B000000000000000000000000000000000007C
:10C4C000000000000000000000000000000000006C
:10C4D000000000000000000000000000000000005C
:10C4E000000000000000000000000000000000004C
:10C4F00000000000000000000000000050000000EC
:10C50000010200000000C0406F12033A17B7513912
:10C510000000C04017B751386F12033B00020601FC
:10C5200004030500000000000000000006000000F9
:10C5300000000000FFFFFFFF5603133E0000004015
:10C540000000803FCDCC8C3F0000000000000000C8
:10C5500000000000000000000000000000000000DB
:10C5600000000000000000000000000000000000CB
:10C5700000000000000000000000000000000000BB
:10C5800000000000000000000000000000000000AB
:10C590000000000000000000190000000000204121
:10C5A0000050C3470000204100401C456F12033A71
:10C5B000C3B8B23DF4010000CDCC4C3D6F12833ABC
:10C5C00035FA8E3CCDCC4C3E6400000000C2010028
:10C5D000004B00008025000001010100CDCCCC3EC5
:10C5E000CDCC4C3F05000000A0860100A0860100D4
:10C5F000000040410AD7233C0000FA44000070418B
:10C6000017B7D1380000C8430000704195BFD6333A
:10C610000000FA4560E31600010000000008AF2F9B
:10C620000000704195BFD63300007A4560E31600E4
:10C63000010000000084D717000070419C53493668
:10C640000000C84360E316001E000000005A6202AA
:10C65000000070419C5349360000C84360E3160057
:10C660001E000000005A62020000C8419C53493677
:10C670000000C843A02526001E000000005A6202E8
:10C680000000C8419C53493600004843A0252600BD
:10C690001E000000002D31010000704117B7D13895
:10C6A0000000C84360E31600E8030000005A62027D
:10C6B0000000704117B7D1380000C84360E316008E
:10C6C000E8030000005A62020000000003000000BE
:10C6D000AC1400207403002000000000AC14002003
:10C6E000141500207C150020000000000000000050
:10C6F000000000000000000000000000000000003A
:10C700000000000000000000000000000000000029
:10C710000000000000000000000000000000000019
:10C7200000000000430000000000000000000000C6
:10C7300000000000000000000000000000000000F9
:10C7400000000000430000000000000000000000A6
:10C7500000000000000000000000000000000000D9
:10C760000000000043000000000000000000000086
:10C7700000000000000000000000000000000000B9
:10C780000000000043000000000000000000000066
:10C790000000000000000000000000000000000099
:10C7A0000000000043000000000000000000000046
:10C7B0000000000000000000000000000000000079
:10C7C0000000000043000000000000000000000026
:10C7D0000000000000000000000000000000000059
:10C7E0000000000043000000000000000000000006
:10C7F0000000000000000000000000000000000039
:10C8000000000000E5420108654201080000000048
:10C8100050C20108524C0108964E0108964E01087C
:10C82000964E0108964E0108964E0108964E010854
:10C83000964E0108964E0108964E0108FFFFFFFF35
:10C84000FFFFFFFFFFFFFFFFFFFF0000010041535D
:10C850004349490000000000000000000000000003
:10C860000000000000000000000000000000415334
:10C8700043494900000000000000000000000000E3
:10C8800000000000000000000000000000000000A8
:10C89000FFFFFFFFFFFFFFFFFFFFFFFFFFFFFFFFA8
:10C8A000FFFFFFFFFFFFFFFFFFFFFFFFFFFFFFFF98
:10C8B000FFFFFFFFFFFFFFFFFFFFFFFFFFFFFFFF88
:10C8C000FFFFFFFFFFFFFFFFFFFFFFFFFFFFFFFF78
:10C8D000FFFFFFFFFFFFFFFFFFFFFFFFFFFFFFFF68
:10C8E000FFFFFFFFFFFFFFFFFFFFFFFFFFFFFFFF58
:10C8F000FFFFFFFFFFFFFFFFFFFFFFFFFFFFFFFF48
:10C90000FFFFFFFFFFFFFFFFFFFFFFFFFFFFFFFF37
:10C91000FFFFFFFFFFFFFFFFFFFFFFFFFFFFFFFF27
:10C92000FFFFFFFFFFFFFFFFFFFFFFFFFFFFFFFF17
:10C93000FFFFFFFFFFFFFFFFFFFFFFFFFFFFFFFF07
:10C94000FFFFFFFFFFFFFFFFFFFFFFFFFFFFFFFFF7
:10C95000FFFFFFFFFFFFFFFFFFFFFFFFFFFFFFFFE7
:10C96000FFFFFFFFFFFFFFFFFFFFFFFFFFFFFFFFD7
:10C97000FFFFFFFFFFFFFFFFFFFFFFFFFFFFFFFFC7
:10C98000FFFFFFFFFFFFFFFFFFFFFFFFFFFFFFFFB7
:10C99000FFFFFFFFFFFFFFFFFFFFFFFFFFFFFFFFA7
:10C9A000FFFFFFFFFFFFFFFFFFFFFFFFFFFFFFFF97
:10C9B000FFFFFFFFFFFFFFFFFFFFFFFFFFFFFFFF87
:10C9C000FFFFFFFFFFFFFFFFFFFFFFFFFFFFFFFF77
:10C9D000FFFFFFFFFFFFFFFFFFFFFFFFFFFFFFFF67
:10C9E000FFFFFFFFFFFFFFFFFFFFFFFFFFFFFFFF57
:10C9F000FFFFFFFFFFFFFFFFFFFFFFFFFFFFFFFF47
:10CA0000FFFFFFFFFFFFFFFFFFFFFFFFFFFFFFFF36
:10CA1000FFFFFFFFFFFFFFFFFFFFFFFFFFFFFFFF26
:10CA2000FFFFFFFFFFFFFFFFFFFFFFFFFFFFFFFF16
:10CA3000FFFFFFFFFFFFFFFFFFFFFFFFFFFFFFFF06
:10CA4000FFFFFFFFFFFFFFFFFFFFFFFFFFFFFFFFF6
:10CA5000FFFFFFFFFFFFFFFFFFFFFFFFFFFFFFFFE6
:10CA6000FFFFFFFFFFFFFFFFFFFFFFFFFFFFFFFFD6
:10CA7000FFFFFFFFFFFFFFFFFFFFFFFFFFFFFFFFC6
:10CA8000FFFFFFFFFFFFFFFFFFFFFFFFFFFFFFFFB6
:10CA9000FFFFFFFFFFFFFFFFFFFFFFFFFFFFFFFFA6
:10CAA000FFFFFFFFFFFFFFFFFFFFFFFFFFFFFFFF96
:10CAB000FFFFFFFFFFFFFFFFFFFFFFFFFFFFFFFF86
:10CAC000FFFFFFFFFFFFFFFFFFFFFFFFFFFFFFFF76
:10CAD000FFFFFFFFFFFFFFFFFFFFFFFFFFFFFFFF66
:10CAE000FFFFFFFFFFFFFFFFFFFFFFFFFFFFFFFF56
:10CAF000FFFFFFFFFFFFFFFFFFFFFFFFFFFFFFFF46
:10CB0000FFFFFFFFFFFFFFFFFFFFFFFFFFFFFFFF35
:10CB1000FFFFFFFFFFFFFFFFFFFFFFFFFFFFFFFF25
:10CB2000FFFFFFFFFFFFFFFFFFFFFFFFFFFFFFFF15
:10CB3000FFFFFFFFFFFFFFFFFFFFFFFFFFFFFFFF05
:10CB4000FFFFFFFFFFFFFFFFFFFFFFFFFFFFFFFFF5
:10CB5000FFFFFFFFFFFFFFFFFFFFFFFFFFFFFFFFE5
:10CB6000FFFFFFFFFFFFFFFFFFFFFFFFFFFFFFFFD5
:10CB7000FFFFFFFFFFFFFFFFFFFFFFFFFFFFFFFFC5
:10CB8000FFFFFFFFFFFFFFFFFFFFFFFFFFFFFFFFB5
:10CB9000FFFFFFFFFFFFFFFFFFFFFFFFFFFFFFFFA5
:10CBA000FFFFFFFFFFFFFFFFFFFFFFFFFFFFFFFF95
:10CBB000FFFFFFFFFFFFFFFFFFFFFFFFFFFFFFFF85
:10CBC000FFFFFFFFFFFFFFFFFFFFFFFFFFFFFFFF75
:10CBD000FFFFFFFFFFFFFFFFFFFFFFFFFFFFFFFF65
:10CBE000FFFFFFFFFFFFFFFFFFFFFFFFFFFFFFFF55
:10CBF000FFFFFFFFFFFFFFFFFFFFFFFFFFFFFFFF45
:10CC0000FFFFFFFFFFFFFFFFFFFFFFFFFFFFFFFF34
:10CC1000FFFFFFFFFFFFFFFFFFFFFFFFFFFFFFFF24
:10CC2000FFFFFFFFFFFFFFFFFFFFFFFFFFFFFFFF14
:10CC3000FFFFFFFFFFFFFFFFFFFFFFFFFFFFFFFF04
:10CC4000FFFFFFFFFFFFFFFFFFFFFFFFFFFFFFFFF4
:10CC5000FFFFFFFFFFFFFFFFFFFFFFFFFFFFFFFFE4
:10CC6000FFFFFFFFFFFFFFFFFFFFFFFFFFFFFFFFD4
:10CC7000FFFFFFFFFFFFFFFFFFFFFFFFFFFFFFFFC4
:10CC8000FFFFFFFFFFFFFFFFFFFFFFFFFFFFFFFFB4
:10CC9000FFFFFFFFFFFFFFFFFFFFFFFFFFFFFFFFA4
:10CCA000FFFFFFFFFFFFFFFFFFFFFFFFFFFFFFFF94
:10CCB000FFFFFFFFFFFFFFFFFFFFFFFFFFFFFFFF84
:10CCC000FFFFFFFFFFFFFFFFFFFFFFFFFFFFFFFF74
:10CCD000FFFFFFFFFFFFFFFFFFFFFFFFFFFFFFFF64
:10CCE000FFFFFFFFFFFFFFFFFFFFFFFFFFFFFFFF54
:10CCF000FFFFFFFFFFFFFFFFFFFFFFFFFFFFFFFF44
:10CD0000FFFFFFFFFFFFFFFFFFFFFFFFFFFFFFFF33
:10CD1000FFFFFFFFFFFFFFFFFFFFFFFFFFFFFFFF23
:10CD2000FFFFFFFFFFFFFFFFFFFFFFFFFFFFFFFF13
:10CD3000FFFFFFFFFFFFFFFFFFFFFFFFFFFFFFFF03
:10CD4000FFFFFFFFFFFFFFFFFFFFFFFFFFFFFFFFF3
:10CD5000FFFFFFFFFFFFFFFFFFFFFFFFFFFFFFFFE3
:10CD6000FFFFFFFFFFFFFFFFFFFFFFFFFFFFFFFFD3
:10CD7000FFFFFFFFFFFFFFFFFFFFFFFFFFFFFFFFC3
:10CD8000FFFFFFFFFFFFFFFFFFFFFFFFFFFFFFFFB3
:10CD9000FFFFFFFFFFFFFFFFFFFFFFFFFFFFFFFFA3
:10CDA000FFFFFFFFFFFFFFFFFFFFFFFFFFFFFFFF93
:10CDB000FFFFFFFFFFFFFFFFFFFFFFFFFFFFFFFF83
:10CDC000FFFFFFFFFFFFFFFFFFFFFFFFFFFFFFFF73
:10CDD000FFFFFFFFFFFFFFFFFFFFFFFFFFFFFFFF63
:10CDE000FFFFFFFFFFFFFFFFFFFFFFFFFFFFFFFF53
:10CDF000FFFFFFFFFFFFFFFFFFFFFFFFFFFFFFFF43
:10CE0000FFFFFFFFFFFFFFFFFFFFFFFFFFFFFFFF32
:10CE1000FFFFFFFFFFFFFFFFFFFFFFFFFFFFFFFF22
:10CE2000FFFFFFFFFFFFFFFFFFFFFFFFFFFFFFFF12
:10CE3000FFFFFFFFFFFFFFFFFFFFFFFFFFFFFFFF02
:10CE4000FFFFFFFFFFFFFFFFFFFFFFFFFFFFFFFFF2
:10CE5000FFFFFFFFFFFFFFFFFFFFFFFFFFFFFFFFE2
:10CE6000FFFFFFFFFFFFFFFFFFFFFFFFFFFFFFFFD2
:10CE7000FFFFFFFFFFFFFFFFFFFFFFFFFFFFFFFFC2
:10CE8000FFFFFFFFFFFFFFFFFFFFFFFFFFFFFFFFB2
:10CE9000FFFFFFFFFFFFFFFFFFFFFFFFFFFFFFFFA2
:10CEA000FFFFFFFFFFFFFFFFFFFFFFFFFFFFFFFF92
:10CEB000FFFFFFFFFFFFFFFFFFFFFFFFFFFFFFFF82
:10CEC000FFFFFFFFFFFFFFFFFFFFFFFFFFFFFFFF72
:10CED000FFFFFFFFFFFFFFFFFFFFFFFFFFFFFFFF62
:10CEE000FFFFFFFFFFFFFFFFFFFFFFFFFFFFFFFF52
:10CEF000FFFFFFFFFFFFFFFFFFFFFFFFFFFFFFFF42
:10CF0000FFFFFFFFFFFFFFFFFFFFFFFFFFFFFFFF31
:10CF1000FFFFFFFFFFFFFFFFFFFFFFFFFFFFFFFF21
:10CF2000FFFFFFFFFFFFFFFFFFFFFFFFFFFFFFFF11
:10CF3000FFFFFFFFFFFFFFFFFFFFFFFFFFFFFFFF01
:10CF4000FFFFFFFFFFFFFFFFFFFFFFFFFFFFFFFFF1
:10CF5000FFFFFFFFFFFFFFFFFFFFFFFFFFFFFFFFE1
:10CF6000FFFFFFFFFFFFFFFFFFFFFFFFFFFFFFFFD1
:10CF7000FFFFFFFFFFFFFFFFFFFFFFFFFFFFFFFFC1
:10CF8000FFFFFFFFFFFFFFFFFFFFFFFFFFFFFFFFB1
:10CF9000FFFFFFFFFFFFFFFFFFFFFFFFFFFFFFFFA1
:10CFA000FFFFFFFFFFFFFFFFFFFFFFFFFFFFFFFF91
:10CFB000FFFFFFFFFFFFFFFFFFFFFFFFFFFFFFFF81
:10CFC000FFFFFFFFFFFFFFFFFFFFFFFFFFFFFFFF71
:10CFD000FFFFFFFFFFFFFFFFFFFFFFFFFFFFFFFF61
:10CFE000FFFFFFFFFFFFFFFFFFFFFFFFFFFFFFFF51
:10CFF000FFFFFFFFFFFFFFFFFFFFFFFFFFFFFFFF41
:10D00000FFFFFFFFFFFFFFFFFFFFFFFFFFFFFFFF30
:10D01000FFFFFFFFFFFFFFFFFFFFFFFFFFFFFFFF20
:10D02000FFFFFFFFFFFFFFFFFFFFFFFFFFFFFFFF10
:10D03000FFFFFFFFFFFFFFFFFFFFFFFFFFFFFFFF00
:10D04000FFFFFFFFFFFFFFFFFFFFFFFFFFFFFFFFF0
:10D05000FFFFFFFFFFFFFFFFFFFFFFFFFFFFFFFFE0
:10D06000FFFFFFFFFFFFFFFFFFFFFFFFFFFFFFFFD0
:10D07000FFFFFFFFFFFFFFFFFFFFFFFFFFFFFFFFC0
:10D08000FFFFFFFFFFFFFFFFFFFFFFFFFFFFFFFFB0
:10D09000FFFFFFFFFFFFFFFFFFFFFFFFFFFFFFFFA0
:10D0A000FFFFFFFFFFFFFFFFFFFFFFFFFFFFFFFF90
:10D0B000FFFFFFFFFFFFFFFFFFFFFFFFFFFFFFFF80
:10D0C000FFFFFFFFFFFFFFFFFFFFFFFFFFFFFFFF70
:10D0D000FFFFFFFFFFFFFFFFFFFFFFFFFFFFFFFF60
:10D0E000FFFFFFFFFFFFFFFFFFFFFFFFFFFFFFFF50
:10D0F000FFFFFFFFFFFFFFFFFFFFFFFFFFFFFFFF40
:10D10000FFFFFFFFFFFFFFFFFFFFFFFFFFFFFFFF2F
:10D11000FFFFFFFFFFFFFFFFFFFFFFFFFFFFFFFF1F
:10D12000FFFFFFFFFFFFFFFFFFFFFFFFFFFFFFFF0F
:10D13000FFFFFFFFFFFFFFFFFFFFFFFFFFFFFFFFFF
:10D14000FFFFFFFFFFFFFFFFFFFFFFFFFFFFFFFFEF
:10D15000FFFFFFFFFFFFFFFFFFFFFFFFFFFFFFFFDF
:10D16000FFFFFFFFFFFFFFFFFFFFFFFFFFFFFFFFCF
:10D17000FFFFFFFFFFFFFFFFFFFFFFFFFFFFFFFFBF
:10D18000FFFFFFFFFFFFFFFFFFFFFFFFFFFFFFFFAF
:10D19000FFFFFFFFFFFFFFFFFFFFFFFFFFFFFFFF9F
:10D1A000FFFFFFFFFFFFFFFFFFFFFFFFFFFFFFFF8F
:10D1B000FFFFFFFFFFFFFFFFFFFFFFFFFFFFFFFF7F
:10D1C000FFFFFFFFFFFFFFFFFFFFFFFFFFFFFFFF6F
:10D1D000FFFFFFFFFFFFFFFFFFFFFFFFFFFFFFFF5F
:10D1E000FFFFFFFFFFFFFFFFFFFFFFFFFFFFFFFF4F
:10D1F000FFFFFFFFFFFFFFFFFFFFFFFFFFFFFFFF3F
:10D20000FFFFFFFFFFFFFFFFFFFFFFFFFFFFFFFF2E
:10D21000FFFFFFFFFFFFFFFFFFFFFFFFFFFFFFFF1E
:10D22000FFFFFFFFFFFFFFFFFFFFFFFFFFFFFFFF0E
:10D23000FFFFFFFFFFFFFFFFFFFFFFFFFFFFFFFFFE
:10D24000FFFFFFFFFFFFFFFFFFFFFFFFFFFFFFFFEE
:10D25000FFFFFFFFFFFFFFFFFFFFFFFFFFFFFFFFDE
:10D26000FFFFFFFFFFFFFFFFFFFFFFFFFFFFFFFFCE
:10D27000FFFFFFFFFFFFFFFFFFFFFFFFFFFFFFFFBE
:10D28000FFFFFFFFFFFFFFFFFFFFFFFFFFFFFFFFAE
:10D29000FFFFFFFFFFFFFFFFFFFFFFFFFFFFFFFF9E
:10D2A000FFFFFFFFFFFFFFFFFFFFFFFFFFFFFFFF8E
:10D2B000FFFFFFFFFFFFFFFFFFFFFFFFFFFFFFFF7E
:10D2C000FFFFFFFFFFFFFFFFFFFFFFFFFFFFFFFF6E
:10D2D000FFFFFFFFFFFFFFFFFFFFFFFFFFFFFFFF5E
:10D2E000FFFFFFFFFFFFFFFFFFFFFFFFFFFFFFFF4E
:10D2F000FFFFFFFFFFFFFFFFFFFFFFFFFFFFFFFF3E
:10D30000FFFFFFFFFFFFFFFFFFFFFFFFFFFFFFFF2D
:10D31000FFFFFFFFFFFFFFFFFFFFFFFFFFFFFFFF1D
:10D32000FFFFFFFFFFFFFFFFFFFFFFFFFFFFFFFF0D
:10D33000FFFFFFFFFFFFFFFFFFFFFFFFFFFFFFFFFD
:10D34000FFFFFFFFFFFFFFFFFFFFFFFFFFFFFFFFED
:10D35000FFFFFFFFFFFFFFFFFFFFFFFFFFFFFFFFDD
:10D36000FFFFFFFFFFFFFFFFFFFFFFFFFFFFFFFFCD
:10D37000FFFFFFFFFFFFFFFFFFFFFFFFFFFFFFFFBD
:10D38000FFFFFFFFFFFFFFFFFFFFFFFFFFFFFFFFAD
:10D39000FFFFFFFFFFFFFFFFFFFFFFFFFFFFFFFF9D
:10D3A000FFFFFFFFFFFFFFFFFFFFFFFFFFFFFFFF8D
:10D3B000FFFFFFFFFFFFFFFFFFFFFFFFFFFFFFFF7D
:10D3C000FFFFFFFFFFFFFFFFFFFFFFFFFFFFFFFF6D
:10D3D000FFFFFFFFFFFFFFFFFFFFFFFFFFFFFFFF5D
:10D3E000FFFFFFFFFFFFFFFFFFFFFFFFFFFFFFFF4D
:10D3F000FFFFFFFFFFFFFFFFFFFFFFFFFFFFFFFF3D
:10D40000FFFFFFFFFFFFFFFFFFFFFFFFFFFFFFFF2C
:10D41000FFFFFFFFFFFFFFFFFFFFFFFFFFFFFFFF1C
:10D42000FFFFFFFFFFFFFFFFFFFFFFFFFFFFFFFF0C
:10D43000FFFFFFFFFFFFFFFFFFFFFFFFFFFFFFFFFC
:10D44000FFFFFFFFFFFFFFFFFFFFFFFFFFFFFFFFEC
:10D45000FFFFFFFFFFFFFFFFFFFFFFFFFFFFFFFFDC
:10D46000FFFFFFFFFFFFFFFFFFFFFFFFFFFFFFFFCC
:10D47000FFFFFFFFFFFFFFFFFFFFFFFFFFFFFFFFBC
:10D48000FFFFFFFFFFFFFFFFFFFFFFFFFFFFFFFFAC
:10D49000FFFFFFFFFFFFFFFFFFFFFFFFFFFFFFFF9C
:10D4A000FFFFFFFFFFFFFFFFFFFFFFFFFFFFFFFF8C
:10D4B000FFFFFFFFFFFFFFFFFFFFFFFFFFFFFFFF7C
:10D4C000FFFFFFFFFFFFFFFFFFFFFFFFFFFFFFFF6C
:10D4D000FFFFFFFFFFFFFFFFFFFFFFFFFFFFFFFF5C
:10D4E000FFFFFFFFFFFFFFFFFFFFFFFFFFFFFFFF4C
:10D4F000FFFFFFFFFFFFFFFFFFFFFFFFFFFFFFFF3C
:10D50000FFFFFFFFFFFFFFFFFFFFFFFFFFFFFFFF2B
:10D51000FFFFFFFFFFFFFFFFFFFFFFFFFFFFFFFF1B
:10D52000FFFFFFFFFFFFFFFFFFFFFFFFFFFFFFFF0B
:10D53000FFFFFFFFFFFFFFFFFFFFFFFFFFFFFFFFFB
:10D54000FFFFFFFFFFFFFFFFFFFFFFFFFFFFFFFFEB
:10D55000FFFFFFFFFFFFFFFFFFFFFFFFFFFFFFFFDB
:10D56000FFFFFFFFFFFFFFFFFFFFFFFFFFFFFFFFCB
:10D57000FFFFFFFFFFFFFFFFFFFFFFFFFFFFFFFFBB
:10D58000FFFFFFFFFFFFFFFFFFFFFFFFFFFFFFFFAB
:10D59000FFFFFFFFFFFFFFFFFFFFFFFFFFFFFFFF9B
:10D5A000FFFFFFFFFFFFFFFFFFFFFFFFFFFFFFFF8B
:10D5B000FFFFFFFFFFFFFFFFFFFFFFFFFFFFFFFF7B
:10D5C000FFFFFFFFFFFFFFFFFFFFFFFFFFFFFFFF6B
:10D5D000FFFFFFFFFFFFFFFFFFFFFFFFFFFFFFFF5B
:10D5E000FFFFFFFFFFFFFFFFFFFFFFFFFFFFFFFF4B
:10D5F000FFFFFFFFFFFFFFFFFFFFFFFFFFFFFFFF3B
:10D60000FFFFFFFFFFFFFFFFFFFFFFFFFFFFFFFF2A
:10D61000FFFFFFFFFFFFFFFFFFFFFFFFFFFFFFFF1A
:10D62000FFFFFFFFFFFFFFFFFFFFFFFFFFFFFFFF0A
:10D63000FFFFFFFFFFFFFFFFFFFFFFFFFFFFFFFFFA
:10D64000FFFFFFFFFFFFFFFFFFFFFFFFFFFFFFFFEA
:10D65000FFFFFFFFFFFFFFFFFFFFFFFFFFFFFFFFDA
:10D66000FFFFFFFFFFFFFFFFFFFFFFFFFFFFFFFFCA
:10D67000FFFFFFFFFFFFFFFFFFFFFFFFFFFFFFFFBA
:10D68000FFFFFFFFFFFFFFFFFFFFFFFFFFFFFFFFAA
:10D69000FFFFFFFFFFFFFFFFFFFFFFFFFFFFFFFF9A
:10D6A000FFFFFFFFFFFFFFFFFFFFFFFFFFFFFFFF8A
:10D6B000FFFFFFFFFFFFFFFFFFFFFFFFFFFFFFFF7A
:10D6C000FFFFFFFFFFFFFFFFFFFFFFFFFFFFFFFF6A
:10D6D000FFFFFFFFFFFFFFFFFFFFFFFFFFFFFFFF5A
:10D6E000FFFFFFFFFFFFFFFFFFFFFFFFFFFFFFFF4A
:10D6F000FFFFFFFFFFFFFFFFFFFFFFFFFFFFFFFF3A
:10D70000FFFFFFFFFFFFFFFFFFFFFFFFFFFFFFFF29
:10D71000FFFFFFFFFFFFFFFFFFFFFFFFFFFFFFFF19
:10D72000FFFFFFFFFFFFFFFFFFFFFFFFFFFFFFFF09
:10D73000FFFFFFFFFFFFFFFFFFFFFFFFFFFFFFFFF9
:10D74000FFFFFFFFFFFFFFFFFFFFFFFFFFFFFFFFE9
:10D75000FFFFFFFFFFFFFFFFFFFFFFFFFFFFFFFFD9
:10D76000FFFFFFFFFFFFFFFFFFFFFFFFFFFFFFFFC9
:10D77000FFFFFFFFFFFFFFFFFFFFFFFFFFFFFFFFB9
:10D78000FFFFFFFFFFFFFFFFFFFFFFFFFFFFFFFFA9
:10D79000FFFFFFFFFFFFFFFFFFFFFFFFFFFFFFFF99
:10D7A000FFFFFFFFFFFFFFFFFFFFFFFFFFFFFFFF89
:10D7B000FFFFFFFFFFFFFFFFFFFFFFFFFFFFFFFF79
:10D7C000FFFFFFFFFFFFFFFFFFFFFFFFFFFFFFFF69
:10D7D000FFFFFFFFFFFFFFFFFFFFFFFFFFFFFFFF59
:10D7E000FFFFFFFFFFFFFFFFFFFFFFFFFFFFFFFF49
:10D7F000FFFFFFFFFFFFFFFFFFFFFFFF6D0BFC6E53
:10D80000FFFFFFFFFFFFFFFFFFFFFFFFFFFFFFFF28
:10D81000FFFFFFFFFFFFFFFFFFFFFFFFFFFFFFFF18
:10D82000FFFFFFFFFFFFFFFFFFFFFFFFFFFFFFFF08
:10D83000FFFFFFFFFFFFFFFFFFFFFFFFFFFFFFFFF8
:10D84000FFFFFFFFFFFFFFFFFFFFFFFFFFFFFFFFE8
:10D85000FFFFFFFFFFFFFFFFFFFFFFFFFFFFFFFFD8
:10D86000FFFFFFFFFFFFFFFFFFFFFFFFFFFFFFFFC8
:10D87000FFFFFFFFFFFFFFFFFFFFFFFFFFFFFFFFB8
:10D88000FFFFFFFFFFFFFFFFFFFFFFFFFFFFFFFFA8
:10D89000FFFFFFFFFFFFFFFFFFFFFFFFFFFFFFFF98
:10D8A000FFFFFFFFFFFFFFFFFFFFFFFFFFFFFFFF88
:10D8B000FFFFFFFFFFFFFFFFFFFFFFFFFFFFFFFF78
:10D8C000FFFFFFFFFFFFFFFFFFFFFFFFFFFFFFFF68
:10D8D000FFFFFFFFFFFFFFFFFFFFFFFFFFFFFFFF58
:10D8E000FFFFFFFFFFFFFFFFFFFFFFFFFFFFFFFF48
:10D8F000FFFFFFFFFFFFFFFFFFFFFFFFFFFFFFFF38
:10D90000FFFFFFFFFFFFFFFFFFFFFFFFFFFFFFFF27
:10D91000FFFFFFFFFFFFFFFFFFFFFFFFFFFFFFFF17
:10D92000FFFFFFFFFFFFFFFFFFFFFFFFFFFFFFFF07
:10D93000FFFFFFFFFFFFFFFFFFFFFFFFFFFFFFFFF7
:10D94000FFFFFFFFFFFFFFFFFFFFFFFFFFFFFFFFE7
:10D95000FFFFFFFFFFFFFFFFFFFFFFFFFFFFFFFFD7
:10D96000FFFFFFFFFFFFFFFFFFFFFFFFFFFFFFFFC7
:10D97000FFFFFFFFFFFFFFFFFFFFFFFFFFFFFFFFB7
:10D98000FFFFFFFFFFFFFFFFFFFFFFFFFFFFFFFFA7
:10D99000FFFFFFFFFFFFFFFFFFFFFFFFFFFFFFFF97
:10D9A000FFFFFFFFFFFFFFFFFFFFFFFFFFFFFFFF87
:10D9B000FFFFFFFFFFFFFFFFFFFFFFFFFFFFFFFF77
:10D9C000FFFFFFFFFFFFFFFFFFFFFFFFFFFFFFFF67
:10D9D000FFFFFFFFFFFFFFFFFFFFFFFFFFFFFFFF57
:10D9E000FFFFFFFFFFFFFFFFFFFFFFFFFFFFFFFF47
:10D9F000FFFFFFFFFFFFFFFFFFFFFFFFFFFFFFFF37
:10DA0000FFFFFFFFFFFFFFFFFFFFFFFFFFFFFFFF26
:10DA1000FFFFFFFFFFFFFFFFFFFFFFFFFFFFFFFF16
:10DA2000FFFFFFFFFFFFFFFFFFFFFFFFFFFFFFFF06
:10DA3000FFFFFFFFFFFFFFFFFFFFFFFFFFFFFFFFF6
:10DA4000FFFFFFFFFFFFFFFFFFFFFFFFFFFFFFFFE6
:10DA5000FFFFFFFFFFFFFFFFFFFFFFFFFFFFFFFFD6
:10DA6000FFFFFFFFFFFFFFFFFFFFFFFFFFFFFFFFC6
:10DA7000FFFFFFFFFFFFFFFFFFFFFFFFFFFFFFFFB6
:10DA8000FFFFFFFFFFFFFFFFFFFFFFFFFFFFFFFFA6
:10DA9000FFFFFFFFFFFFFFFFFFFFFFFFFFFFFFFF96
:10DAA000FFFFFFFFFFFFFFFFFFFFFFFFFFFFFFFF86
:10DAB000FFFFFFFFFFFFFFFFFFFFFFFFFFFFFFFF76
:10DAC000FFFFFFFFFFFFFFFFFFFFFFFFFFFFFFFF66
:10DAD000FFFFFFFFFFFFFFFFFFFFFFFFFFFFFFFF56
:10DAE000FFFFFFFFFFFFFFFFFFFFFFFFFFFFFFFF46
:10DAF000FFFFFFFFFFFFFFFFFFFFFFFFFFFFFFFF36
:10DB0000FFFFFFFFFFFFFFFFFFFFFFFFFFFFFFFF25
:10DB1000FFFFFFFFFFFFFFFFFFFFFFFFFFFFFFFF15
:10DB2000FFFFFFFFFFFFFFFFFFFFFFFFFFFFFFFF05
:10DB3000FFFFFFFFFFFFFFFFFFFFFFFFFFFFFFFFF5
:10DB4000FFFFFFFFFFFFFFFFFFFFFFFFFFFFFFFFE5
:10DB5000FFFFFFFFFFFFFFFFFFFFFFFFFFFFFFFFD5
:10DB6000FFFFFFFFFFFFFFFFFFFFFFFFFFFFFFFFC5
:10DB7000FFFFFFFFFFFFFFFFFFFFFFFFFFFFFFFFB5
:10DB8000FFFFFFFFFFFFFFFFFFFFFFFFFFFFFFFFA5
:10DB9000FFFFFFFFFFFFFFFFFFFFFFFFFFFFFFFF95
:10DBA000FFFFFFFFFFFFFFFFFFFFFFFFFFFFFFFF85
:10DBB000FFFFFFFFFFFFFFFFFFFFFFFFFFFFFFFF75
:10DBC000FFFFFFFFFFFFFFFFFFFFFFFFFFFFFFFF65
:10DBD000FFFFFFFFFFFFFFFFFFFFFFFFFFFFFFFF55
:10DBE000FFFFFFFFFFFFFFFFFFFFFFFFFFFFFFFF45
:10DBF000FFFFFFFFFFFFFFFFFFFFFFFFFFFFFFFF35
:10DC0000FFFFFFFFFFFFFFFFFFFFFFFFFFFFFFFF24
:10DC1000FFFFFFFFFFFFFFFFFFFFFFFFFFFFFFFF14
:10DC2000FFFFFFFFFFFFFFFFFFFFFFFFFFFFFFFF04
:10DC3000FFFFFFFFFFFFFFFFFFFFFFFFFFFFFFFFF4
:10DC4000FFFFFFFFFFFFFFFFFFFFFFFFFFFFFFFFE4
:10DC5000FFFFFFFFFFFFFFFFFFFFFFFFFFFFFFFFD4
:10DC6000FFFFFFFFFFFFFFFFFFFFFFFFFFFFFFFFC4
:10DC7000FFFFFFFFFFFFFFFFFFFFFFFFFFFFFFFFB4
:10DC8000FFFFFFFFFFFFFFFFFFFFFFFFFFFFFFFFA4
:10DC9000FFFFFFFFFFFFFFFFFFFFFFFFFFFFFFFF94
:10DCA000FFFFFFFFFFFFFFFFFFFFFFFFFFFFFFFF84
:10DCB000FFFFFFFFFFFFFFFFFFFFFFFFFFFFFFFF74
:10DCC000FFFFFFFFFFFFFFFFFFFFFFFFFFFFFFFF64
:10DCD000FFFFFFFFFFFFFFFFFFFFFFFFFFFFFFFF54
:10DCE000FFFFFFFFFFFFFFFFFFFFFFFFFFFFFFFF44
:10DCF000FFFFFFFFFFFFFFFFFFFFFFFFFFFFFFFF34
:10DD0000FFFFFFFFFFFFFFFFFFFFFFFFFFFFFFFF23
:10DD1000FFFFFFFFFFFFFFFFFFFFFFFFFFFFFFFF13
:10DD2000FFFFFFFFFFFFFFFFFFFFFFFFFFFFFFFF03
:10DD3000FFFFFFFFFFFFFFFFFFFFFFFFFFFFFFFFF3
:10DD4000FFFFFFFFFFFFFFFFFFFFFFFFFFFFFFFFE3
:10DD5000FFFFFFFFFFFFFFFFFFFFFFFFFFFFFFFFD3
:10DD6000FFFFFFFFFFFFFFFFFFFFFFFFFFFFFFFFC3
:10DD7000FFFFFFFFFFFFFFFFFFFFFFFFFFFFFFFFB3
:10DD8000FFFFFFFFFFFFFFFFFFFFFFFFFFFFFFFFA3
:10DD9000FFFFFFFFFFFFFFFFFFFFFFFFFFFFFFFF93
:10DDA000FFFFFFFFFFFFFFFFFFFFFFFFFFFFFFFF83
:10DDB000FFFFFFFFFFFFFFFFFFFFFFFFFFFFFFFF73
:10DDC000FFFFFFFFFFFFFFFFFFFFFFFFFFFFFFFF63
:10DDD000FFFFFFFFFFFFFFFFFFFFFFFFFFFFFFFF53
:10DDE000FFFFFFFFFFFFFFFFFFFFFFFFFFFFFFFF43
:10DDF000FFFFFFFFFFFFFFFFFFFFFFFFFFFFFFFF33
:10DE0000FFFFFFFFFFFFFFFFFFFFFFFFFFFFFFFF22
:10DE1000FFFFFFFFFFFFFFFFFFFFFFFFFFFFFFFF12
:10DE2000FFFFFFFFFFFFFFFFFFFFFFFFFFFFFFFF02
:10DE3000FFFFFFFFFFFFFFFFFFFFFFFFFFFFFFFFF2
:10DE4000FFFFFFFFFFFFFFFFFFFFFFFFFFFFFFFFE2
:10DE5000FFFFFFFFFFFFFFFFFFFFFFFFFFFFFFFFD2
:10DE6000FFFFFFFFFFFFFFFFFFFFFFFFFFFFFFFFC2
:10DE7000FFFFFFFFFFFFFFFFFFFFFFFFFFFFFFFFB2
:10DE8000FFFFFFFFFFFFFFFFFFFFFFFFFFFFFFFFA2
:10DE9000FFFFFFFFFFFFFFFFFFFFFFFFFFFFFFFF92
:10DEA000FFFFFFFFFFFFFFFFFFFFFFFFFFFFFFFF82
:10DEB000FFFFFFFFFFFFFFFFFFFFFFFFFFFFFFFF72
:10DEC000FFFFFFFFFFFFFFFFFFFFFFFFFFFFFFFF62
:10DED000FFFFFFFFFFFFFFFFFFFFFFFFFFFFFFFF52
:10DEE000FFFFFFFFFFFFFFFFFFFFFFFFFFFFFFFF42
:10DEF000FFFFFFFFFFFFFFFFFFFFFFFFFFFFFFFF32
:10DF0000FFFFFFFFFFFFFFFFFFFFFFFFFFFFFFFF21
:10DF1000FFFFFFFFFFFFFFFFFFFFFFFFFFFFFFFF11
:10DF2000FFFFFFFFFFFFFFFFFFFFFFFFFFFFFFFF01
:10DF3000FFFFFFFFFFFFFFFFFFFFFFFFFFFFFFFFF1
:10DF4000FFFFFFFFFFFFFFFFFFFFFFFFFFFFFFFFE1
:10DF5000FFFFFFFFFFFFFFFFFFFFFFFFFFFFFFFFD1
:10DF6000FFFFFFFFFFFFFFFFFFFFFFFFFFFFFFFFC1
:10DF7000FFFFFFFFFFFFFFFFFFFFFFFFFFFFFFFFB1
:10DF8000FFFFFFFFFFFFFFFFFFFFFFFFFFFFFFFFA1
:10DF9000FFFFFFFFFFFFFFFFFFFFFFFFFFFFFFFF91
:10DFA000FFFFFFFFFFFFFFFFFFFFFFFFFFFFFFFF81
:10DFB000FFFFFFFFFFFFFFFFFFFFFFFFFFFFFFFF71
:10DFC000FFFFFFFFFFFFFFFFFFFFFFFFFFFFFFFF61
:10DFD000FFFFFFFFFFFFFFFFFFFFFFFFFFFFFFFF51
:10DFE000FFFFFFFFFFFFFFFFFFFFFFFFFFFFFFFF41
:10DFF000FFFFFFFFFFFFFFFFFFFFFFFFFFFFFFFF31
:10E00000FFFFFFFFFFFFFFFFFFFFFFFFFFFFFFFF20
:10E01000FFFFFFFFFFFFFFFFFFFFFFFFFFFFFFFF10
:10E02000FFFFFFFFFFFFFFFFFFFFFFFFFFFFFFFF00
:10E03000FFFFFFFFFFFFFFFFFFFFFFFFFFFFFFFFF0
:10E04000FFFFFFFFFFFFFFFFFFFFFFFFFFFFFFFFE0
:10E05000FFFFFFFFFFFFFFFFFFFFFFFFFFFFFFFFD0
:10E06000FFFFFFFFFFFFFFFFFFFFFFFFFFFFFFFFC0
:10E07000FFFFFFFFFFFFFFFFFFFFFFFFFFFFFFFFB0
:10E08000FFFFFFFFFFFFFFFFFFFFFFFFFFFFFFFFA0
:10E09000FFFFFFFFFFFFFFFFFFFFFFFFFFFFFFFF90
:10E0A000FFFFFFFFFFFFFFFFFFFFFFFFFFFFFFFF80
:10E0B000FFFFFFFFFFFFFFFFFFFFFFFFFFFFFFFF70
:10E0C000FFFFFFFFFFFFFFFFFFFFFFFFFFFFFFFF60
:10E0D000FFFFFFFFFFFFFFFFFFFFFFFFFFFFFFFF50
:10E0E000FFFFFFFFFFFFFFFFFFFFFFFFFFFFFFFF40
:10E0F000FFFFFFFFFFFFFFFFFFFFFFFFFFFFFFFF30
:10E10000FFFFFFFFFFFFFFFFFFFFFFFFFFFFFFFF1F
:10E11000FFFFFFFFFFFFFFFFFFFFFFFFFFFFFFFF0F
:10E12000FFFFFFFFFFFFFFFFFFFFFFFFFFFFFFFFFF
:10E13000FFFFFFFFFFFFFFFFFFFFFFFFFFFFFFFFEF
:10E14000FFFFFFFFFFFFFFFFFFFFFFFFFFFFFFFFDF
:10E15000FFFFFFFFFFFFFFFFFFFFFFFFFFFFFFFFCF
:10E16000FFFFFFFFFFFFFFFFFFFFFFFFFFFFFFFFBF
:10E17000FFFFFFFFFFFFFFFFFFFFFFFFFFFFFFFFAF
:10E18000FFFFFFFFFFFFFFFFFFFFFFFFFFFFFFFF9F
:10E19000FFFFFFFFFFFFFFFFFFFFFFFFFFFFFFFF8F
:10E1A000FFFFFFFFFFFFFFFFFFFFFFFFFFFFFFFF7F
:10E1B000FFFFFFFFFFFFFFFFFFFFFFFFFFFFFFFF6F
:10E1C000FFFFFFFFFFFFFFFFFFFFFFFFFFFFFFFF5F
:10E1D000FFFFFFFFFFFFFFFFFFFFFFFFFFFFFFFF4F
:10E1E000FFFFFFFFFFFFFFFFFFFFFFFFFFFFFFFF3F
:10E1F000FFFFFFFFFFFFFFFFFFFFFFFFFFFFFFFF2F
:10E20000FFFFFFFFFFFFFFFFFFFFFFFFFFFFFFFF1E
:10E21000FFFFFFFFFFFFFFFFFFFFFFFFFFFFFFFF0E
:10E22000FFFFFFFFFFFFFFFFFFFFFFFFFFFFFFFFFE
:10E23000FFFFFFFFFFFFFFFFFFFFFFFFFFFFFFFFEE
:10E24000FFFFFFFFFFFFFFFFFFFFFFFFFFFFFFFFDE
:10E25000FFFFFFFFFFFFFFFFFFFFFFFFFFFFFFFFCE
:10E26000FFFFFFFFFFFFFFFFFFFFFFFFFFFFFFFFBE
:10E27000FFFFFFFFFFFFFFFFFFFFFFFFFFFFFFFFAE
:10E28000FFFFFFFFFFFFFFFFFFFFFFFFFFFFFFFF9E
:10E29000FFFFFFFFFFFFFFFFFFFFFFFFFFFFFFFF8E
:10E2A000FFFFFFFFFFFFFFFFFFFFFFFFFFFFFFFF7E
:10E2B000FFFFFFFFFFFFFFFFFFFFFFFFFFFFFFFF6E
:10E2C000FFFFFFFFFFFFFFFFFFFFFFFFFFFFFFFF5E
:10E2D000FFFFFFFFFFFFFFFFFFFFFFFFFFFFFFFF4E
:10E2E000FFFFFFFFFFFFFFFFFFFFFFFFFFFFFFFF3E
:10E2F000FFFFFFFFFFFFFFFFFFFFFFFFFFFFFFFF2E
:10E30000FFFFFFFFFFFFFFFFFFFFFFFFFFFFFFFF1D
:10E31000FFFFFFFFFFFFFFFFFFFFFFFFFFFFFFFF0D
:10E32000FFFFFFFFFFFFFFFFFFFFFFFFFFFFFFFFFD
:10E33000FFFFFFFFFFFFFFFFFFFFFFFFFFFFFFFFED
:10E34000FFFFFFFFFFFFFFFFFFFFFFFFFFFFFFFFDD
:10E35000FFFFFFFFFFFFFFFFFFFFFFFFFFFFFFFFCD
:10E36000FFFFFFFFFFFFFFFFFFFFFFFFFFFFFFFFBD
:10E37000FFFFFFFFFFFFFFFFFFFFFFFFFFFFFFFFAD
:10E38000FFFFFFFFFFFFFFFFFFFFFFFFFFFFFFFF9D
:10E39000FFFFFFFFFFFFFFFFFFFFFFFFFFFFFFFF8D
:10E3A000FFFFFFFFFFFFFFFFFFFFFFFFFFFFFFFF7D
:10E3B000FFFFFFFFFFFFFFFFFFFFFFFFFFFFFFFF6D
:10E3C000FFFFFFFFFFFFFFFFFFFFFFFFFFFFFFFF5D
:10E3D000FFFFFFFFFFFFFFFFFFFFFFFFFFFFFFFF4D
:10E3E000FFFFFFFFFFFFFFFFFFFFFFFFFFFFFFFF3D
:10E3F000FFFFFFFFFFFFFFFFFFFFFFFFFFFFFFFF2D
:10E40000FFFFFFFFFFFFFFFFFFFFFFFFFFFFFFFF1C
:10E41000FFFFFFFFFFFFFFFFFFFFFFFFFFFFFFFF0C
:10E42000FFFFFFFFFFFFFFFFFFFFFFFFFFFFFFFFFC
:10E43000FFFFFFFFFFFFFFFFFFFFFFFFFFFFFFFFEC
:10E44000FFFFFFFFFFFFFFFFFFFFFFFFFFFFFFFFDC
:10E45000FFFFFFFFFFFFFFFFFFFFFFFFFFFFFFFFCC
:10E46000FFFFFFFFFFFFFFFFFFFFFFFFFFFFFFFFBC
:10E47000FFFFFFFFFFFFFFFFFFFFFFFFFFFFFFFFAC
:10E48000FFFFFFFFFFFFFFFFFFFFFFFFFFFFFFFF9C
:10E49000FFFFFFFFFFFFFFFFFFFFFFFFFFFFFFFF8C
:10E4A000FFFFFFFFFFFFFFFFFFFFFFFFFFFFFFFF7C
:10E4B000FFFFFFFFFFFFFFFFFFFFFFFFFFFFFFFF6C
:10E4C000FFFFFFFFFFFFFFFFFFFFFFFFFFFFFFFF5C
:10E4D000FFFFFFFFFFFFFFFFFFFFFFFFFFFFFFFF4C
:10E4E000FFFFFFFFFFFFFFFFFFFFFFFFFFFFFFFF3C
:10E4F000FFFFFFFFFFFFFFFFFFFFFFFFFFFFFFFF2C
:10E50000FFFFFFFFFFFFFFFFFFFFFFFFFFFFFFFF1B
:10E51000FFFFFFFFFFFFFFFFFFFFFFFFFFFFFFFF0B
:10E52000FFFFFFFFFFFFFFFFFFFFFFFFFFFFFFFFFB
:10E53000FFFFFFFFFFFFFFFFFFFFFFFFFFFFFFFFEB
:10E54000FFFFFFFFFFFFFFFFFFFFFFFFFFFFFFFFDB
:10E55000FFFFFFFFFFFFFFFFFFFFFFFFFFFFFFFFCB
:10E56000FFFFFFFFFFFFFFFFFFFFFFFFFFFFFFFFBB
:10E57000FFFFFFFFFFFFFFFFFFFFFFFFFFFFFFFFAB
:10E58000FFFFFFFFFFFFFFFFFFFFFFFFFFFFFFFF9B
:10E59000FFFFFFFFFFFFFFFFFFFFFFFFFFFFFFFF8B
:10E5A000FFFFFFFFFFFFFFFFFFFFFFFFFFFFFFFF7B
:10E5B000FFFFFFFFFFFFFFFFFFFFFFFFFFFFFFFF6B
:10E5C000FFFFFFFFFFFFFFFFFFFFFFFFFFFFFFFF5B
:10E5D000FFFFFFFFFFFFFFFFFFFFFFFFFFFFFFFF4B
:10E5E000FFFFFFFFFFFFFFFFFFFFFFFFFFFFFFFF3B
:10E5F000FFFFFFFFFFFFFFFFFFFFFFFFFFFFFFFF2B
:10E60000FFFFFFFFFFFFFFFFFFFFFFFFFFFFFFFF1A
:10E61000FFFFFFFFFFFFFFFFFFFFFFFFFFFFFFFF0A
:10E62000FFFFFFFFFFFFFFFFFFFFFFFFFFFFFFFFFA
:10E63000FFFFFFFFFFFFFFFFFFFFFFFFFFFFFFFFEA
:10E64000FFFFFFFFFFFFFFFFFFFFFFFFFFFFFFFFDA
:10E65000FFFFFFFFFFFFFFFFFFFFFFFFFFFFFFFFCA
:10E66000FFFFFFFFFFFFFFFFFFFFFFFFFFFFFFFFBA
:10E67000FFFFFFFFFFFFFFFFFFFFFFFFFFFFFFFFAA
:10E68000FFFFFFFFFFFFFFFFFFFFFFFFFFFFFFFF9A
:10E69000FFFFFFFFFFFFFFFFFFFFFFFFFFFFFFFF8A
:10E6A000FFFFFFFFFFFFFFFFFFFFFFFFFFFFFFFF7A
:10E6B000FFFFFFFFFFFFFFFFFFFFFFFFFFFFFFFF6A
:10E6C000FFFFFFFFFFFFFFFFFFFFFFFFFFFFFFFF5A
:10E6D000FFFFFFFFFFFFFFFFFFFFFFFFFFFFFFFF4A
:10E6E000FFFFFFFFFFFFFFFFFFFFFFFFFFFFFFFF3A
:10E6F000FFFFFFFFFFFFFFFFFFFFFFFFFFFFFFFF2A
:10E70000FFFFFFFFFFFFFFFFFFFFFFFFFFFFFFFF19
:10E71000FFFFFFFFFFFFFFFFFFFFFFFFFFFFFFFF09
:10E72000FFFFFFFFFFFFFFFFFFFFFFFFFFFFFFFFF9
:10E73000FFFFFFFFFFFFFFFFFFFFFFFFFFFFFFFFE9
:10E74000FFFFFFFFFFFFFFFFFFFFFFFFFFFFFFFFD9
:10E75000FFFFFFFFFFFFFFFFFFFFFFFFFFFFFFFFC9
:10E76000FFFFFFFFFFFFFFFFFFFFFFFFFFFFFFFFB9
:10E77000FFFFFFFFFFFFFFFFFFFFFFFFFFFFFFFFA9
:10E78000FFFFFFFFFFFFFFFFFFFFFFFFFFFFFFFF99
:10E79000FFFFFFFFFFFFFFFFFFFFFFFFFFFFFFFF89
:10E7A000FFFFFFFFFFFFFFFFFFFFFFFFFFFFFFFF79
:10E7B000FFFFFFFFFFFFFFFFFFFFFFFFFFFFFFFF69
:10E7C000FFFFFFFFFFFFFFFFFFFFFFFFFFFFFFFF59
:10E7D000FFFFFFFFFFFFFFFFFFFFFFFFFFFFFFFF49
:10E7E000FFFFFFFFFFFFFFFFFFFFFFFFFFFFFFFF39
:10E7F000FFFFFFFFFFFFFFFFFFFFFFFFFFFFFFFF29
:10E80000FFFFFFFFFFFFFFFFFFFFFFFFFFFFFFFF18
:10E81000FFFFFFFFFFFFFFFFFFFFFFFFFFFFFFFF08
:10E82000FFFFFFFFFFFFFFFFFFFFFFFFFFFFFFFFF8
:10E83000FFFFFFFFFFFFFFFFFFFFFFFFFFFFFFFFE8
:10E84000FFFFFFFFFFFFFFFFFFFFFFFFFFFFFFFFD8
:10E85000FFFFFFFFFFFFFFFFFFFFFFFFFFFFFFFFC8
:10E86000FFFFFFFFFFFFFFFFFFFFFFFFFFFFFFFFB8
:10E87000FFFFFFFFFFFFFFFFFFFFFFFFFFFFFFFFA8
:10E88000FFFFFFFFFFFFFFFFFFFFFFFFFFFFFFFF98
:10E89000FFFFFFFFFFFFFFFFFFFFFFFFFFFFFFFF88
:10E8A000FFFFFFFFFFFFFFFFFFFFFFFFFFFFFFFF78
:10E8B000FFFFFFFFFFFFFFFFFFFFFFFFFFFFFFFF68
:10E8C000FFFFFFFFFFFFFFFFFFFFFFFFFFFFFFFF58
:10E8D000FFFFFFFFFFFFFFFFFFFFFFFFFFFFFFFF48
:10E8E000FFFFFFFFFFFFFFFFFFFFFFFFFFFFFFFF38
:10E8F000FFFFFFFFFFFFFFFFFFFFFFFFFFFFFFFF28
:10E90000FFFFFFFFFFFFFFFFFFFFFFFFFFFFFFFF17
:10E91000FFFFFFFFFFFFFFFFFFFFFFFFFFFFFFFF07
:10E92000FFFFFFFFFFFFFFFFFFFFFFFFFFFFFFFFF7
:10E93000FFFFFFFFFFFFFFFFFFFFFFFFFFFFFFFFE7
:10E94000FFFFFFFFFFFFFFFFFFFFFFFFFFFFFFFFD7
:10E95000FFFFFFFFFFFFFFFFFFFFFFFFFFFFFFFFC7
:10E96000FFFFFFFFFFFFFFFFFFFFFFFFFFFFFFFFB7
:10E97000FFFFFFFFFFFFFFFFFFFFFFFFFFFFFFFFA7
:10E98000FFFFFFFFFFFFFFFFFFFFFFFFFFFFFFFF97
:10E99000FFFFFFFFFFFFFFFFFFFFFFFFFFFFFFFF87
:10E9A000FFFFFFFFFFFFFFFFFFFFFFFFFFFFFFFF77
:10E9B000FFFFFFFFFFFFFFFFFFFFFFFFFFFFFFFF67
:10E9C000FFFFFFFFFFFFFFFFFFFFFFFFFFFFFFFF57
:10E9D000FFFFFFFFFFFFFFFFFFFFFFFFFFFFFFFF47
:10E9E000FFFFFFFFFFFFFFFFFFFFFFFFFFFFFFFF37
:10E9F000FFFFFFFFFFFFFFFFFFFFFFFFFFFFFFFF27
:10EA0000FFFFFFFFFFFFFFFFFFFFFFFFFFFFFFFF16
:10EA1000FFFFFFFFFFFFFFFFFFFFFFFFFFFFFFFF06
:10EA2000FFFFFFFFFFFFFFFFFFFFFFFFFFFFFFFFF6
:10EA3000FFFFFFFFFFFFFFFFFFFFFFFFFFFFFFFFE6
:10EA4000FFFFFFFFFFFFFFFFFFFFFFFFFFFFFFFFD6
:10EA5000FFFFFFFFFFFFFFFFFFFFFFFFFFFFFFFFC6
:10EA6000FFFFFFFFFFFFFFFFFFFFFFFFFFFFFFFFB6
:10EA7000FFFFFFFFFFFFFFFFFFFFFFFFFFFFFFFFA6
:10EA8000FFFFFFFFFFFFFFFFFFFFFFFFFFFFFFFF96
:10EA9000FFFFFFFFFFFFFFFFFFFFFFFFFFFFFFFF86
:10EAA000FFFFFFFFFFFFFFFFFFFFFFFFFFFFFFFF76
:10EAB000FFFFFFFFFFFFFFFFFFFFFFFFFFFFFFFF66
:10EAC000FFFFFFFFFFFFFFFFFFFFFFFFFFFFFFFF56
:10EAD000FFFFFFFFFFFFFFFFFFFFFFFFFFFFFFFF46
:10EAE000FFFFFFFFFFFFFFFFFFFFFFFFFFFFFFFF36
:10EAF000FFFFFFFFFFFFFFFFFFFFFFFFFFFFFFFF26
:10EB0000FFFFFFFFFFFFFFFFFFFFFFFFFFFFFFFF15
:10EB1000FFFFFFFFFFFFFFFFFFFFFFFFFFFFFFFF05
:10EB2000FFFFFFFFFFFFFFFFFFFFFFFFFFFFFFFFF5
:10EB3000FFFFFFFFFFFFFFFFFFFFFFFFFFFFFFFFE5
:10EB4000FFFFFFFFFFFFFFFFFFFFFFFFFFFFFFFFD5
:10EB5000FFFFFFFFFFFFFFFFFFFFFFFFFFFFFFFFC5
:10EB6000FFFFFFFFFFFFFFFFFFFFFFFFFFFFFFFFB5
:10EB7000FFFFFFFFFFFFFFFFFFFFFFFFFFFFFFFFA5
:10EB8000FFFFFFFFFFFFFFFFFFFFFFFFFFFFFFFF95
:10EB9000FFFFFFFFFFFFFFFFFFFFFFFFFFFFFFFF85
:10EBA000FFFFFFFFFFFFFFFFFFFFFFFFFFFFFFFF75
:10EBB000FFFFFFFFFFFFFFFFFFFFFFFFFFFFFFFF65
:10EBC000FFFFFFFFFFFFFFFFFFFFFFFFFFFFFFFF55
:10EBD000FFFFFFFFFFFFFFFFFFFFFFFFFFFFFFFF45
:10EBE000FFFFFFFFFFFFFFFFFFFFFFFFFFFFFFFF35
:10EBF000FFFFFFFFFFFFFFFFFFFFFFFFFFFFFFFF25
:10EC0000FFFFFFFFFFFFFFFFFFFFFFFFFFFFFFFF14
:10EC1000FFFFFFFFFFFFFFFFFFFFFFFFFFFFFFFF04
:10EC2000FFFFFFFFFFFFFFFFFFFFFFFFFFFFFFFFF4
:10EC3000FFFFFFFFFFFFFFFFFFFFFFFFFFFFFFFFE4
:10EC4000FFFFFFFFFFFFFFFFFFFFFFFFFFFFFFFFD4
:10EC5000FFFFFFFFFFFFFFFFFFFFFFFFFFFFFFFFC4
:10EC6000FFFFFFFFFFFFFFFFFFFFFFFFFFFFFFFFB4
:10EC7000FFFFFFFFFFFFFFFFFFFFFFFFFFFFFFFFA4
:10EC8000FFFFFFFFFFFFFFFFFFFFFFFFFFFFFFFF94
:10EC9000FFFFFFFFFFFFFFFFFFFFFFFFFFFFFFFF84
:10ECA000FFFFFFFFFFFFFFFFFFFFFFFFFFFFFFFF74
:10ECB000FFFFFFFFFFFFFFFFFFFFFFFFFFFFFFFF64
:10ECC000FFFFFFFFFFFFFFFFFFFFFFFFFFFFFFFF54
:10ECD000FFFFFFFFFFFFFFFFFFFFFFFFFFFFFFFF44
:10ECE000FFFFFFFFFFFFFFFFFFFFFFFFFFFFFFFF34
:10ECF000FFFFFFFFFFFFFFFFFFFFFFFFFFFFFFFF24
:10ED0000FFFFFFFFFFFFFFFFFFFFFFFFFFFFFFFF13
:10ED1000FFFFFFFFFFFFFFFFFFFFFFFFFFFFFFFF03
:10ED2000FFFFFFFFFFFFFFFFFFFFFFFFFFFFFFFFF3
:10ED3000FFFFFFFFFFFFFFFFFFFFFFFFFFFFFFFFE3
:10ED4000FFFFFFFFFFFFFFFFFFFFFFFFFFFFFFFFD3
:10ED5000FFFFFFFFFFFFFFFFFFFFFFFFFFFFFFFFC3
:10ED6000FFFFFFFFFFFFFFFFFFFFFFFFFFFFFFFFB3
:10ED7000FFFFFFFFFFFFFFFFFFFFFFFFFFFFFFFFA3
:10ED8000FFFFFFFFFFFFFFFFFFFFFFFFFFFFFFFF93
:10ED9000FFFFFFFFFFFFFFFFFFFFFFFFFFFFFFFF83
:10EDA000FFFFFFFFFFFFFFFFFFFFFFFFFFFFFFFF73
:10EDB000FFFFFFFFFFFFFFFFFFFFFFFFFFFFFFFF63
:10EDC000FFFFFFFFFFFFFFFFFFFFFFFFFFFFFFFF53
:10EDD000FFFFFFFFFFFFFFFFFFFFFFFFFFFFFFFF43
:10EDE000FFFFFFFFFFFFFFFFFFFFFFFFFFFFFFFF33
:10EDF000FFFFFFFFFFFFFFFFFFFFFFFFFFFFFFFF23
:10EE0000FFFFFFFFFFFFFFFFFFFFFFFFFFFFFFFF12
:10EE1000FFFFFFFFFFFFFFFFFFFFFFFFFFFFFFFF02
:10EE2000FFFFFFFFFFFFFFFFFFFFFFFFFFFFFFFFF2
:10EE3000FFFFFFFFFFFFFFFFFFFFFFFFFFFFFFFFE2
:10EE4000FFFFFFFFFFFFFFFFFFFFFFFFFFFFFFFFD2
:10EE5000FFFFFFFFFFFFFFFFFFFFFFFFFFFFFFFFC2
:10EE6000FFFFFFFFFFFFFFFFFFFFFFFFFFFFFFFFB2
:10EE7000FFFFFFFFFFFFFFFFFFFFFFFFFFFFFFFFA2
:10EE8000FFFFFFFFFFFFFFFFFFFFFFFFFFFFFFFF92
:10EE9000FFFFFFFFFFFFFFFFFFFFFFFFFFFFFFFF82
:10EEA000FFFFFFFFFFFFFFFFFFFFFFFFFFFFFFFF72
:10EEB000FFFFFFFFFFFFFFFFFFFFFFFFFFFFFFFF62
:10EEC000FFFFFFFFFFFFFFFFFFFFFFFFFFFFFFFF52
:10EED000FFFFFFFFFFFFFFFFFFFFFFFFFFFFFFFF42
:10EEE000FFFFFFFFFFFFFFFFFFFFFFFFFFFFFFFF32
:10EEF000FFFFFFFFFFFFFFFFFFFFFFFFFFFFFFFF22
:10EF0000FFFFFFFFFFFFFFFFFFFFFFFFFFFFFFFF11
:10EF1000FFFFFFFFFFFFFFFFFFFFFFFFFFFFFFFF01
:10EF2000FFFFFFFFFFFFFFFFFFFFFFFFFFFFFFFFF1
:10EF3000FFFFFFFFFFFFFFFFFFFFFFFFFFFFFFFFE1
:10EF4000FFFFFFFFFFFFFFFFFFFFFFFFFFFFFFFFD1
:10EF5000FFFFFFFFFFFFFFFFFFFFFFFFFFFFFFFFC1
:10EF6000FFFFFFFFFFFFFFFFFFFFFFFFFFFFFFFFB1
:10EF7000FFFFFFFFFFFFFFFFFFFFFFFFFFFFFFFFA1
:10EF8000FFFFFFFFFFFFFFFFFFFFFFFFFFFFFFFF91
:10EF9000FFFFFFFFFFFFFFFFFFFFFFFFFFFFFFFF81
:10EFA000FFFFFFFFFFFFFFFFFFFFFFFFFFFFFFFF71
:10EFB000FFFFFFFFFFFFFFFFFFFFFFFFFFFFFFFF61
:10EFC000FFFFFFFFFFFFFFFFFFFFFFFFFFFFFFFF51
:10EFD000FFFFFFFFFFFFFFFFFFFFFFFFFFFFFFFF41
:10EFE000FFFFFFFFFFFFFFFFFFFFFFFFFFFFFFFF31
:10EFF000FFFFFFFFFFFFFFFFFFFFFFFFFFFFFFFF21
:10F00000FFFFFFFFFFFFFFFFFFFFFFFFFFFFFFFF10
:10F01000FFFFFFFFFFFFFFFFFFFFFFFFFFFFFFFF00
:10F02000FFFFFFFFFFFFFFFFFFFFFFFFFFFFFFFFF0
:10F03000FFFFFFFFFFFFFFFFFFFFFFFFFFFFFFFFE0
:10F04000FFFFFFFFFFFFFFFFFFFFFFFFFFFFFFFFD0
:10F05000FFFFFFFFFFFFFFFFFFFFFFFFFFFFFFFFC0
:10F06000FFFFFFFFFFFFFFFFFFFFFFFFFFFFFFFFB0
:10F07000FFFFFFFFFFFFFFFFFFFFFFFFFFFFFFFFA0
:10F08000FFFFFFFFFFFFFFFFFFFFFFFFFFFFFFFF90
:10F09000FFFFFFFFFFFFFFFFFFFFFFFFFFFFFFFF80
:10F0A000FFFFFFFFFFFFFFFFFFFFFFFFFFFFFFFF70
:10F0B000FFFFFFFFFFFFFFFFFFFFFFFFFFFFFFFF60
:10F0C000FFFFFFFFFFFFFFFFFFFFFFFFFFFFFFFF50
:10F0D000FFFFFFFFFFFFFFFFFFFFFFFFFFFFFFFF40
:10F0E000FFFFFFFFFFFFFFFFFFFFFFFFFFFFFFFF30
:10F0F000FFFFFFFFFFFFFFFFFFFFFFFFFFFFFFFF20
:10F10000FFFFFFFFFFFFFFFFFFFFFFFFFFFFFFFF0F
:10F11000FFFFFFFFFFFFFFFFFFFFFFFFFFFFFFFFFF
:10F12000FFFFFFFFFFFFFFFFFFFFFFFFFFFFFFFFEF
:10F13000FFFFFFFFFFFFFFFFFFFFFFFFFFFFFFFFDF
:10F14000FFFFFFFFFFFFFFFFFFFFFFFFFFFFFFFFCF
:10F15000FFFFFFFFFFFFFFFFFFFFFFFFFFFFFFFFBF
:10F16000FFFFFFFFFFFFFFFFFFFFFFFFFFFFFFFFAF
:10F17000FFFFFFFFFFFFFFFFFFFFFFFFFFFFFFFF9F
:10F18000FFFFFFFFFFFFFFFFFFFFFFFFFFFFFFFF8F
:10F19000FFFFFFFFFFFFFFFFFFFFFFFFFFFFFFFF7F
:10F1A000FFFFFFFFFFFFFFFFFFFFFFFFFFFFFFFF6F
:10F1B000FFFFFFFFFFFFFFFFFFFFFFFFFFFFFFFF5F
:10F1C000FFFFFFFFFFFFFFFFFFFFFFFFFFFFFFFF4F
:10F1D000FFFFFFFFFFFFFFFFFFFFFFFFFFFFFFFF3F
:10F1E000FFFFFFFFFFFFFFFFFFFFFFFFFFFFFFFF2F
:10F1F000FFFFFFFFFFFFFFFFFFFFFFFFFFFFFFFF1F
:10F20000FFFFFFFFFFFFFFFFFFFFFFFFFFFFFFFF0E
:10F21000FFFFFFFFFFFFFFFFFFFFFFFFFFFFFFFFFE
:10F22000FFFFFFFFFFFFFFFFFFFFFFFFFFFFFFFFEE
:10F23000FFFFFFFFFFFFFFFFFFFFFFFFFFFFFFFFDE
:10F24000FFFFFFFFFFFFFFFFFFFFFFFFFFFFFFFFCE
:10F25000FFFFFFFFFFFFFFFFFFFFFFFFFFFFFFFFBE
:10F26000FFFFFFFFFFFFFFFFFFFFFFFFFFFFFFFFAE
:10F27000FFFFFFFFFFFFFFFFFFFFFFFFFFFFFFFF9E
:10F28000FFFFFFFFFFFFFFFFFFFFFFFFFFFFFFFF8E
:10F29000FFFFFFFFFFFFFFFFFFFFFFFFFFFFFFFF7E
:10F2A000FFFFFFFFFFFFFFFFFFFFFFFFFFFFFFFF6E
:10F2B000FFFFFFFFFFFFFFFFFFFFFFFFFFFFFFFF5E
:10F2C000FFFFFFFFFFFFFFFFFFFFFFFFFFFFFFFF4E
:10F2D000FFFFFFFFFFFFFFFFFFFFFFFFFFFFFFFF3E
:10F2E000FFFFFFFFFFFFFFFFFFFFFFFFFFFFFFFF2E
:10F2F000FFFFFFFFFFFFFFFFFFFFFFFFFFFFFFFF1E
:10F30000FFFFFFFFFFFFFFFFFFFFFFFFFFFFFFFF0D
:10F31000FFFFFFFFFFFFFFFFFFFFFFFFFFFFFFFFFD
:10F32000FFFFFFFFFFFFFFFFFFFFFFFFFFFFFFFFED
:10F33000FFFFFFFFFFFFFFFFFFFFFFFFFFFFFFFFDD
:10F34000FFFFFFFFFFFFFFFFFFFFFFFFFFFFFFFFCD
:10F35000FFFFFFFFFFFFFFFFFFFFFFFFFFFFFFFFBD
:10F36000FFFFFFFFFFFFFFFFFFFFFFFFFFFFFFFFAD
:10F37000FFFFFFFFFFFFFFFFFFFFFFFFFFFFFFFF9D
:10F38000FFFFFFFFFFFFFFFFFFFFFFFFFFFFFFFF8D
:10F39000FFFFFFFFFFFFFFFFFFFFFFFFFFFFFFFF7D
:10F3A000FFFFFFFFFFFFFFFFFFFFFFFFFFFFFFFF6D
:10F3B000FFFFFFFFFFFFFFFFFFFFFFFFFFFFFFFF5D
:10F3C000FFFFFFFFFFFFFFFFFFFFFFFFFFFFFFFF4D
:10F3D000FFFFFFFFFFFFFFFFFFFFFFFFFFFFFFFF3D
:10F3E000FFFFFFFFFFFFFFFFFFFFFFFFFFFFFFFF2D
:10F3F000FFFFFFFFFFFFFFFFFFFFFFFFFFFFFFFF1D
:10F40000FFFFFFFFFFFFFFFFFFFFFFFFFFFFFFFF0C
:10F41000FFFFFFFFFFFFFFFFFFFFFFFFFFFFFFFFFC
:10F42000FFFFFFFFFFFFFFFFFFFFFFFFFFFFFFFFEC
:10F43000FFFFFFFFFFFFFFFFFFFFFFFFFFFFFFFFDC
:10F44000FFFFFFFFFFFFFFFFFFFFFFFFFFFFFFFFCC
:10F45000FFFFFFFFFFFFFFFFFFFFFFFFFFFFFFFFBC
:10F46000FFFFFFFFFFFFFFFFFFFFFFFFFFFFFFFFAC
:10F47000FFFFFFFFFFFFFFFFFFFFFFFFFFFFFFFF9C
:10F48000FFFFFFFFFFFFFFFFFFFFFFFFFFFFFFFF8C
:10F49000FFFFFFFFFFFFFFFFFFFFFFFFFFFFFFFF7C
:10F4A000FFFFFFFFFFFFFFFFFFFFFFFFFFFFFFFF6C
:10F4B000FFFFFFFFFFFFFFFFFFFFFFFFFFFFFFFF5C
:10F4C000FFFFFFFFFFFFFFFFFFFFFFFFFFFFFFFF4C
:10F4D000FFFFFFFFFFFFFFFFFFFFFFFFFFFFFFFF3C
:10F4E000FFFFFFFFFFFFFFFFFFFFFFFFFFFFFFFF2C
:10F4F000FFFFFFFFFFFFFFFFFFFFFFFFFFFFFFFF1C
:10F50000FFFFFFFFFFFFFFFFFFFFFFFFFFFFFFFF0B
:10F51000FFFFFFFFFFFFFFFFFFFFFFFFFFFFFFFFFB
:10F52000FFFFFFFFFFFFFFFFFFFFFFFFFFFFFFFFEB
:10F53000FFFFFFFFFFFFFFFFFFFFFFFFFFFFFFFFDB
:10F54000FFFFFFFFFFFFFFFFFFFFFFFFFFFFFFFFCB
:10F55000FFFFFFFFFFFFFFFFFFFFFFFFFFFFFFFFBB
:10F56000FFFFFFFFFFFFFFFFFFFFFFFFFFFFFFFFAB
:10F57000FFFFFFFFFFFFFFFFFFFFFFFFFFFFFFFF9B
:10F58000FFFFFFFFFFFFFFFFFFFFFFFFFFFFFFFF8B
:10F59000FFFFFFFFFFFFFFFFFFFFFFFFFFFFFFFF7B
:10F5A000FFFFFFFFFFFFFFFFFFFFFFFFFFFFFFFF6B
:10F5B000FFFFFFFFFFFFFFFFFFFFFFFFFFFFFFFF5B
:10F5C000FFFFFFFFFFFFFFFFFFFFFFFFFFFFFFFF4B
:10F5D000FFFFFFFFFFFFFFFFFFFFFFFFFFFFFFFF3B
:10F5E000FFFFFFFFFFFFFFFFFFFFFFFFFFFFFFFF2B
:10F5F000FFFFFFFFFFFFFFFFFFFFFFFFFFFFFFFF1B
:10F60000FFFFFFFFFFFFFFFFFFFFFFFFFFFFFFFF0A
:10F61000FFFFFFFFFFFFFFFFFFFFFFFFFFFFFFFFFA
:10F62000FFFFFFFFFFFFFFFFFFFFFFFFFFFFFFFFEA
:10F63000FFFFFFFFFFFFFFFFFFFFFFFFFFFFFFFFDA
:10F64000FFFFFFFFFFFFFFFFFFFFFFFFFFFFFFFFCA
:10F65000FFFFFFFFFFFFFFFFFFFFFFFFFFFFFFFFBA
:10F66000FFFFFFFFFFFFFFFFFFFFFFFFFFFFFFFFAA
:10F67000FFFFFFFFFFFFFFFFFFFFFFFFFFFFFFFF9A
:10F68000FFFFFFFFFFFFFFFFFFFFFFFFFFFFFFFF8A
:10F69000FFFFFFFFFFFFFFFFFFFFFFFFFFFFFFFF7A
:10F6A000FFFFFFFFFFFFFFFFFFFFFFFFFFFFFFFF6A
:10F6B000FFFFFFFFFFFFFFFFFFFFFFFFFFFFFFFF5A
:10F6C000FFFFFFFFFFFFFFFFFFFFFFFFFFFFFFFF4A
:10F6D000FFFFFFFFFFFFFFFFFFFFFFFFFFFFFFFF3A
:10F6E000FFFFFFFFFFFFFFFFFFFFFFFFFFFFFFFF2A
:10F6F000FFFFFFFFFFFFFFFFFFFFFFFFFFFFFFFF1A
:10F70000FFFFFFFFFFFFFFFFFFFFFFFFFFFFFFFF09
:10F71000FFFFFFFFFFFFFFFFFFFFFFFFFFFFFFFFF9
:10F72000FFFFFFFFFFFFFFFFFFFFFFFFFFFFFFFFE9
:10F73000FFFFFFFFFFFFFFFFFFFFFFFFFFFFFFFFD9
:10F74000FFFFFFFFFFFFFFFFFFFFFFFFFFFFFFFFC9
:10F75000FFFFFFFFFFFFFFFFFFFFFFFFFFFFFFFFB9
:10F76000FFFFFFFFFFFFFFFFFFFFFFFFFFFFFFFFA9
:10F77000FFFFFFFFFFFFFFFFFFFFFFFFFFFFFFFF99
:10F78000FFFFFFFFFFFFFFFFFFFFFFFFFFFFFFFF89
:10F79000FFFFFFFFFFFFFFFFFFFFFFFFFFFFFFFF79
:10F7A000FFFFFFFFFFFFFFFFFFFFFFFFFFFFFFFF69
:10F7B000FFFFFFFFFFFFFFFFFFFFFFFFFFFFFFFF59
:10F7C000FFFFFFFFFFFFFFFFFFFFFFFFFFFFFFFF49
:10F7D000FFFFFFFFFFFFFFFFFFFFFFFFFFFFFFFF39
:10F7E000FFFFFFFFFFFFFFFFFFFFFFFFFFFFFFFF29
:10F7F000FFFFFFFFFFFFFFFFFFFFFFFFFFFFFFFF19
:10F80000FFFFFFFFFFFFFFFFFFFFFFFFFFFFFFFF08
:10F81000FFFFFFFFFFFFFFFFFFFFFFFFFFFFFFFFF8
:10F82000FFFFFFFFFFFFFFFFFFFFFFFFFFFFFFFFE8
:10F83000FFFFFFFFFFFFFFFFFFFFFFFFFFFFFFFFD8
:10F84000FFFFFFFFFFFFFFFFFFFFFFFFFFFFFFFFC8
:10F85000FFFFFFFFFFFFFFFFFFFFFFFFFFFFFFFFB8
:10F86000FFFFFFFFFFFFFFFFFFFFFFFFFFFFFFFFA8
:10F87000FFFFFFFFFFFFFFFFFFFFFFFFFFFFFFFF98
:10F88000FFFFFFFFFFFFFFFFFFFFFFFFFFFFFFFF88
:10F89000FFFFFFFFFFFFFFFFFFFFFFFFFFFFFFFF78
:10F8A000FFFFFFFFFFFFFFFFFFFFFFFFFFFFFFFF68
:10F8B000FFFFFFFFFFFFFFFFFFFFFFFFFFFFFFFF58
:10F8C000FFFFFFFFFFFFFFFFFFFFFFFFFFFFFFFF48
:10F8D000FFFFFFFFFFFFFFFFFFFFFFFFFFFFFFFF38
:10F8E000FFFFFFFFFFFFFFFFFFFFFFFFFFFFFFFF28
:10F8F000FFFFFFFFFFFFFFFFFFFFFFFFFFFFFFFF18
:10F90000FFFFFFFFFFFFFFFFFFFFFFFFFFFFFFFF07
:10F91000FFFFFFFFFFFFFFFFFFFFFFFFFFFFFFFFF7
:10F92000FFFFFFFFFFFFFFFFFFFFFFFFFFFFFFFFE7
:10F93000FFFFFFFFFFFFFFFFFFFFFFFFFFFFFFFFD7
:10F94000FFFFFFFFFFFFFFFFFFFFFFFFFFFFFFFFC7
:10F95000FFFFFFFFFFFFFFFFFFFFFFFFFFFFFFFFB7
:10F96000FFFFFFFFFFFFFFFFFFFFFFFFFFFFFFFFA7
:10F97000FFFFFFFFFFFFFFFFFFFFFFFFFFFFFFFF97
:10F98000FFFFFFFFFFFFFFFFFFFFFFFFFFFFFFFF87
:10F99000FFFFFFFFFFFFFFFFFFFFFFFFFFFFFFFF77
:10F9A000FFFFFFFFFFFFFFFFFFFFFFFFFFFFFFFF67
:10F9B000FFFFFFFFFFFFFFFFFFFFFFFFFFFFFFFF57
:10F9C000FFFFFFFFFFFFFFFFFFFFFFFFFFFFFFFF47
:10F9D000FFFFFFFFFFFFFFFFFFFFFFFFFFFFFFFF37
:10F9E000FFFFFFFFFFFFFFFFFFFFFFFFFFFFFFFF27
:10F9F000FFFFFFFFFFFFFFFFFFFFFFFFFFFFFFFF17
:10FA0000FFFFFFFFFFFFFFFFFFFFFFFFFFFFFFFF06
:10FA1000FFFFFFFFFFFFFFFFFFFFFFFFFFFFFFFFF6
:10FA2000FFFFFFFFFFFFFFFFFFFFFFFFFFFFFFFFE6
:10FA3000FFFFFFFFFFFFFFFFFFFFFFFFFFFFFFFFD6
:10FA4000FFFFFFFFFFFFFFFFFFFFFFFFFFFFFFFFC6
:10FA5000FFFFFFFFFFFFFFFFFFFFFFFFFFFFFFFFB6
:10FA6000FFFFFFFFFFFFFFFFFFFFFFFFFFFFFFFFA6
:10FA7000FFFFFFFFFFFFFFFFFFFFFFFFFFFFFFFF96
:10FA8000FFFFFFFFFFFFFFFFFFFFFFFFFFFFFFFF86
:10FA9000FFFFFFFFFFFFFFFFFFFFFFFFFFFFFFFF76
:10FAA000FFFFFFFFFFFFFFFFFFFFFFFFFFFFFFFF66
:10FAB000FFFFFFFFFFFFFFFFFFFFFFFFFFFFFFFF56
:10FAC000FFFFFFFFFFFFFFFFFFFFFFFFFFFFFFFF46
:10FAD000FFFFFFFFFFFFFFFFFFFFFFFFFFFFFFFF36
:10FAE000FFFFFFFFFFFFFFFFFFFFFFFFFFFFFFFF26
:10FAF000FFFFFFFFFFFFFFFFFFFFFFFFFFFFFFFF16
:10FB0000FFFFFFFFFFFFFFFFFFFFFFFFFFFFFFFF05
:10FB1000FFFFFFFFFFFFFFFFFFFFFFFFFFFFFFFFF5
:10FB2000FFFFFFFFFFFFFFFFFFFFFFFFFFFFFFFFE5
:10FB3000FFFFFFFFFFFFFFFFFFFFFFFFFFFFFFFFD5
:10FB4000FFFFFFFFFFFFFFFFFFFFFFFFFFFFFFFFC5
:10FB5000FFFFFFFFFFFFFFFFFFFFFFFFFFFFFFFFB5
:10FB6000FFFFFFFFFFFFFFFFFFFFFFFFFFFFFFFFA5
:10FB7000FFFFFFFFFFFFFFFFFFFFFFFFFFFFFFFF95
:10FB8000FFFFFFFFFFFFFFFFFFFFFFFFFFFFFFFF85
:10FB9000FFFFFFFFFFFFFFFFFFFFFFFFFFFFFFFF75
:10FBA000FFFFFFFFFFFFFFFFFFFFFFFFFFFFFFFF65
:10FBB000FFFFFFFFFFFFFFFFFFFFFFFFFFFFFFFF55
:10FBC000FFFFFFFFFFFFFFFFFFFFFFFFFFFFFFFF45
:10FBD000FFFFFFFFFFFFFFFFFFFFFFFFFFFFFFFF35
:10FBE000FFFFFFFFFFFFFFFFFFFFFFFFFFFFFFFF25
:10FBF000FFFFFFFFFFFFFFFFFFFFFFFFFFFFFFFF15
:10FC0000FFFFFFFFFFFFFFFFFFFFFFFFFFFFFFFF04
:10FC1000FFFFFFFFFFFFFFFFFFFFFFFFFFFFFFFFF4
:10FC2000FFFFFFFFFFFFFFFFFFFFFFFFFFFFFFFFE4
:10FC3000FFFFFFFFFFFFFFFFFFFFFFFFFFFFFFFFD4
:10FC4000FFFFFFFFFFFFFFFFFFFFFFFFFFFFFFFFC4
:10FC5000FFFFFFFFFFFFFFFFFFFFFFFFFFFFFFFFB4
:10FC6000FFFFFFFFFFFFFFFFFFFFFFFFFFFFFFFFA4
:10FC7000FFFFFFFFFFFFFFFFFFFFFFFFFFFFFFFF94
:10FC8000FFFFFFFFFFFFFFFFFFFFFFFFFFFFFFFF84
:10FC9000FFFFFFFFFFFFFFFFFFFFFFFFFFFFFFFF74
:10FCA000FFFFFFFFFFFFFFFFFFFFFFFFFFFFFFFF64
:10FCB000FFFFFFFFFFFFFFFFFFFFFFFFFFFFFFFF54
:10FCC000FFFFFFFFFFFFFFFFFFFFFFFFFFFFFFFF44
:10FCD000FFFFFFFFFFFFFFFFFFFFFFFFFFFFFFFF34
:10FCE000FFFFFFFFFFFFFFFFFFFFFFFFFFFFFFFF24
:10FCF000FFFFFFFFFFFFFFFFFFFFFFFFFFFFFFFF14
:10FD0000FFFFFFFFFFFFFFFFFFFFFFFFFFFFFFFF03
:10FD1000FFFFFFFFFFFFFFFFFFFFFFFFFFFFFFFFF3
:10FD2000FFFFFFFFFFFFFFFFFFFFFFFFFFFFFFFFE3
:10FD3000FFFFFFFFFFFFFFFFFFFFFFFFFFFFFFFFD3
:10FD4000FFFFFFFFFFFFFFFFFFFFFFFFFFFFFFFFC3
:10FD5000FFFFFFFFFFFFFFFFFFFFFFFFFFFFFFFFB3
:10FD6000FFFFFFFFFFFFFFFFFFFFFFFFFFFFFFFFA3
:10FD7000FFFFFFFFFFFFFFFFFFFFFFFFFFFFFFFF93
:10FD8000FFFFFFFFFFFFFFFFFFFFFFFFFFFFFFFF83
:10FD9000FFFFFFFFFFFFFFFFFFFFFFFFFFFFFFFF73
:10FDA000FFFFFFFFFFFFFFFFFFFFFFFFFFFFFFFF63
:10FDB000FFFFFFFFFFFFFFFFFFFFFFFFFFFFFFFF53
:10FDC000FFFFFFFFFFFFFFFFFFFFFFFFFFFFFFFF43
:10FDD000FFFFFFFFFFFFFFFFFFFFFFFFFFFFFFFF33
:10FDE000FFFFFFFFFFFFFFFFFFFFFFFFFFFFFFFF23
:10FDF000FFFFFFFFFFFFFFFFFFFFFFFFFFFFFFFF13
:10FE0000FFFFFFFFFFFFFFFFFFFFFFFFFFFFFFFF02
:10FE1000FFFFFFFFFFFFFFFFFFFFFFFFFFFFFFFFF2
:10FE2000FFFFFFFFFFFFFFFFFFFFFFFFFFFFFFFFE2
:10FE3000FFFFFFFFFFFFFFFFFFFFFFFFFFFFFFFFD2
:10FE4000FFFFFFFFFFFFFFFFFFFFFFFFFFFFFFFFC2
:10FE5000FFFFFFFFFFFFFFFFFFFFFFFFFFFFFFFFB2
:10FE6000FFFFFFFFFFFFFFFFFFFFFFFFFFFFFFFFA2
:10FE7000FFFFFFFFFFFFFFFFFFFFFFFFFFFFFFFF92
:10FE8000FFFFFFFFFFFFFFFFFFFFFFFFFFFFFFFF82
:10FE9000FFFFFFFFFFFFFFFFFFFFFFFFFFFFFFFF72
:10FEA000FFFFFFFFFFFFFFFFFFFFFFFFFFFFFFFF62
:10FEB000FFFFFFFFFFFFFFFFFFFFFFFFFFFFFFFF52
:10FEC000FFFFFFFFFFFFFFFFFFFFFFFFFFFFFFFF42
:10FED000FFFFFFFFFFFFFFFFFFFFFFFFFFFFFFFF32
:10FEE000FFFFFFFFFFFFFFFFFFFFFFFFFFFFFFFF22
:10FEF000FFFFFFFFFFFFFFFFFFFFFFFFFFFFFFFF12
:10FF0000FFFFFFFFFFFFFFFFFFFFFFFFFFFFFFFF01
:10FF1000FFFFFFFFFFFFFFFFFFFFFFFFFFFFFFFFF1
:10FF2000FFFFFFFFFFFFFFFFFFFFFFFFFFFFFFFFE1
:10FF3000FFFFFFFFFFFFFFFFFFFFFFFFFFFFFFFFD1
:10FF4000FFFFFFFFFFFFFFFFFFFFFFFFFFFFFFFFC1
:10FF5000FFFFFFFFFFFFFFFFFFFFFFFFFFFFFFFFB1
:10FF6000FFFFFFFFFFFFFFFFFFFFFFFFFFFFFFFFA1
:10FF7000FFFFFFFFFFFFFFFFFFFFFFFFFFFFFFFF91
:10FF8000FFFFFFFFFFFFFFFFFFFFFFFFFFFFFFFF81
:10FF9000FFFFFFFFFFFFFFFFFFFFFFFFFFFFFFFF71
:10FFA000FFFFFFFFFFFFFFFFFFFFFFFFFFFFFFFF61
:10FFB000FFFFFFFFFFFFFFFFFFFFFFFFFFFFFFFF51
:10FFC000FFFFFFFFFFFFFFFFFFFFFFFFFFFFFFFF41
:10FFD000FFFFFFFFFFFFFFFFFFFFFFFFFFFFFFFF31
:10FFE000FFFFFFFFFFFFFFFFFFFFFFFFFFFFFFFF21
:10FFF000FFFFFFFFFFFFFFFFFFFFFFFFFFFFFFFF11
:00000001FF
